date,settle,isin,instrument,kind,coupon,maturity,method,new,issue_volume,allotted,retained,price,yield_pub,yield_calc,interest_start,proceeds,accrued,redemption,cost,cost_low,cost_high,cost_fixed,status,gov,row
1999-01-06,1999-01-08,DE0001135101,Bund,fixed,0.0375,2009-01-04,Auk,True,8000.0,7262.75,737.25,100.34,3.71,3.71,1999-01-04,7290.43,2.98,7262.75,2695.85,2695.85,2695.85,2695.85,calc,schroeder,12
1999-01-07,1999-01-11,DE0001141281,Bobl,fixed,0.0375,2003-08-26,EB,False,1000.0,0.0,1000.0,,,,1998-08-26,,,,,,,,none,schroeder,13
1999-01-08,1999-01-12,DE0001135085,Bund,fixed,0.0475,2028-07-04,EB,False,1000.0,0.0,1000.0,,,,1998-07-04,,,,,,,,none,schroeder,14
1999-01-13,1999-01-15,DE0001114296,Bubill,zero,0.0,1999-07-16,Auk,True,5000.0,4869.0,0.0,98.553,2.9023,2.904,,4798.55,0.0,4869.0,70.45,70.45,70.45,70.45,calc,schroeder,15
1999-01-20,1999-01-22,DE0001135085,Bund,fixed,0.0475,2028-07-04,Auk,False,4987.08,4396.0,591.08,101.51,4.65,4.65,1998-07-04,4577.94,115.56,4396.0,6082.36,6082.36,6082.36,6082.36,calc,schroeder,16
1999-01-25,1999-01-27,DE0001136844,Schatz,fixed,0.03,2000-12-15,EB,False,1000.0,0.0,1000.0,,,,1998-12-15,,,,,,,,none,schroeder,17
1999-01-27,1999-01-29,DE0001135101,Bund,fixed,0.0375,2009-01-04,Auk,False,5000.0,4545.75,454.25,100.71,3.66,3.66,1999-01-04,4589.7,11.68,4545.75,1660.71,1660.71,1660.71,1660.71,calc,schroeder,18
1999-02-17,1999-02-19,DE0001141299,Bobl,fixed,0.035,2003-11-11,Auk,True,5000.0,4461.8,507.8,100.57,3.36,3.36,1998-11-11,4530.02,42.78,4461.8,712.6,712.6,712.6,712.6,calc,schroeder,19
1999-03-11,1999-03-15,DE0001135101,Bund,fixed,0.0375,2009-01-04,EB,False,1000.0,0.0,1000.0,,,,1999-01-04,,,,,,,,none,schroeder,20
1999-03-17,1999-03-19,DE0001136851,Schatz,fixed,0.03,2001-03-16,Auk,True,5000.0,4063.4,936.6,100.14,2.93,2.93,1999-03-16,4070.09,1.0,4063.4,237.12,237.12,237.12,237.12,calc,schroeder,21
1999-03-24,1999-03-26,DE0001135119,Bund,fixed,0.04,2009-07-04,Auk,True,5000.0,4022.4,977.6,100.17,3.98,3.98,1999-03-26,4029.24,0.0,4022.4,1646.2,1646.2,1646.2,1646.2,calc,schroeder,22
1999-04-14,1999-04-16,DE0001114304,Bubill,zero,0.0,1999-10-15,Auk,True,5000.0,5033.0,0.0,98.767,2.4661,2.469,,4970.94,0.0,5033.0,62.06,62.06,62.06,62.06,calc,schroeder,23
1999-04-28,1999-04-30,DE0001135119,Bund,fixed,0.04,2009-07-04,Auk,False,5000.0,4256.5,743.5,101.11,3.86,3.86,1999-03-26,4320.07,16.33,4256.5,1685.67,1685.67,1685.67,1685.67,calc,schroeder,24
1999-05-19,1999-05-21,DE0001141307,Bobl,fixed,0.0325,2004-02-17,Auk,True,7000.0,5681.6,1568.42,99.72,3.31,3.31,1999-02-17,5712.74,47.05,5681.6,892.12,892.12,892.12,892.12,calc,schroeder,25
1999-06-11,1999-06-15,DE0001135119,Bund,fixed,0.04,2009-07-04,EB,False,1000.0,0.0,1000.0,,,,1999-03-26,,,,,,,,none,schroeder,26
1999-06-16,1999-06-18,DE0001136869,Schatz,fixed,0.03,2001-06-15,Auk,True,5000.0,4754.3,245.7,100.02,2.99,2.99,1999-06-15,4756.42,1.17,4754.3,283.14,283.14,283.14,283.14,calc,schroeder,27
1999-07-07,1999-07-09,DE0001135127,Bund,fixed,0.045,2009-07-04,Auk,True,9000.0,8166.4,833.6,98.25,4.72,4.72,1999-07-04,8028.51,5.02,8166.4,3812.77,3812.77,3812.77,3812.77,calc,schroeder,28
1999-07-14,1999-07-16,DE0001114312,Bubill,zero,0.0,2000-01-14,Auk,True,5000.0,4933.0,0.0,98.756,2.4884,2.492,1999-07-16,4871.63,0.0,4933.0,61.37,61.37,61.37,61.37,calc,schroeder,29
1999-07-21,1999-07-23,DE0001135127,Bund,fixed,0.045,2009-07-04,Auk,False,5000.0,4087.75,912.25,98.8,4.65,4.65,1999-07-04,4048.25,9.55,4087.75,1878.99,1878.99,1878.99,1878.99,calc,schroeder,30
1999-07-28,1999-07-30,DE0001135127,Bund,fixed,0.045,2009-07-04,Auk,False,6000.0,3963.4,2036.6,98.75,4.66,4.66,1999-07-04,3926.53,12.67,3963.4,1820.4,1820.4,1820.4,1820.4,calc,schroeder,31
1999-08-25,1999-08-27,DE0001141323,Bobl,fixed,0.04125,2004-08-27,Auk,True,5000.0,3853.8,1146.2,100.02,4.12,4.12,1999-08-27,3854.57,0.0,3853.8,794.08,794.08,794.08,794.08,calc,schroeder,32
1999-09-15,1999-09-17,DE0001136877,Schatz,fixed,0.035,2001-09-14,Auk,True,5000.0,4179.6,820.4,99.65,3.69,3.69,1999-09-14,4166.17,1.2,4179.6,306.0,306.0,306.0,306.0,calc,schroeder,33
1999-10-13,1999-10-15,DE0001114320,Bubill,zero,0.0,2000-04-14,Auk,True,5000.0,4962.0,0.0,98.487,3.0364,3.039,1999-10-15,4886.92,0.0,4962.0,75.08,75.08,75.08,75.08,calc,schroeder,34
1999-10-20,1999-10-22,DE0001135135,Bund,fixed,0.05375,2010-01-04,Auk,True,5000.0,4571.0,429.0,99.61,5.42,5.42,1999-10-22,4553.17,0.0,4571.0,2524.55,2524.55,2524.55,2524.55,calc,schroeder,35
1999-11-17,1999-11-19,DE0001141331,Bobl,fixed,0.0425,2004-11-26,Auk,True,5000.0,4045.0,1281.19,99.13,4.44,4.44,1999-08-25,4050.31,40.51,4045.0,898.05,898.05,898.05,898.05,calc,schroeder,36
1999-11-24,1999-11-26,DE0001135135,Bund,fixed,0.05375,2010-01-04,Auk,False,6000.0,4417.0,1583.0,101.93,5.12,5.12,1999-10-22,4525.01,22.77,4417.0,2314.26,2314.26,2314.26,2314.26,calc,schroeder,37
1999-12-15,1999-12-17,DE0001136885,Schatz,fixed,0.04,2001-12-14,Auk,True,5000.0,4273.0,727.0,99.86,4.07,4.07,1999-12-14,4268.42,1.4,4273.0,346.42,346.42,346.42,346.42,calc,schroeder,38
2000-01-05,2000-01-07,DE0001135135,Bund,fixed,0.05375,2010-01-04,Auk,False,9000.0,5881.0,3119.0,99.02,5.5,5.5,1999-10-22,5890.04,66.68,5881.0,3216.08,3216.08,3216.08,3216.08,calc,schroeder,39
2000-01-12,2000-01-14,DE0001114338,Bubill,zero,0.0,2000-07-14,Auk,True,5000.0,4811.0,0.0,98.304,3.4124,3.413,,4729.41,0.0,4811.0,81.59,81.59,81.59,81.59,calc,schroeder,40
2000-01-19,2000-01-21,DE0001135143,Bund,fixed,0.0625,2030-01-04,Auk,True,5000.0,2567.0,2433.0,100.06,6.24,6.24,2000-01-04,2575.99,7.45,2567.0,4804.13,4804.13,4804.13,4804.13,calc,schroeder,41
2000-02-16,2000-02-18,DE0001141349,Bobl,fixed,0.0425,2005-02-18,Auk,True,6000.0,4745.0,948.72,95.86,5.2,5.2,1999-11-17,4599.94,51.38,4745.0,1204.76,1204.76,1204.76,1204.76,calc,schroeder,42
2000-03-15,2000-03-17,DE0001136893,Schatz,fixed,0.045,2002-03-15,Auk,True,5000.0,4476.5,523.5,99.96,4.52,4.52,2000-03-15,4475.81,1.1,4476.5,403.57,403.57,403.57,403.57,calc,schroeder,43
2000-03-23,2000-03-27,DE0001135143,Bund,fixed,0.0625,2030-01-04,EB,False,2000.0,0.0,2000.0,,,,2000-01-04,,,,,,,,none,schroeder,44
2000-04-12,2000-04-14,DE0001114346,Bubill,zero,0.0,2000-10-13,Auk,True,5000.0,5125.0,0.0,98.043,3.946,3.948,,5024.7,0.0,5125.0,100.3,100.3,100.3,100.3,calc,schroeder,45
2000-04-12,2000-04-14,DE0001136893,Schatz,fixed,0.045,2002-03-15,EB,False,1000.0,0.0,1000.0,,,,2000-03-15,,,,,,,,none,schroeder,46
2000-04-12,2000-04-14,DE0001141349,Bobl,fixed,0.0425,2005-02-18,EB,False,1000.0,0.0,1000.0,,,,1999-11-17,,,,,,,,none,schroeder,47
2000-05-03,2000-05-05,DE0001135150,Bund,fixed,0.0525,2010-07-04,Auk,True,8000.0,6309.0,1691.0,99.29,5.34,5.34,2000-05-05,6264.21,0.0,6309.0,3411.32,3411.32,3411.32,3411.32,calc,schroeder,48
2000-05-17,2000-05-19,DE0001141356,Bobl,fixed,0.05,2005-05-20,Auk,True,6000.0,4773.2,542.46,98.85,5.25,5.25,2000-02-16,4778.95,60.64,4773.2,1248.84,1248.84,1248.84,1248.84,calc,schroeder,49
2000-06-14,2000-06-16,DE0001136901,Schatz,fixed,0.05,2002-06-14,Auk,True,5000.0,4400.0,600.0,100.25,4.87,4.87,2000-06-14,4412.21,1.21,4400.0,427.79,427.79,427.79,427.79,calc,schroeder,50
2000-07-05,2000-07-07,DE0001135150,Bund,fixed,0.0525,2010-07-04,Auk,False,10000.0,8123.0,1877.0,99.73,5.28,5.28,2000-05-05,8174.48,73.42,8123.0,4283.0,4283.0,4283.0,4283.0,calc,schroeder,51
2000-07-12,2000-07-14,DE0001114353,Bubill,zero,0.0,2001-01-12,Auk,True,5000.0,4873.0,0.0,97.727,4.5989,4.601,2000-07-14,4762.24,0.0,4873.0,110.76,110.76,110.76,110.76,calc,schroeder,52
2000-08-15,2000-08-17,DE0001135143,Bund,fixed,0.0625,2030-01-04,EB,False,2000.0,0.0,2000.0,,,,2000-01-04,,,,,,,,none,schroeder,53
2000-08-16,2000-08-18,DE0001141364,Bobl,fixed,0.05,2005-08-19,Auk,True,6000.0,5414.0,321.52,99.14,5.18,5.18,2000-05-17,5436.22,68.78,5414.0,1400.8,1400.8,1400.8,1400.8,calc,schroeder,54
2000-09-13,2000-09-15,DE0001136919,Schatz,fixed,0.05,2002-09-13,Auk,True,5000.0,4723.0,277.0,99.75,5.13,5.13,2000-09-13,4712.49,1.29,4723.0,482.81,482.81,482.81,482.81,calc,schroeder,55
2000-09-14,2000-09-18,DE0001135150,Bund,fixed,0.0525,2010-07-04,EB,False,2000.0,0.0,2000.0,,,,2000-05-05,,,,,,,,none,schroeder,56
2000-09-14,2000-09-18,DE0001141364,Bobl,fixed,0.05,2005-08-19,EB,False,1000.0,0.0,1000.0,,,,2000-05-17,,,,,,,,none,schroeder,57
2000-10-11,2000-10-13,DE0001114361,Bubill,zero,0.0,2001-04-20,Auk,True,5000.0,4861.0,0.0,97.504,4.8748,4.876,2000-10-13,4739.67,0.0,4861.0,121.33,121.33,121.33,121.33,calc,schroeder,58
2000-10-18,2000-10-20,DE0001135168,Bund,fixed,0.0525,2011-01-04,Auk,True,10000.0,7891.7,2108.3,100.27,5.21,5.21,2000-10-20,7913.01,0.0,7891.7,4207.87,4207.87,4207.87,4207.87,calc,schroeder,59
2000-10-25,2000-10-27,DE0001135176,Bund,fixed,0.055,2031-01-04,Auk,True,5000.0,3951.0,1049.0,99.64,5.52,5.52,2000-10-27,3936.78,0.0,3951.0,6574.34,6574.34,6574.34,6574.34,calc,schroeder,60
2000-11-15,2000-11-17,DE0001141364,Bobl,fixed,0.05,2005-08-19,Auk,False,8000.0,6920.0,1080.0,99.85,5.02,5.02,2000-05-17,7083.8,174.18,6920.0,1655.06,1655.06,1655.06,1655.06,calc,schroeder,61
2000-12-13,2000-12-15,DE0001136927,Schatz,fixed,0.0475,2002-12-13,Auk,True,8000.0,6059.4,1940.6,100.07,4.71,4.71,2000-12-13,6065.22,1.58,6059.4,569.82,569.82,569.82,569.82,calc,schroeder,62
2000-12-20,2000-12-22,DE0001135168,Bund,fixed,0.0525,2011-01-04,Auk,False,5000.0,4469.2,530.8,103.37,4.81,4.81,2000-10-20,4660.2,40.39,4469.2,2204.05,2204.05,2204.05,2204.05,calc,schroeder,63
2001-01-03,2001-01-05,DE0001135168,Bund,fixed,0.0525,2011-01-04,Auk,False,8000.0,5722.5,2277.5,104.14,4.71,4.71,2000-10-20,6022.62,63.21,5722.5,2766.58,2766.58,2766.58,2766.58,calc,schroeder,64
2001-01-10,2001-01-12,DE0001114379,Bubill,zero,0.0,2001-07-13,Auk,True,5000.0,5052.0,0.0,97.772,4.5079,4.507,,4939.44,0.0,5052.0,112.56,112.56,112.56,112.56,calc,schroeder,65
2001-01-31,2001-02-02,DE0001135176,Bund,fixed,0.055,2031-01-04,Auk,False,5000.0,4378.0,622.0,102.71,5.31,5.31,2000-10-27,4561.17,64.53,4378.0,7085.92,7085.92,7085.92,7085.92,calc,schroeder,66
2001-02-14,2001-02-16,DE0001141372,Bobl,fixed,0.05,2006-02-17,Auk,True,7000.0,5538.8,502.2,102.0,4.52,4.52,2000-08-16,5788.8,139.23,5538.8,1274.68,1274.68,1274.68,1274.68,calc,schroeder,67
2001-02-23,2001-02-27,DE0001135176,Bund,fixed,0.055,2031-01-04,EB,False,1000.0,0.0,1000.0,,,,2000-10-27,,,,,,,,none,schroeder,68
2001-03-14,2001-03-16,DE0001136935,Schatz,fixed,0.0425,2003-03-14,Auk,True,10000.0,7741.0,2259.0,99.83,4.34,4.34,2001-03-14,7729.64,1.8,7741.0,669.34,669.34,669.34,669.34,calc,schroeder,69
2001-04-18,2001-04-20,DE0001114387,Bubill,zero,0.0,2001-10-19,Auk,True,8000.0,6765.0,0.0,97.722,4.6109,4.611,,6610.89,0.0,6765.0,154.11,154.11,154.11,154.11,calc,schroeder,70
2001-05-16,2001-05-18,DE0001141372,Bobl,fixed,0.05,2006-02-17,Auk,False,7000.0,4732.5,2267.5,101.37,4.64,4.65,2000-08-16,4975.29,177.95,4732.5,1059.94,1059.94,1059.94,1059.94,calc,schroeder,71
2001-05-23,2001-05-25,DE0001135184,Bund,fixed,0.05,2011-07-04,Auk,True,8000.0,6099.0,1901.0,98.88,5.14,5.14,2001-05-25,6030.69,0.0,6099.0,3151.23,3151.23,3151.23,3151.23,calc,schroeder,72
2001-06-13,2001-06-15,DE0001136943,Schatz,fixed,0.0425,2003-06-13,Auk,True,10000.0,8316.0,1684.0,99.86,4.33,4.32,2001-06-13,8306.29,1.94,8316.0,716.57,716.57,716.57,716.57,calc,schroeder,73
2001-07-04,2001-07-06,DE0001135184,Bund,fixed,0.05,2011-07-04,Auk,False,8000.0,5983.0,2017.0,99.11,5.11,5.11,2001-05-25,5964.17,34.42,5983.0,3043.11,3043.11,3043.11,3043.11,calc,schroeder,74
2001-07-11,2001-07-13,DE0001114395,Bubill,zero,0.0,2002-01-18,Auk,True,10000.0,9421.0,0.0,97.79,4.2999,4.305,2001-07-13,9212.8,0.0,9421.0,208.2,208.2,208.2,208.2,calc,schroeder,75
2001-08-22,2001-08-24,DE0001141380,Bobl,fixed,0.045,2006-08-18,Auk,True,7000.0,5062.25,955.69,100.88,4.28,4.28,2001-02-14,5226.0,119.21,5062.25,1090.71,1090.71,1090.71,1090.71,calc,schroeder,76
2001-09-12,2001-09-14,DE0001136950,Schatz,fixed,0.0375,2003-09-12,Auk,True,10000.0,7395.0,2605.0,100.18,3.65,3.65,2001-09-12,7409.83,1.52,7395.0,539.79,539.79,539.79,539.79,calc,schroeder,77
2001-09-19,2001-09-21,DE0001135184,Bund,fixed,0.05,2011-07-04,Auk,False,8000.0,6325.0,1675.0,101.31,4.82,4.82,2001-05-25,6510.96,103.11,6325.0,3011.19,3011.19,3011.19,3011.19,calc,schroeder,78
2001-10-17,2001-10-19,DE0001114403,Bubill,zero,0.0,2002-04-19,Auk,True,10000.0,10223.0,0.0,98.311,3.3991,3.398,2001-10-19,10050.33,0.0,10223.0,172.67,172.67,172.67,172.67,calc,schroeder,79
2001-11-14,2001-11-16,DE0001141380,Bobl,fixed,0.045,2006-08-18,Auk,False,7000.0,6279.25,720.75,102.94,3.79,3.79,2001-02-14,6676.75,212.89,6279.25,1158.55,1158.55,1158.55,1158.55,calc,schroeder,80
2001-12-12,2001-12-14,DE0001136968,Schatz,fixed,0.035,2003-12-12,Auk,True,10000.0,9382.8,617.2,99.99,3.51,3.51,2001-12-12,9383.66,1.8,9382.8,655.93,655.93,655.93,655.93,calc,schroeder,81
2002-01-02,2002-01-04,DE0001135192,Bund,fixed,0.05,2012-01-04,Auk,True,10000.0,8049.0,1951.0,100.57,4.93,4.93,2002-01-04,8094.88,0.0,8049.0,3978.62,3978.62,3978.62,3978.62,calc,schroeder,82
2002-01-09,2002-01-11,DE0001135176,Bund,fixed,0.055,2031-01-04,Auk,False,5000.0,4016.25,983.75,103.44,5.27,5.27,2000-10-27,4158.65,4.24,4016.25,6263.52,6263.52,6263.52,6263.52,calc,schroeder,83
2002-01-14,2002-01-16,DE0001114411,Bubill,zero,0.0,2002-07-17,Auk,True,5000.0,5008.0,0.0,98.411,3.1938,3.194,,4928.42,0.0,5008.0,79.58,79.58,79.58,79.58,calc,schroeder,84
2002-01-23,2002-01-25,DE0001135192,Bund,fixed,0.05,2012-01-04,Auk,False,10000.0,9749.75,250.25,101.26,4.84,4.84,2002-01-04,9900.64,28.05,9749.75,4723.98,4723.98,4723.98,4723.98,calc,schroeder,85
2002-02-20,2002-02-22,DE0001141398,Bobl,fixed,0.04,2007-02-16,Auk,True,10000.0,9385.75,362.68,97.61,4.53,4.53,2001-08-22,9350.69,189.26,9385.75,2095.3,2095.3,2095.3,2095.3,calc,schroeder,86
2002-03-13,2002-03-15,DE0001136976,Schatz,fixed,0.0425,2004-03-12,Auk,True,7000.0,5717.0,1283.0,100.15,4.17,4.17,2002-03-12,5727.57,2.0,5717.0,475.37,475.37,475.37,475.37,calc,schroeder,87
2002-04-03,2002-04-05,DE0001136976,Schatz,fixed,0.0425,2004-03-12,Auk,False,5000.0,4357.0,643.0,99.98,4.26,4.26,2002-03-12,4368.3,12.18,4357.0,359.04,359.04,359.04,359.04,calc,schroeder,88
2002-04-15,2002-04-17,DE0001114429,Bubill,zero,0.0,2002-10-16,Auk,True,5000.0,4860.0,0.0,98.317,3.3885,3.386,,4778.21,0.0,4860.0,81.79,81.79,81.79,81.79,calc,schroeder,89
2002-04-24,2002-04-26,DE0001135192,Bund,fixed,0.05,2012-01-04,Auk,False,5000.0,4732.8,267.2,98.66,5.18,5.18,2002-01-04,4741.99,72.61,4732.8,2357.21,2357.21,2357.21,2357.21,calc,schroeder,90
2002-05-13,2002-05-15,DE0001114437,Bubill,zero,0.0,2002-11-13,Auk,True,5000.0,5000.0,0.0,98.273,3.4773,3.476,,4913.65,0.0,5000.0,86.35,86.35,86.35,86.35,calc,schroeder,91
2002-05-15,2002-05-17,DE0001141398,Bobl,fixed,0.04,2007-02-16,Auk,False,8000.0,6255.5,1744.5,96.24,4.88,4.88,2001-08-22,6204.02,183.72,6255.5,1424.61,1424.61,1424.61,1424.61,calc,schroeder,92
2002-06-10,2002-06-12,DE0001114445,Bubill,zero,0.0,2002-12-11,Auk,True,5000.0,4863.0,0.0,98.248,3.5277,3.527,,4777.8,0.0,4863.0,85.2,85.2,85.2,85.2,calc,schroeder,93
2002-06-26,2002-06-28,DE0001136984,Schatz,fixed,0.04,2004-06-25,Auk,True,7000.0,6200.0,800.0,100.16,3.91,3.91,2002-06-25,6211.96,2.04,6200.0,484.04,484.04,484.04,484.04,calc,schroeder,94
2002-07-03,2002-07-05,DE0001135200,Bund,fixed,0.05,2012-07-04,Auk,True,10000.0,9359.5,640.5,100.61,4.92,4.92,2002-07-04,9417.88,1.28,9359.5,4621.37,4621.37,4621.37,4621.37,calc,schroeder,95
2002-07-10,2002-07-12,DE0001136984,Schatz,fixed,0.04,2004-06-25,Auk,False,5000.0,3678.5,1321.5,100.16,3.91,3.91,2002-06-25,3691.24,6.85,3678.5,281.54,281.54,281.54,281.54,calc,schroeder,96
2002-07-15,2002-07-17,DE0001114452,Bubill,zero,0.0,2003-01-15,Auk,True,5000.0,4887.0,0.0,98.317,3.3877,3.386,2002-07-17,4804.75,0.0,4887.0,82.25,82.25,82.25,82.25,calc,schroeder,97
2002-07-18,2002-07-22,DE0001135176,Bund,fixed,0.055,2031-01-04,EB,False,1000.0,0.0,1000.0,,,,2000-10-27,,,,,,,,none,schroeder,98
2002-08-12,2002-08-14,DE0001114460,Bubill,zero,0.0,2003-02-12,Auk,True,5000.0,5017.0,0.0,98.389,3.2413,3.239,2002-08-14,4936.18,0.0,5017.0,80.82,80.82,80.82,80.82,calc,schroeder,99
2002-08-14,2002-08-16,DE0001141406,Bobl,fixed,0.045,2007-08-17,Auk,True,10000.0,8362.8,1070.89,102.45,3.93,3.93,2002-02-20,8750.18,182.49,8362.8,1677.77,1677.77,1677.77,1677.77,calc,schroeder,100
2002-09-16,2002-09-18,DE0001114478,Bubill,zero,0.0,2003-03-12,Auk,True,5000.0,4931.0,0.0,98.483,3.171,3.169,2002-09-18,4856.2,0.0,4931.0,74.8,74.8,74.8,74.8,calc,schroeder,101
2002-09-25,2002-09-27,DE0001136992,Schatz,fixed,0.0325,2004-09-24,Auk,True,7000.0,5998.75,1001.25,100.22,3.13,3.13,2002-09-24,6013.55,1.6,5998.75,375.12,375.12,375.12,375.12,calc,schroeder,102
2002-10-02,2002-10-04,DE0001135200,Bund,fixed,0.05,2012-07-04,Auk,False,8000.0,6680.5,1319.5,104.99,4.36,4.36,2002-07-04,7098.05,84.19,6680.5,2922.7,2922.7,2922.7,2922.7,calc,schroeder,103
2002-10-14,2002-10-16,DE0001114486,Bubill,zero,0.0,2003-04-16,Auk,True,5000.0,4884.0,0.0,98.48,3.0498,3.053,2002-10-16,4809.76,0.0,4884.0,74.24,74.24,74.24,74.24,calc,schroeder,104
2002-10-16,2002-10-18,DE0001136992,Schatz,fixed,0.0325,2004-09-24,Auk,False,5000.0,4288.75,711.25,99.94,3.28,3.28,2002-09-24,4295.34,9.16,4288.75,272.18,272.18,272.18,272.18,calc,schroeder,105
2002-11-06,2002-11-08,DE0001135200,Bund,fixed,0.05,2012-07-04,Auk,False,9000.0,5933.0,3067.0,102.74,4.64,4.64,2002-07-04,6198.78,103.22,5933.0,2700.72,2700.72,2700.72,2700.72,calc,schroeder,106
2002-11-11,2002-11-13,DE0001114494,Bubill,zero,0.0,2003-05-14,Auk,True,5000.0,4510.0,0.0,98.536,2.9379,2.939,2002-11-13,4443.97,0.0,4510.0,66.03,66.03,66.03,66.03,calc,schroeder,107
2002-11-20,2002-11-22,DE0001141406,Bobl,fixed,0.045,2007-08-17,Auk,False,10000.0,7180.0,2820.0,103.18,3.74,3.74,2002-02-20,7651.76,243.43,7180.0,1301.31,1301.31,1301.31,1301.31,calc,schroeder,108
2002-12-09,2002-12-11,DE0001114502,Bubill,zero,0.0,2003-06-18,Auk,True,5000.0,4610.0,0.0,98.567,2.7677,2.769,2002-12-11,4543.94,0.0,4610.0,66.06,66.06,66.06,66.06,calc,schroeder,109
2002-12-11,2002-12-13,DE0001137008,Schatz,fixed,0.03,2004-12-10,Auk,True,9000.0,7320.5,1679.5,100.06,2.97,2.97,2002-12-10,7326.7,1.81,7320.5,433.03,433.03,433.03,433.03,calc,schroeder,110
2003-01-06,2003-01-08,DE0001114510,Bubill,zero,0.0,2003-07-16,Auk,True,5000.0,4932.0,0.0,98.611,2.6805,2.683,,4863.49,0.0,4932.0,68.51,68.51,68.51,68.51,calc,schroeder,111
2003-01-08,2003-01-10,DE0001135218,Bund,fixed,0.045,2013-01-04,Auk,True,8000.0,7075.2,924.8,101.63,4.3,4.3,2003-01-08,7192.27,1.74,7075.2,3063.28,3063.28,3063.28,3063.28,calc,schroeder,112
2003-01-15,2003-01-17,DE0001137008,Schatz,fixed,0.03,2004-12-10,Auk,False,5000.0,4593.75,406.25,100.57,2.69,2.69,2002-12-10,4634.28,14.35,4593.75,235.09,235.09,235.09,235.09,calc,schroeder,113
2003-01-29,2003-01-31,DE0001135226,Bund,fixed,0.0475,2034-07-04,Auk,True,6000.0,5138.1,861.9,102.9,4.57,4.57,2003-01-31,5287.1,0.0,5138.1,7519.82,7519.82,7519.82,7519.82,calc,schroeder,114
2003-02-05,2003-02-07,DE0001141414,Bobl,fixed,0.0425,2008-02-15,Auk,True,7000.0,6310.0,505.13,104.51,3.25,3.25,2002-08-14,6724.63,130.05,6310.0,1062.17,1062.17,1062.17,1062.17,calc,schroeder,115
2003-02-10,2003-02-12,DE0001114528,Bubill,zero,0.0,2003-08-13,Auk,True,5000.0,4948.0,0.0,98.762,2.4771,2.479,,4886.74,0.0,4948.0,61.26,61.26,61.26,61.26,calc,schroeder,116
2003-03-05,2003-03-07,DE0001135218,Bund,fixed,0.045,2013-01-04,Auk,False,7000.0,5626.0,1374.0,105.09,3.87,3.87,2003-01-08,5952.59,40.23,5626.0,2202.33,2202.33,2202.33,2202.33,calc,schroeder,117
2003-03-10,2003-03-12,DE0001114536,Bubill,zero,0.0,2003-09-17,Auk,True,5000.0,5007.0,0.0,98.802,2.3068,2.31,,4947.02,0.0,5007.0,59.98,59.98,59.98,59.98,calc,schroeder,118
2003-03-12,2003-03-14,DE0001141414,Bobl,fixed,0.0425,2008-02-15,Auk,False,7000.0,4094.0,2906.0,105.48,3.02,3.02,2002-08-14,4419.41,101.06,4094.0,632.75,632.75,632.75,632.75,calc,schroeder,119
2003-03-26,2003-03-28,DE0001137016,Schatz,fixed,0.025,2005-03-18,Auk,True,7000.0,6360.8,639.2,99.83,2.59,2.59,2003-03-26,6350.86,0.87,6360.8,324.51,324.51,324.51,324.51,calc,schroeder,120
2003-04-14,2003-04-16,DE0001114544,Bubill,zero,0.0,2003-10-15,Auk,True,5000.0,4898.0,0.0,98.804,2.391,2.394,,4839.42,0.0,4898.0,58.58,58.58,58.58,58.58,calc,schroeder,121
2003-04-23,2003-04-25,DE0001135218,Bund,fixed,0.045,2013-01-04,Auk,False,7000.0,5106.0,1894.0,102.53,4.17,4.18,2003-01-08,5302.54,67.36,5106.0,2098.64,2098.64,2098.64,2098.64,calc,schroeder,122
2003-04-30,2003-05-05,DE0001137016,Schatz,fixed,0.025,2005-03-18,Auk,False,5000.0,4105.0,895.0,100.07,2.46,2.46,2003-03-26,4119.09,11.22,4105.0,188.92,188.92,188.92,188.92,calc,schroeder,123
2003-05-12,2003-05-14,DE0001114551,Bubill,zero,0.0,2003-11-12,Auk,True,5000.0,4975.0,0.0,98.877,2.248,2.247,,4919.13,0.0,4975.0,55.87,55.87,55.87,55.87,calc,schroeder,124
2003-05-14,2003-05-16,DE0001141422,Bobl,fixed,0.03,2008-04-11,Auk,True,7000.0,5042.0,1958.0,99.67,3.07,3.07,2003-05-14,5026.19,0.83,5042.0,758.47,758.47,758.47,758.47,calc,schroeder,125
2003-05-29,2003-06-02,DE0001135218,Bund,fixed,0.045,2013-01-04,EB,False,2000.0,0.0,2000.0,,,,2003-01-08,,,,,,,,none,schroeder,126
2003-06-11,2003-06-13,DE0001141422,Bobl,fixed,0.03,2008-04-11,Auk,False,7000.0,5375.0,1625.0,101.56,2.65,2.65,2003-05-14,5472.07,13.22,5375.0,694.64,694.64,694.64,694.64,calc,schroeder,127
2003-06-16,2003-06-18,DE0001114569,Bubill,zero,0.0,2003-12-10,Auk,True,5000.0,4552.0,0.0,99.079,1.9112,1.912,,4510.08,0.0,4552.0,41.92,41.92,41.92,41.92,calc,schroeder,128
2003-06-25,2003-06-27,DE0001137024,Schatz,fixed,0.02,2005-06-17,Auk,True,7000.0,6170.9,829.1,100.02,1.99,1.99,2003-06-25,6172.81,0.67,6170.9,242.23,242.23,242.23,242.23,calc,schroeder,129
2003-07-02,2003-07-04,DE0001135234,Bund,fixed,0.0375,2013-07-04,Auk,True,8000.0,5970.0,2030.0,98.55,3.93,3.93,2003-07-04,5883.44,0.0,5970.0,2325.31,2325.31,2325.31,2325.31,calc,schroeder,130
2003-07-14,2003-07-16,DE0001114577,Bubill,zero,0.0,2004-01-14,Auk,True,6000.0,4974.0,1026.0,99.012,1.9735,1.974,2003-07-16,4924.86,0.0,4974.0,49.14,49.14,49.14,49.14,calc,schroeder,131
2003-07-16,2003-07-18,DE0001137024,Schatz,fixed,0.02,2005-06-17,Auk,False,5000.0,4384.0,616.0,99.48,2.28,2.28,2003-06-25,4366.71,5.51,4384.0,190.73,190.73,190.73,190.73,calc,schroeder,132
2003-07-23,2003-07-25,DE0001135226,Bund,fixed,0.0475,2034-07-04,Auk,False,4000.0,3467.4,532.6,97.47,4.9,4.9,2003-01-31,3458.62,78.94,3467.4,5184.02,5184.02,5184.02,5184.02,calc,schroeder,133
2003-08-06,2003-08-08,DE0001135234,Bund,fixed,0.0375,2013-07-04,Auk,False,7000.0,6558.0,442.0,96.48,4.19,4.19,2003-07-04,6350.68,23.52,6558.0,2666.57,2666.57,2666.57,2666.57,calc,schroeder,134
2003-08-11,2003-08-13,DE0001114585,Bubill,zero,0.0,2004-02-18,Auk,True,6000.0,4921.0,1079.0,98.937,2.0473,2.047,2003-08-13,4868.69,0.0,4921.0,52.31,52.31,52.31,52.31,calc,schroeder,135
2003-09-10,2003-09-12,DE0001135234,Bund,fixed,0.0375,2013-07-04,Auk,False,7000.0,6357.0,643.0,95.86,4.27,4.27,2003-07-04,6139.41,45.59,6357.0,2601.46,2601.46,2601.46,2601.46,calc,schroeder,136
2003-09-15,2003-09-17,DE0001114593,Bubill,zero,0.0,2004-03-17,Auk,True,6000.0,4862.0,1138.0,98.968,2.0628,2.063,2003-09-17,4811.82,0.0,4862.0,50.18,50.18,50.18,50.18,calc,schroeder,137
2003-09-24,2003-09-26,DE0001137032,Schatz,fixed,0.025,2005-09-16,Auk,True,7000.0,6290.0,710.0,100.13,2.43,2.43,2003-09-24,6299.04,0.86,6290.0,302.03,302.03,302.03,302.03,calc,schroeder,138
2003-10-08,2003-10-10,DE0001141430,Bobl,fixed,0.035,2008-10-10,Auk,True,7000.0,6354.5,645.5,100.13,3.47,3.47,2003-10-10,6362.76,0.0,6354.5,1103.78,1103.78,1103.78,1103.78,calc,schroeder,139
2003-10-13,2003-10-15,DE0001114601,Bubill,zero,0.0,2004-04-21,Auk,True,6000.0,5527.0,473.0,98.936,2.0483,2.048,2003-10-15,5468.19,0.0,5527.0,58.81,58.81,58.81,58.81,calc,schroeder,140
2003-10-22,2003-10-24,DE0001137032,Schatz,fixed,0.025,2005-09-16,Auk,False,5000.0,4376.5,623.5,99.699,2.66,2.66,2003-09-24,4372.29,8.97,4376.5,220.64,220.64,220.64,220.64,calc,schroeder,141
2003-10-29,2003-10-31,DE0001135242,Bund,fixed,0.0425,2014-01-04,Auk,True,8000.0,7805.5,194.5,99.66,4.29,4.29,2003-10-31,7778.96,0.0,7805.5,3402.95,3402.95,3402.95,3402.95,calc,schroeder,142
2003-11-10,2003-11-12,DE0001114619,Bubill,zero,0.0,2004-05-12,Auk,True,6000.0,5234.0,766.0,98.935,2.1297,2.129,2003-11-12,5178.26,0.0,5234.0,55.74,55.74,55.74,55.74,calc,schroeder,143
2003-11-12,2003-11-14,DE0001141430,Bobl,fixed,0.035,2008-10-10,Auk,False,7000.0,5882.75,1117.25,98.75,3.78,3.78,2003-10-10,5828.91,19.69,5882.75,1083.33,1083.33,1083.33,1083.33,calc,schroeder,144
2003-12-08,2003-12-10,DE0001114627,Bubill,zero,0.0,2004-06-16,Auk,True,6000.0,4860.0,1140.0,98.917,2.0852,2.085,2003-12-10,4807.37,0.0,4860.0,52.63,52.63,52.63,52.63,calc,schroeder,145
2003-12-10,2003-12-12,DE0001137040,Schatz,fixed,0.0275,2005-12-16,Auk,True,7000.0,6190.0,810.0,99.979,2.76,2.76,2003-12-12,6188.7,0.0,6190.0,343.62,343.62,343.62,343.62,calc,schroeder,146
2004-01-07,2004-01-09,DE0001135242,Bund,fixed,0.0425,2014-01-04,Auk,False,9000.0,7405.0,1595.0,99.76,4.28,4.28,2003-10-31,7447.57,60.34,7405.0,3160.6,3160.6,3160.6,3160.6,calc,schroeder,147
2004-01-12,2004-01-14,DE0001114635,Bubill,zero,0.0,2004-07-14,Auk,True,6000.0,3987.5,2012.5,99.003,1.9924,1.992,,3947.74,0.0,3987.5,39.76,39.76,39.76,39.76,calc,schroeder,148
2004-01-14,2004-01-16,DE0001137040,Schatz,fixed,0.0275,2005-12-16,Auk,False,5000.0,4295.0,705.0,100.624,2.41,2.41,2003-12-12,4333.1,11.3,4295.0,199.42,199.42,199.42,199.42,calc,schroeder,149
2004-01-28,2004-01-30,DE0001135226,Bund,fixed,0.0475,2034-07-04,Auk,False,5000.0,4544.0,456.0,97.48,4.91,4.91,2003-01-31,4644.4,214.91,4544.0,6681.71,6681.71,6681.71,6681.71,calc,schroeder,150
2004-02-11,2004-02-13,DE0001141448,Bobl,fixed,0.0325,2009-04-17,Auk,True,8000.0,7047.5,952.5,99.27,3.4,3.4,2004-02-13,6996.05,0.0,7047.5,1236.72,1236.72,1236.72,1236.72,calc,schroeder,151
2004-02-16,2004-02-18,DE0001114643,Bubill,zero,0.0,2004-08-18,Auk,True,6000.0,4045.0,1955.0,99.018,1.9621,1.962,,4005.28,0.0,4045.0,39.72,39.72,39.72,39.72,calc,schroeder,152
2004-02-25,2004-02-27,DE0001135242,Bund,fixed,0.0425,2014-01-04,Auk,False,7000.0,5850.0,1150.0,101.23,4.09,4.09,2003-10-31,6002.91,80.96,5850.0,2377.61,2377.61,2377.61,2377.61,calc,schroeder,153
2004-03-10,2004-03-12,DE0001141448,Bobl,fixed,0.0325,2009-04-17,Auk,False,5000.0,4489.6,510.4,100.6,3.12,3.12,2004-02-13,4527.7,11.16,4489.6,716.97,716.97,716.97,716.97,calc,schroeder,154
2004-03-15,2004-03-17,DE0001114650,Bubill,zero,0.0,2004-09-15,Auk,True,6000.0,4552.0,1448.0,99.031,1.9349,1.935,,4507.89,0.0,4552.0,44.11,44.11,44.11,44.11,calc,schroeder,155
2004-03-24,2004-03-26,DE0001137057,Schatz,fixed,0.02,2006-03-10,Auk,True,8000.0,7644.5,355.5,99.797,2.11,2.11,2004-03-24,7629.82,0.84,7644.5,314.6,314.6,314.6,314.6,calc,schroeder,156
2004-04-14,2004-04-16,DE0001137057,Schatz,fixed,0.02,2006-03-10,Auk,False,7000.0,6385.0,615.0,99.363,2.35,2.35,2004-03-24,6352.37,8.05,6385.0,283.13,283.13,283.13,283.13,calc,schroeder,157
2004-04-19,2004-04-21,DE0001114668,Bubill,zero,0.0,2004-10-20,Auk,True,6000.0,4627.0,1373.0,99.021,1.9564,1.956,,4581.7,0.0,4627.0,45.3,45.3,45.3,45.3,calc,schroeder,158
2004-05-10,2004-05-12,DE0001114676,Bubill,zero,0.0,2004-11-17,Auk,True,6000.0,4985.0,1015.0,98.936,2.0477,2.048,,4931.96,0.0,4985.0,53.04,53.04,53.04,53.04,calc,schroeder,159
2004-05-12,2004-05-14,DE0001141448,Bobl,fixed,0.0325,2009-04-17,Auk,False,5000.0,4581.0,419.0,98.74,3.53,3.53,2004-02-13,4560.33,37.05,4581.0,791.12,791.12,791.12,791.12,calc,schroeder,160
2004-05-26,2004-05-28,DE0001135259,Bund,fixed,0.0425,2014-07-04,Auk,True,9000.0,7652.8,1347.2,99.23,4.34,4.34,2004-05-28,7593.87,0.0,7652.8,3344.25,3344.25,3344.25,3344.25,calc,schroeder,161
2004-06-14,2004-06-16,DE0001114684,Bubill,zero,0.0,2004-12-15,Auk,True,6000.0,5395.0,605.0,98.943,2.1129,2.113,,5337.97,0.0,5395.0,57.03,57.03,57.03,57.03,calc,schroeder,162
2004-06-23,2004-06-25,DE0001137065,Schatz,fixed,0.0275,2006-06-23,Auk,True,9000.0,8506.0,494.0,100.007,2.75,2.75,2004-06-23,8507.88,1.28,8506.0,465.95,465.95,465.95,465.95,calc,schroeder,163
2004-07-07,2004-07-09,DE0001135259,Bund,fixed,0.0425,2014-07-04,Auk,False,8000.0,6732.0,1268.0,99.97,4.25,4.25,2004-05-28,6762.82,32.84,6732.0,2859.2,2859.2,2859.2,2859.2,calc,schroeder,164
2004-07-12,2004-07-14,DE0001114692,Bubill,zero,0.0,2005-01-12,Auk,True,6000.0,5020.0,980.0,98.967,2.0644,2.065,2004-07-14,4968.14,0.0,5020.0,51.86,51.86,51.86,51.86,calc,schroeder,165
2004-07-14,2004-07-16,DE0001137065,Schatz,fixed,0.0275,2006-06-23,Auk,False,6000.0,5093.75,906.25,100.25,2.61,2.61,2004-06-23,5115.31,8.83,5093.75,258.6,258.6,258.6,258.6,calc,schroeder,166
2004-07-21,2004-07-23,DE0001135226,Bund,fixed,0.0475,2034-07-04,Auk,False,5000.0,4536.6,463.4,97.85,4.89,4.89,2003-01-31,4450.28,11.22,4536.6,6550.97,6550.97,6550.97,6550.97,calc,schroeder,167
2004-08-16,2004-08-18,DE0001114700,Bubill,zero,0.0,2005-02-16,Auk,True,6000.0,4990.0,1010.0,98.977,2.0442,2.044,2004-08-18,4938.95,0.0,4990.0,51.05,51.05,51.05,51.05,calc,schroeder,168
2004-08-18,2004-08-20,DE0001135259,Bund,fixed,0.0425,2014-07-04,Auk,False,8000.0,6585.5,1414.5,101.6,4.05,4.05,2004-05-28,6755.2,64.33,6585.5,2657.43,2657.43,2657.43,2657.43,calc,schroeder,169
2004-08-25,2004-08-27,DE0001141455,Bobl,fixed,0.035,2009-10-09,Auk,True,8000.0,6914.5,1085.5,100.43,3.41,3.41,2004-08-27,6944.23,0.0,6914.5,1208.74,1208.74,1208.74,1208.74,calc,schroeder,170
2004-09-13,2004-09-15,DE0001114718,Bubill,zero,0.0,2005-03-16,Auk,True,6000.0,5444.0,556.0,98.95,2.0992,2.099,2004-09-15,5386.84,0.0,5444.0,57.16,57.16,57.16,57.16,calc,schroeder,171
2004-09-22,2004-09-24,DE0001137073,Schatz,fixed,0.025,2006-09-22,Auk,True,9000.0,8351.0,649.0,99.808,2.6,2.6,2004-09-22,8336.11,1.14,8351.0,432.44,432.44,432.44,432.44,calc,schroeder,172
2004-10-06,2004-10-08,DE0001141455,Bobl,fixed,0.035,2009-10-09,Auk,False,5000.0,4494.0,506.0,100.87,3.31,3.31,2004-08-27,4551.15,18.05,4494.0,747.78,747.78,747.78,747.78,calc,schroeder,173
2004-10-13,2004-10-15,DE0001137073,Schatz,fixed,0.025,2006-09-22,Auk,False,8000.0,6900.0,1100.0,100.069,2.46,2.46,2004-09-22,6915.63,10.87,6900.0,329.37,329.37,329.37,329.37,calc,schroeder,174
2004-10-18,2004-10-20,DE0001114726,Bubill,zero,0.0,2005-04-20,Auk,True,6000.0,5400.0,600.0,98.965,2.0683,2.069,2004-10-20,5344.11,0.0,5400.0,55.89,55.89,55.89,55.89,calc,schroeder,175
2004-11-15,2004-11-17,DE0001114734,Bubill,zero,0.0,2005-05-11,Auk,True,6000.0,5422.5,577.5,98.986,2.1066,2.107,2004-11-17,5367.52,0.0,5422.5,54.98,54.98,54.98,54.98,calc,schroeder,176
2004-11-17,2004-11-19,DE0001141455,Bobl,fixed,0.035,2009-10-09,Auk,False,5000.0,4504.25,495.75,102.05,3.04,3.04,2004-08-27,4614.3,17.71,4504.25,678.2,678.2,678.2,678.2,calc,schroeder,177
2004-11-24,2004-11-26,DE0001135267,Bund,fixed,0.0375,2015-01-04,Auk,True,8000.0,6518.0,1482.0,99.76,3.78,3.78,2004-11-26,6502.36,0.0,6518.0,2485.94,2485.94,2485.94,2485.94,calc,schroeder,178
2004-12-08,2004-12-10,DE0001137081,Schatz,fixed,0.0225,2006-12-15,Auk,True,7000.0,6694.0,306.0,99.896,2.3,2.3,2004-12-10,6687.04,0.0,6694.0,310.25,310.25,310.25,310.25,calc,schroeder,179
2004-12-13,2004-12-15,DE0001114742,Bubill,zero,0.0,2005-06-15,Auk,True,6000.0,4965.0,1035.0,98.956,2.0865,2.087,2004-12-15,4913.17,0.0,4965.0,51.83,51.83,51.83,51.83,calc,schroeder,180
2005-01-05,2005-01-07,DE0001135267,Bund,fixed,0.0375,2015-01-04,Auk,False,8000.0,6607.0,1393.0,100.67,3.67,3.67,2004-11-26,6653.3,2.04,6607.0,2431.32,2431.32,2431.32,2431.32,calc,schroeder,181
2005-01-10,2005-01-12,DE0001114759,Bubill,zero,0.0,2005-07-13,Auk,True,6000.0,5307.5,692.5,98.956,2.0864,2.087,,5252.09,0.0,5307.5,55.41,55.41,55.41,55.41,calc,schroeder,182
2005-01-19,2005-01-21,DE0001137081,Schatz,fixed,0.0225,2006-12-15,Auk,False,7000.0,6075.0,925.0,99.8,2.36,2.36,2004-12-10,6078.57,15.72,6075.0,271.67,271.67,271.67,271.67,calc,schroeder,183
2005-01-26,2005-01-28,DE0001135275,Bund,fixed,0.04,2037-01-04,Auk,True,6000.0,5500.1,499.9,99.21,4.04,4.04,2005-01-26,5457.85,1.21,5500.1,7069.11,7069.11,7069.11,7069.11,calc,schroeder,184
2005-02-14,2005-02-16,DE0001114767,Bubill,zero,0.0,2005-08-17,Auk,True,6000.0,5362.5,637.5,98.962,2.0745,2.075,2005-02-16,5306.84,0.0,5362.5,55.66,55.66,55.66,55.66,calc,schroeder,185
2005-02-23,2005-02-25,DE0001135267,Bund,fixed,0.0375,2015-01-04,Auk,False,7000.0,5877.75,1122.25,100.4,3.7,3.7,2004-11-26,5932.66,31.4,5877.75,2149.24,2149.24,2149.24,2149.24,calc,schroeder,186
2005-03-14,2005-03-16,DE0001114775,Bubill,zero,0.0,2005-09-14,Auk,True,6000.0,5710.5,289.5,98.963,2.0724,2.073,,5651.28,0.0,5710.5,59.22,59.22,59.22,59.22,calc,schroeder,187
2005-03-16,2005-03-18,DE0001137099,Schatz,fixed,0.025,2007-03-23,Auk,True,8000.0,6945.0,1055.0,100.067,2.47,2.47,2005-03-18,6949.65,0.0,6945.0,344.98,344.98,344.98,344.98,calc,schroeder,188
2005-03-30,2005-04-01,DE0001141463,Bobl,fixed,0.0325,2010-04-09,Auk,True,7000.0,5789.0,1211.0,100.52,3.14,3.14,2005-04-01,5819.1,0.0,5789.0,914.73,914.73,914.73,914.73,calc,schroeder,189
2005-04-13,2005-04-15,DE0001137099,Schatz,fixed,0.025,2007-03-23,Auk,False,7000.0,5746.0,1254.0,100.234,2.37,2.37,2005-03-18,5768.5,9.05,5746.0,264.8,264.8,264.8,264.8,calc,schroeder,190
2005-04-18,2005-04-20,DE0001114783,Bubill,zero,0.0,2005-10-19,Auk,True,6000.0,5085.0,915.0,98.97677,2.0449,2.045,,5032.97,0.0,5085.0,52.03,52.03,52.03,52.03,calc,schroeder,191
2005-05-09,2005-05-11,DE0001114791,Bubill,zero,0.0,2005-11-16,Auk,True,6000.0,4611.0,1389.0,98.94097,2.0388,2.039,,4562.17,0.0,4611.0,48.83,48.83,48.83,48.83,calc,schroeder,192
2005-05-11,2005-05-13,DE0001141463,Bobl,fixed,0.0325,2010-04-09,Auk,False,5000.0,4354.2,645.8,102.32,2.74,2.74,2005-04-01,4468.4,13.18,4354.2,593.36,593.36,593.36,593.36,calc,schroeder,193
2005-05-18,2005-05-20,DE0001135283,Bund,fixed,0.0325,2015-07-04,Auk,True,8000.0,6710.0,1290.0,99.15,3.35,3.35,2005-05-20,6652.97,0.0,6710.0,2264.67,2264.67,2264.67,2264.67,calc,schroeder,194
2005-05-24,2005-06-01,DE0001030104,USD-Bond,fixed_fx,0.03875,2010-06-01,Syn,True,3968.25,3968.25,0.0,99.755,3.93,3.93,2005-06-01,3958.53,0.0,3968.25,778.57,778.57,778.57,778.57,model,schroeder,195
2005-06-13,2005-06-15,DE0001114809,Bubill,zero,0.0,2005-12-07,Auk,True,6000.0,4960.0,1040.0,99.03757,1.9991,1.999,,4912.26,0.0,4960.0,47.74,47.74,47.74,47.74,calc,schroeder,196
2005-06-15,2005-06-17,DE0001137107,Schatz,fixed,0.02,2007-06-15,Auk,True,8000.0,7092.0,908.0,99.811,2.1,2.1,2005-06-15,7079.37,0.78,7092.0,296.31,296.31,296.31,296.31,calc,schroeder,197
2005-06-20,2005-06-22,DE0001134468,Bund,fixed,0.06,2016-06-20,EB,False,170.96,0.0,170.96,,,,1986-06-20,,,,,,,,none,schroeder,213
2005-06-20,2005-06-22,DE0001134492,Bund,fixed,0.05625,2016-09-20,EB,False,238.71,0.0,238.71,,,,1986-09-20,,,,,,,,none,schroeder,214
2005-06-20,2005-06-22,DE0001134922,Bund,fixed,0.0625,2024-01-04,EB,False,24.16,0.0,24.16,,,,1994-01-04,,,,,,,,none,schroeder,215
2005-06-20,2005-06-22,DE0001134989,Bund,fixed,0.065,2005-10-14,EB,False,24.16,0.0,24.16,,,,1995-10-14,,,,,,,,none,schroeder,198
2005-06-20,2005-06-22,DE0001134997,Bund,fixed,0.06,2006-01-05,EB,False,217.7,0.0,217.7,,,,1996-01-05,,,,,,,,none,schroeder,199
2005-06-20,2005-06-22,DE0001135002,Bund,fixed,0.06,2006-02-16,EB,False,114.5,0.0,114.5,,,,1996-02-16,,,,,,,,none,schroeder,200
2005-06-20,2005-06-22,DE0001135010,Bund,fixed,0.0625,2006-04-26,EB,False,91.91,0.0,91.91,,,,1996-04-26,,,,,,,,none,schroeder,201
2005-06-20,2005-06-22,DE0001135028,Bund,fixed,0.06,2007-01-04,EB,False,161.24,0.0,161.24,,,,1997-01-04,,,,,,,,none,schroeder,202
2005-06-20,2005-06-22,DE0001135036,Bund,fixed,0.06,2007-07-04,EB,False,161.24,0.0,161.24,,,,1997-04-25,,,,,,,,none,schroeder,203
2005-06-20,2005-06-22,DE0001135044,Bund,fixed,0.065,2027-07-04,EB,False,1.58,0.0,1.58,,,,1997-07-04,,,,,,,,none,schroeder,216
2005-06-20,2005-06-22,DE0001135051,Bund,fixed,0.0525,2008-01-04,EB,False,161.24,0.0,161.24,,,,1998-01-04,,,,,,,,none,schroeder,204
2005-06-20,2005-06-22,DE0001135069,Bund,fixed,0.05625,2028-01-04,EB,False,183.83,0.0,183.83,,,,1998-01-04,,,,,,,,none,schroeder,217
2005-06-20,2005-06-22,DE0001135077,Bund,fixed,0.0475,2008-07-04,EB,False,58.04,0.0,58.04,,,,1998-07-04,,,,,,,,none,schroeder,205
2005-06-20,2005-06-22,DE0001135085,Bund,fixed,0.0475,2028-07-04,EB,False,150.0,0.0,150.0,,,,1998-07-04,,,,,,,,none,schroeder,218
2005-06-20,2005-06-22,DE0001135093,Bund,fixed,0.04125,2008-07-04,EB,False,195.12,0.0,195.12,,,,1998-07-04,,,,,,,,none,schroeder,206
2005-06-20,2005-06-22,DE0001135101,Bund,fixed,0.0375,2009-01-04,EB,False,250.0,0.0,250.0,,,,1999-01-04,,,,,,,,none,schroeder,207
2005-06-20,2005-06-22,DE0001135119,Bund,fixed,0.04,2009-07-04,EB,False,250.0,0.0,250.0,,,,1999-03-26,,,,,,,,none,schroeder,208
2005-06-20,2005-06-22,DE0001135127,Bund,fixed,0.045,2009-07-04,EB,False,250.0,0.0,250.0,,,,1999-07-04,,,,,,,,none,schroeder,209
2005-06-20,2005-06-22,DE0001135135,Bund,fixed,0.05375,2010-01-04,EB,False,250.0,0.0,250.0,,,,1999-10-22,,,,,,,,none,schroeder,210
2005-06-20,2005-06-22,DE0001135143,Bund,fixed,0.0625,2030-01-04,EB,False,250.0,0.0,250.0,,,,2000-01-04,,,,,,,,none,schroeder,219
2005-06-20,2005-06-22,DE0001135150,Bund,fixed,0.0525,2010-07-04,EB,False,250.0,0.0,250.0,,,,2000-05-05,,,,,,,,none,schroeder,211
2005-06-20,2005-06-22,DE0001135168,Bund,fixed,0.0525,2011-01-04,EB,False,250.0,0.0,250.0,,,,2000-10-20,,,,,,,,none,schroeder,212
2005-06-20,2005-06-22,DE0001141364,Bobl,fixed,0.05,2005-08-19,EB,False,250.0,0.0,250.0,,,,2000-05-17,,,,,,,,none,schroeder,220
2005-06-20,2005-06-22,DE0001141372,Bobl,fixed,0.05,2006-02-17,EB,False,250.0,0.0,250.0,,,,2000-08-16,,,,,,,,none,schroeder,221
2005-06-20,2005-06-22,DE0001141380,Bobl,fixed,0.045,2006-08-18,EB,False,250.0,0.0,250.0,,,,2001-02-14,,,,,,,,none,schroeder,222
2005-06-22,2005-06-24,DE0001141463,Bobl,fixed,0.0325,2010-04-09,Auk,False,5000.0,3985.0,1015.0,103.44,2.48,2.48,2005-04-01,4149.05,26.97,3985.0,483.51,483.51,483.51,483.51,calc,schroeder,223
2005-06-29,2005-07-01,DE0001135283,Bund,fixed,0.0325,2015-07-04,Auk,False,7000.0,6173.5,826.5,100.52,3.19,3.19,2005-05-20,6228.69,23.09,6173.5,1975.93,1975.93,1975.93,1975.93,calc,schroeder,224
2005-07-11,2005-07-13,DE0001114817,Bubill,zero,0.0,2006-01-18,Auk,True,6000.0,4860.0,1140.0,98.95197,2.0174,2.017,2005-07-13,4809.07,0.0,4860.0,50.93,50.93,50.93,50.93,calc,schroeder,225
2005-07-13,2005-07-15,DE0001137107,Schatz,fixed,0.02,2007-06-15,Auk,False,5000.0,4365.0,635.0,99.657,2.18,2.18,2005-06-15,4357.2,7.18,4365.0,182.4,182.4,182.4,182.4,calc,schroeder,226
2005-07-20,2005-07-22,DE0001135275,Bund,fixed,0.04,2037-01-04,Auk,False,5000.0,4495.0,505.0,103.9,3.78,3.79,2005-01-26,4757.5,87.19,4495.0,5480.27,5480.27,5480.27,5480.27,calc,schroeder,227
2005-08-15,2005-08-17,DE0001114825,Bubill,zero,0.0,2006-02-15,Auk,True,6000.0,4820.0,1180.0,98.97399,2.0505,2.051,2005-08-17,4770.55,0.0,4820.0,49.45,49.45,49.45,49.45,calc,schroeder,228
2005-08-17,2005-08-19,DE0001135283,Bund,fixed,0.0325,2015-07-04,Auk,False,6000.0,5291.0,709.0,100.08,3.24,3.24,2005-05-20,5316.9,21.67,5291.0,1693.67,1693.67,1693.67,1693.67,calc,schroeder,229
2005-09-12,2005-09-14,DE0001114833,Bubill,zero,0.0,2006-03-15,Auk,True,6000.0,4797.5,1202.5,98.97484,2.0488,2.049,2005-09-14,4748.32,0.0,4797.5,49.18,49.18,49.18,49.18,calc,schroeder,230
2005-09-14,2005-09-16,DE0001137115,Schatz,fixed,0.0225,2007-09-14,Auk,True,8000.0,6979.4,1020.6,100.089,2.2,2.2,2005-09-14,6986.47,0.86,6979.4,307.0,307.0,307.0,307.0,calc,schroeder,231
2005-09-21,2005-09-23,DE0001141471,Bobl,fixed,0.025,2010-10-08,Auk,True,7000.0,5858.25,1141.75,99.67,2.57,2.57,2005-09-23,5838.92,0.0,5858.25,757.63,757.63,757.63,757.63,calc,schroeder,232
2005-10-12,2005-10-14,DE0001137115,Schatz,fixed,0.0225,2007-09-14,Auk,False,7000.0,6180.0,820.0,99.641,2.44,2.44,2005-09-14,6169.24,11.43,6180.0,288.86,288.86,288.86,288.86,calc,schroeder,233
2005-10-17,2005-10-19,DE0001114841,Bubill,zero,0.0,2006-04-12,Auk,True,6000.0,4805.0,1195.0,98.97481,2.1308,2.131,2005-10-19,4755.74,0.0,4805.0,49.26,49.26,49.26,49.26,calc,schroeder,234
2005-10-26,2005-10-28,DE0001141471,Bobl,fixed,0.025,2010-10-08,Auk,False,5000.0,4151.0,849.0,98.07,2.92,2.92,2005-09-23,4080.84,9.95,4151.0,593.3,593.3,593.3,593.3,calc,schroeder,235
2005-11-14,2005-11-16,DE0001114858,Bubill,zero,0.0,2006-05-17,Auk,True,6000.0,4880.0,1120.0,98.82505,2.3517,2.352,2005-11-16,4822.66,0.0,4880.0,57.34,57.34,57.34,57.34,calc,schroeder,236
2005-11-23,2005-11-25,DE0001135291,Bund,fixed,0.035,2016-01-04,Auk,True,8000.0,6483.0,1517.0,100.12,3.48,3.48,2005-11-25,6490.78,0.0,6483.0,2286.14,2286.14,2286.14,2286.14,calc,merkel1,237
2005-11-30,2005-12-02,DE0001141471,Bobl,fixed,0.025,2010-10-08,Auk,False,5000.0,4171.8,828.2,97.45,3.07,3.07,2005-09-23,4085.42,20.0,4171.8,612.14,612.14,612.14,612.14,calc,merkel1,238
2005-12-05,2005-12-07,DE0001114866,Bubill,zero,0.0,2006-06-14,Auk,True,6000.0,4900.0,1100.0,98.7328,2.4447,2.445,2005-12-07,4837.91,0.0,4900.0,62.09,62.09,62.09,62.09,calc,merkel1,239
2005-12-14,2005-12-16,DE0001137123,Schatz,fixed,0.0275,2007-12-14,Auk,True,7000.0,6010.0,990.0,99.928,2.79,2.79,2005-12-14,6006.58,0.91,6010.0,333.97,333.97,333.97,333.97,calc,merkel1,240
2006-01-04,2006-01-06,DE0001135291,Bund,fixed,0.035,2016-01-04,Auk,False,8000.0,6212.0,1788.0,101.58,3.31,3.31,2005-11-25,6335.17,25.02,6212.0,2074.86,2074.86,2074.86,2074.86,calc,merkel1,241
2006-01-16,2006-01-18,DE0001114874,Bubill,zero,0.0,2006-07-12,Auk,True,6000.0,4415.0,1585.0,98.79281,2.5137,2.514,,4361.7,0.0,4415.0,53.3,53.3,53.3,53.3,calc,merkel1,242
2006-01-18,2006-01-20,DE0001137123,Schatz,fixed,0.0275,2007-12-14,Auk,False,8000.0,6522.0,1478.0,99.968,2.77,2.77,2005-12-14,6538.09,18.18,6522.0,342.62,342.62,342.62,342.62,calc,merkel1,243
2006-01-25,2006-01-27,DE0001135275,Bund,fixed,0.04,2037-01-04,Auk,False,6000.0,5391.0,609.0,106.5,3.65,3.65,2005-01-26,5755.0,13.59,5391.0,6320.84,6320.84,6320.84,6320.84,calc,merkel1,244
2006-02-13,2006-02-15,DE0001114882,Bubill,zero,0.0,2006-08-16,Auk,True,6000.0,4620.0,1380.0,98.70798,2.5891,2.589,,4560.31,0.0,4620.0,59.69,59.69,59.69,59.69,calc,merkel1,245
2006-02-15,2006-02-17,DE0001135291,Bund,fixed,0.035,2016-01-04,Auk,False,7000.0,6015.75,984.25,100.04,3.49,3.49,2005-11-25,6066.61,48.46,6015.75,2077.72,2077.72,2077.72,2077.72,calc,merkel1,246
2006-03-08,2006-03-15,DE0001030500,ILB,inflation_linked,0.015,2016-04-15,Syn,True,5500.0,5000.0,500.0,99.6,1.543,1.54,2006-03-15,4980.0,0.0,5727.1,1578.24,1578.24,1578.24,1578.24,calc,merkel1,248
2006-03-08,2006-03-10,DE0001137131,Schatz,fixed,0.03,2008-03-14,Auk,True,9000.0,7690.0,1310.0,99.75,3.13,3.13,2006-03-10,7670.77,0.0,7690.0,483.15,483.15,483.15,483.15,calc,merkel1,247
2006-03-13,2006-03-15,DE0001114890,Bubill,zero,0.0,2006-09-13,Auk,True,6000.0,2814.0,3186.0,98.65889,2.6888,2.689,,2776.26,0.0,2814.0,37.74,37.74,37.74,37.74,calc,merkel1,249
2006-03-22,2006-03-24,DE0001141489,Bobl,fixed,0.035,2011-04-08,Auk,True,8000.0,6450.0,1550.0,100.15,3.47,3.47,2006-03-24,6459.68,0.0,6450.0,1128.35,1128.35,1128.35,1128.35,calc,merkel1,250
2006-04-10,2006-04-12,DE0001114908,Bubill,zero,0.0,2006-10-18,Auk,True,6000.0,4580.0,1420.0,98.5819,2.74,2.74,,4515.05,0.0,4580.0,64.95,64.95,64.95,64.95,calc,merkel1,251
2006-04-19,2006-04-21,DE0001137131,Schatz,fixed,0.03,2008-03-14,Auk,False,7000.0,5980.0,1020.0,99.53,3.26,3.26,2006-03-10,5970.57,18.68,5980.0,368.23,368.23,368.23,368.23,calc,merkel1,252
2006-04-26,2006-04-28,DE0001141489,Bobl,fixed,0.035,2011-04-08,Auk,False,6000.0,4743.75,1256.25,98.85,3.76,3.76,2006-03-24,4698.29,9.1,4743.75,875.61,875.61,875.61,875.61,calc,merkel1,253
2006-05-15,2006-05-17,DE0001114916,Bubill,zero,0.0,2006-11-15,Auk,True,6000.0,4790.0,1210.0,98.55984,2.8903,2.89,,4721.02,0.0,4790.0,68.98,68.98,68.98,68.98,calc,merkel1,254
2006-05-17,2006-05-19,DE0001135309,Bund,fixed,0.04,2016-07-04,Auk,True,8000.0,6479.0,1521.0,99.87,4.01,4.01,2006-05-19,6470.58,0.0,6479.0,2632.68,2632.68,2632.68,2632.68,calc,merkel1,255
2006-06-12,2006-06-14,DE0001114924,Bubill,zero,0.0,2006-12-13,Auk,True,6000.0,4630.0,1370.0,98.54344,2.9237,2.924,,4562.56,0.0,4630.0,67.44,67.44,67.44,67.44,calc,merkel1,256
2006-06-21,2006-06-23,DE0001137149,Schatz,fixed,0.0325,2008-06-13,Auk,True,7000.0,5802.5,1197.5,99.579,3.47,3.47,2006-06-21,5779.1,1.03,5802.5,396.42,396.42,396.42,396.42,calc,merkel1,257
2006-06-28,2006-06-30,DE0001141489,Bobl,fixed,0.035,2011-04-08,Auk,False,5000.0,4100.0,900.0,98.46,3.86,3.86,2006-03-24,4069.49,32.63,4100.0,748.01,748.01,748.01,748.01,calc,merkel1,258
2006-07-05,2006-07-07,DE0001135309,Bund,fixed,0.04,2016-07-04,Auk,False,8000.0,6767.75,1232.25,99.2,4.1,4.1,2006-05-19,6749.95,36.34,6767.75,2759.02,2759.02,2759.02,2759.02,calc,merkel1,259
2006-07-10,2006-07-12,DE0001114932,Bubill,zero,0.0,2007-01-17,Auk,True,6000.0,5035.0,965.0,98.39511,3.1068,3.107,2006-07-12,4954.19,0.0,5035.0,80.81,80.81,80.81,80.81,calc,merkel1,260
2006-07-19,2006-07-21,DE0001137149,Schatz,fixed,0.0325,2008-06-13,Auk,False,7000.0,5569.0,1431.0,99.418,3.57,3.57,2006-06-21,5551.46,14.88,5569.0,375.55,375.55,375.55,375.55,calc,merkel1,261
2006-07-26,2006-07-28,DE0001135275,Bund,fixed,0.04,2037-01-04,Auk,False,6000.0,4952.0,1048.0,96.04,4.23,4.23,2005-01-26,4867.15,111.25,4952.0,6225.33,6225.33,6225.33,6225.33,calc,merkel1,262
2006-08-14,2006-08-16,DE0001114940,Bubill,zero,0.0,2007-02-14,Auk,True,6000.0,4930.0,1070.0,98.38732,3.2422,3.242,2006-08-16,4850.49,0.0,4930.0,79.51,79.51,79.51,79.51,calc,merkel1,263
2006-08-16,2006-08-18,DE0001135309,Bund,fixed,0.04,2016-07-04,Auk,False,7000.0,5828.0,1172.0,100.19,3.97,3.97,2006-05-19,5897.19,58.12,5828.0,2291.39,2291.39,2291.39,2291.39,calc,merkel1,264
2006-09-06,2006-09-08,DE0001030500,ILB,inflation_linked,0.015,2016-04-15,Syn,False,3500.0,3000.0,500.0,97.806,1.75,1.75,2006-03-15,3002.65,22.17,3436.26,932.3,932.3,932.3,932.3,calc,merkel1,265
2006-09-11,2006-09-13,DE0001114957,Bubill,zero,0.0,2007-03-14,Auk,True,6000.0,3910.0,2090.0,98.3367,3.3457,3.346,2006-09-13,3844.96,0.0,3910.0,65.04,65.04,65.04,65.04,calc,merkel1,266
2006-09-13,2006-09-15,DE0001137156,Schatz,fixed,0.035,2008-09-12,Auk,True,9000.0,6962.5,2037.5,99.745,3.63,3.63,2006-09-12,6946.75,2.0,6962.5,503.13,503.13,503.13,503.13,calc,merkel1,267
2006-09-27,2006-09-29,DE0001141497,Bobl,fixed,0.035,2011-10-14,Auk,True,8000.0,6729.0,1271.0,99.59,3.59,3.59,2006-09-29,6701.41,0.0,6729.0,1214.84,1214.84,1214.84,1214.84,calc,merkel1,268
2006-10-11,2006-10-13,DE0001137156,Schatz,fixed,0.035,2008-09-12,Auk,False,6000.0,4985.0,1015.0,99.727,3.65,3.65,2006-09-12,4986.21,14.82,4985.0,347.74,347.74,347.74,347.74,calc,merkel1,269
2006-10-16,2006-10-18,DE0001114965,Bubill,zero,0.0,2007-04-18,Auk,True,6000.0,4630.0,1370.0,98.28901,3.4433,3.443,2006-10-18,4550.78,0.0,4630.0,79.22,79.22,79.22,79.22,calc,merkel1,270
2006-10-25,2006-10-27,DE0001141497,Bobl,fixed,0.035,2011-10-14,Auk,False,5000.0,4490.0,510.0,98.62,3.81,3.81,2006-09-29,4440.09,12.06,4490.0,842.11,842.11,842.11,842.11,calc,merkel1,271
2006-11-13,2006-11-15,DE0001114973,Bubill,zero,0.0,2007-05-16,Auk,True,6000.0,4040.0,1960.0,98.2497,3.5238,3.524,2006-11-15,3969.29,0.0,4040.0,70.71,70.71,70.71,70.71,calc,merkel1,272
2006-11-15,2006-11-17,DE0001135317,Bund,fixed,0.0375,2017-01-04,Auk,True,7000.0,5508.75,1491.25,100.28,3.72,3.72,2006-11-17,5524.17,0.0,5508.75,2077.52,2077.52,2077.52,2077.52,calc,merkel1,273
2006-11-29,2006-12-01,DE0001141497,Bobl,fixed,0.035,2011-10-14,Auk,False,4000.0,3768.0,232.0,99.4,3.63,3.63,2006-09-29,3768.15,22.76,3768.0,664.66,664.66,664.66,664.66,calc,merkel1,274
2006-12-11,2006-12-13,DE0001114981,Bubill,zero,0.0,2007-06-13,Auk,True,6000.0,5360.0,640.0,98.21409,3.5968,3.597,2006-12-13,5264.28,0.0,5360.0,95.72,95.72,95.72,95.72,calc,merkel1,275
2006-12-13,2006-12-15,DE0001137164,Schatz,fixed,0.0375,2008-12-12,Auk,True,7000.0,5697.5,1302.5,100.074,3.71,3.71,2006-12-12,5703.47,1.76,5697.5,421.34,421.34,421.34,421.34,calc,merkel1,276
2007-01-03,2007-01-05,DE0001135317,Bund,fixed,0.0375,2017-01-04,Auk,False,7000.0,5795.0,1205.0,98.47,3.94,3.94,2006-11-17,5706.93,0.6,5795.0,2261.19,2261.19,2261.19,2261.19,calc,merkel1,277
2007-01-15,2007-01-17,DE0001114999,Bubill,zero,0.0,2007-07-18,Auk,True,6000.0,4435.0,1565.0,98.156,3.716,3.716,,4353.22,0.0,4435.0,81.78,81.78,81.78,81.78,calc,merkel1,278
2007-01-17,2007-01-19,DE0001137164,Schatz,fixed,0.0375,2008-12-12,Auk,False,7000.0,6085.0,915.0,99.722,3.9,3.9,2006-12-12,6091.84,23.76,6085.0,449.53,449.53,449.53,449.53,calc,merkel1,279
2007-01-24,2007-01-26,DE0001135325,Bund,fixed,0.0425,2039-07-04,Auk,True,6000.0,4942.5,1057.5,102.51,4.11,4.11,2007-01-26,5066.56,0.0,4942.5,6689.25,6689.25,6689.25,6689.25,calc,merkel1,280
2007-02-12,2007-02-14,DE0001115012,Bubill,zero,0.0,2007-08-15,Auk,True,6000.0,5138.0,862.0,98.12342,3.7829,3.783,,5041.58,0.0,5138.0,96.42,96.42,96.42,96.42,calc,merkel1,281
2007-02-14,2007-02-16,DE0001135317,Bund,fixed,0.0375,2017-01-04,Auk,False,6000.0,4981.0,1019.0,97.06,4.11,4.12,2006-11-17,4856.56,22.01,4981.0,1992.31,1992.31,1992.31,1992.31,calc,merkel1,282
2007-03-12,2007-03-14,DE0001115020,Bubill,zero,0.0,2007-09-12,Auk,True,6000.0,4910.0,1090.0,98.09121,3.8491,3.849,,4816.28,0.0,4910.0,93.72,93.72,93.72,93.72,calc,merkel1,283
2007-03-14,2007-03-16,DE0001137172,Schatz,fixed,0.0375,2009-03-13,Auk,True,8000.0,6880.0,1120.0,99.835,3.84,3.84,2007-03-13,6870.76,2.11,6880.0,525.24,525.24,525.24,525.24,calc,merkel1,284
2007-03-28,2007-03-30,DE0001141505,Bobl,fixed,0.04,2012-04-13,Auk,True,6000.0,5006.0,994.0,100.12,3.97,3.97,2007-03-30,5012.01,0.0,5006.0,1002.87,1002.87,1002.87,1002.87,calc,merkel1,285
2007-04-16,2007-04-18,DE0001115038,Bubill,zero,0.0,2007-10-17,Auk,True,6000.0,3490.0,2510.0,98.04201,3.9503,3.95,,3421.67,0.0,3490.0,68.33,68.33,68.33,68.33,calc,merkel1,286
2007-04-18,2007-04-20,DE0001137172,Schatz,fixed,0.0375,2009-03-13,Auk,False,7000.0,6365.0,635.0,99.391,4.09,4.09,2007-03-13,6351.02,24.78,6365.0,491.36,491.36,491.36,491.36,calc,merkel1,287
2007-04-25,2007-04-27,DE0001030500,ILB,inflation_linked,0.015,2016-04-15,Auk,False,2000.0,1917.0,83.0,95.4,2.07,2.07,2006-03-15,1861.95,0.96,2195.77,620.78,620.78,620.78,620.78,calc,merkel1,288
2007-05-02,2007-05-04,DE0001141505,Bobl,fixed,0.04,2012-04-13,Auk,False,5000.0,4161.0,839.0,99.29,4.16,4.16,2007-03-30,4147.39,15.93,4161.0,852.19,852.19,852.19,852.19,calc,merkel1,289
2007-05-14,2007-05-16,DE0001115046,Bubill,zero,0.0,2007-11-14,Auk,True,6000.0,5185.0,815.0,98.01067,4.0148,4.015,,5081.85,0.0,5185.0,103.15,103.15,103.15,103.15,calc,merkel1,290
2007-05-23,2007-05-25,DE0001135333,Bund,fixed,0.0425,2017-07-04,Auk,True,7000.0,6259.6,740.4,99.08,4.36,4.36,2007-05-25,6202.01,0.0,6259.6,2747.07,2747.07,2747.07,2747.07,calc,merkel1,291
2007-06-11,2007-06-13,DE0001115053,Bubill,zero,0.0,2007-12-12,Auk,True,6000.0,4911.0,1089.0,97.96403,4.1109,4.111,,4811.01,0.0,4911.0,99.99,99.99,99.99,99.99,calc,merkel1,292
2007-06-13,2007-06-15,DE0001137180,Schatz,fixed,0.045,2009-06-12,Auk,True,7000.0,6010.0,990.0,100.004,4.5,4.5,2007-06-12,6012.46,2.22,6010.0,538.44,538.44,538.44,538.44,calc,merkel1,293
2007-06-20,2007-06-22,DE0001141505,Bobl,fixed,0.04,2012-04-13,Auk,False,5000.0,4604.0,396.0,97.85,4.5,4.5,2007-03-30,4547.3,42.29,4604.0,984.56,984.56,984.56,984.56,calc,merkel1,294
2007-07-04,2007-07-06,DE0001135333,Bund,fixed,0.0425,2017-07-04,Auk,False,6000.0,5351.5,648.5,97.32,4.59,4.59,2007-05-25,5234.25,26.17,5351.5,2416.56,2416.56,2416.56,2416.56,calc,merkel1,295
2007-07-11,2007-07-13,DE0001137180,Schatz,fixed,0.045,2009-06-12,Auk,False,7000.0,6222.0,778.0,100.123,4.43,4.43,2007-06-12,6253.37,23.71,6222.0,528.61,528.61,528.61,528.61,calc,merkel1,296
2007-07-16,2007-07-18,DE0001115061,Bubill,zero,0.0,2008-01-16,Auk,True,6000.0,4860.0,1140.0,97.9262,4.1889,4.189,2007-07-18,4759.21,0.0,4860.0,100.79,100.79,100.79,100.79,calc,merkel1,297
2007-07-25,2007-07-27,DE0001135325,Bund,fixed,0.0425,2039-07-04,Auk,False,4000.0,3375.0,625.0,95.35,4.52,4.52,2007-01-26,3289.56,71.5,3375.0,4737.92,4737.92,4737.92,4737.92,calc,merkel1,298
2007-08-13,2007-08-15,DE0001115079,Bubill,zero,0.0,2008-02-13,Auk,True,6000.0,4830.0,1170.0,97.94322,4.1538,4.154,2007-08-15,4730.66,0.0,4830.0,99.34,99.34,99.34,99.34,calc,merkel1,299
2007-08-15,2007-08-17,DE0001135333,Bund,fixed,0.0425,2017-07-04,Auk,False,6000.0,5157.5,842.5,99.42,4.32,4.32,2007-05-25,5177.96,50.37,5157.5,2195.5,2195.5,2195.5,2195.5,calc,merkel1,300
2007-09-10,2007-09-12,DE0001115087,Bubill,zero,0.0,2008-03-19,Auk,True,6000.0,5630.0,370.0,97.94757,3.9913,3.991,2007-09-12,5514.45,0.0,5630.0,115.55,115.55,115.55,115.55,calc,merkel1,301
2007-09-12,2007-09-14,DE0001137198,Schatz,fixed,0.04,2009-09-11,Auk,True,7000.0,5910.0,1090.0,100.25,3.87,3.87,2007-09-11,5926.71,1.94,5910.0,456.09,456.09,456.09,456.09,calc,merkel1,302
2007-09-26,2007-09-28,DE0001141513,Bobl,fixed,0.0425,2012-10-12,Auk,True,6000.0,5440.0,560.0,100.35,4.17,4.17,2007-09-28,5459.04,0.0,5440.0,1145.83,1145.83,1145.83,1145.83,calc,merkel1,303
2007-10-10,2007-10-12,DE0001137198,Schatz,fixed,0.04,2009-09-11,Auk,False,6000.0,5474.0,526.0,99.92,4.04,4.04,2007-09-11,5488.17,18.55,5474.0,423.75,423.75,423.75,423.75,calc,merkel1,304
2007-10-15,2007-10-17,DE0001115095,Bubill,zero,0.0,2008-04-16,Auk,True,6000.0,5135.0,865.0,98.02913,3.9768,3.977,2007-10-17,5033.8,0.0,5135.0,101.2,101.2,101.2,101.2,calc,merkel1,305
2007-10-24,2007-10-26,DE0001030518,ILB,inflation_linked,0.0225,2013-04-15,Auk,True,4000.0,3685.0,315.0,101.32,1.99,1.99,2007-10-24,3794.21,0.46,4144.92,839.23,839.23,839.23,839.23,calc,merkel1,306
2007-10-31,2007-11-02,DE0001141513,Bobl,fixed,0.0425,2012-10-12,Auk,False,5000.0,4508.0,492.0,100.89,4.05,4.05,2007-09-28,4559.11,10.99,4508.0,906.84,906.84,906.84,906.84,calc,merkel1,307
2007-11-12,2007-11-14,DE0001115103,Bubill,zero,0.0,2008-05-21,Auk,True,6000.0,5320.0,680.0,97.9517,3.9831,3.983,2007-11-14,5211.03,0.0,5320.0,108.97,108.97,108.97,108.97,calc,merkel1,308
2007-11-14,2007-11-16,DE0001135341,Bund,fixed,0.04,2018-01-04,Auk,True,7000.0,5980.0,1020.0,98.45,4.19,4.19,2007-11-16,5887.31,0.0,5980.0,2516.8,2516.8,2516.8,2516.8,calc,merkel1,309
2007-11-28,2007-11-30,DE0001141513,Bobl,fixed,0.0425,2012-10-12,Auk,False,5000.0,4498.0,502.0,101.87,3.82,3.82,2007-09-28,4607.71,25.59,4498.0,846.12,846.12,846.12,846.12,calc,merkel1,310
2007-12-10,2007-12-12,DE0001115111,Bubill,zero,0.0,2008-06-18,Auk,True,6000.0,5500.0,500.0,97.9509,3.9847,3.985,2007-12-12,5387.3,0.0,5500.0,112.7,112.7,112.7,112.7,calc,merkel1,311
2007-12-12,2007-12-14,DE0001137206,Schatz,fixed,0.04,2009-12-11,Auk,True,7000.0,6417.0,583.0,100.225,3.88,3.88,2007-12-11,6433.54,2.1,6417.0,496.82,496.82,496.82,496.82,calc,merkel1,312
2008-01-02,2008-01-04,DE0001135341,Bund,fixed,0.04,2018-01-04,Auk,False,7000.0,5715.0,1285.0,97.21,4.35,4.35,2007-11-16,5586.24,30.69,5715.0,2445.45,2445.45,2445.45,2445.45,calc,merkel1,313
2008-01-14,2008-01-16,DE0001115129,Bubill,zero,0.0,2008-07-16,Auk,True,6000.0,3120.0,2880.0,98.04162,3.9511,3.951,,3058.9,0.0,3120.0,61.1,61.1,61.1,61.1,calc,merkel1,314
2008-01-16,2008-01-18,DE0001137206,Schatz,fixed,0.04,2009-12-11,Auk,False,7000.0,5856.25,1143.75,100.688,3.61,3.61,2007-12-11,5920.86,24.32,5856.25,403.89,403.89,403.89,403.89,calc,merkel1,315
2008-01-23,2008-01-25,DE0001135325,Bund,fixed,0.0425,2039-07-04,Auk,False,4000.0,3268.0,732.0,96.58,4.45,4.45,2007-01-26,3294.53,138.3,3268.0,4478.45,4478.45,4478.45,4478.45,calc,merkel1,316
2008-02-11,2008-02-13,DE0001115137,Bubill,zero,0.0,2008-08-13,Auk,True,6000.0,3696.0,2304.0,98.15955,3.7087,3.709,,3627.98,0.0,3696.0,68.02,68.02,68.02,68.02,calc,merkel1,317
2008-02-13,2008-02-15,DE0001135341,Bund,fixed,0.04,2018-01-04,Auk,False,6000.0,5111.5,888.5,100.45,3.94,3.94,2007-11-16,5185.41,50.91,5111.5,1998.14,1998.14,1998.14,1998.14,calc,merkel1,318
2008-03-05,2008-03-07,DE0001030518,ILB,inflation_linked,0.0225,2013-04-15,Auk,False,3000.0,2852.5,147.5,104.88,1.26,1.26,2007-10-24,3118.41,24.48,3208.52,468.26,468.26,468.26,468.26,calc,merkel1,319
2008-03-12,2008-03-14,DE0001137214,Schatz,fixed,0.03,2010-03-12,Auk,True,8000.0,6599.0,1401.0,99.59,3.22,3.22,2008-03-12,6573.03,1.08,6599.0,421.91,421.91,421.91,421.91,calc,merkel1,320
2008-03-17,2008-03-19,DE0001115145,Bubill,zero,0.0,2008-09-17,Auk,True,6000.0,3115.0,2885.0,98.12887,3.7717,3.772,,3056.71,0.0,3115.0,58.29,58.29,58.29,58.29,calc,merkel1,321
2008-03-26,2008-03-28,DE0001141521,Bobl,fixed,0.035,2013-04-12,Auk,True,7000.0,5330.0,1670.0,99.41,3.63,3.63,2008-03-28,5298.55,0.0,5330.0,971.84,971.84,971.84,971.84,calc,merkel1,322
2008-04-14,2008-04-16,DE0001115152,Bubill,zero,0.0,2008-10-15,Auk,True,6000.0,3430.0,2570.0,98.07176,3.8891,3.889,,3363.86,0.0,3430.0,66.14,66.14,66.14,66.14,calc,merkel1,323
2008-04-16,2008-04-18,DE0001137214,Schatz,fixed,0.03,2010-03-12,Auk,False,7000.0,5630.0,1370.0,99.06,3.52,3.52,2008-03-12,5594.2,17.12,5630.0,373.6,373.6,373.6,373.6,calc,merkel1,324
2008-05-07,2008-05-09,DE0001141521,Bobl,fixed,0.035,2013-04-12,Auk,False,5000.0,4093.0,907.0,98.07,3.94,3.94,2008-03-28,4030.47,16.47,4093.0,784.67,784.67,784.67,784.67,calc,merkel1,325
2008-05-19,2008-05-21,DE0001115160,Bubill,zero,0.0,2008-11-19,Auk,True,6000.0,5603.75,396.25,98.02029,3.995,3.995,,5492.81,0.0,5603.75,110.94,110.94,110.94,110.94,calc,merkel1,326
2008-05-28,2008-05-30,DE0001135358,Bund,fixed,0.0425,2018-07-04,Auk,True,8000.0,5640.0,2360.0,99.09,4.36,4.36,2008-05-30,5588.68,0.0,5640.0,2471.25,2471.25,2471.25,2471.25,calc,merkel1,327
2008-06-11,2008-06-13,DE0001030500,ILB,inflation_linked,0.015,2016-04-15,Auk,False,2000.0,1912.75,87.25,95.91,2.07,2.07,2006-03-15,1955.23,4.93,2190.9,491.89,491.89,491.89,491.89,calc,merkel1,329
2008-06-11,2008-06-13,DE0001137222,Schatz,fixed,0.0475,2010-06-11,Auk,True,8000.0,4760.0,3240.0,100.506,4.48,4.48,2008-06-11,4785.32,1.24,4760.0,426.88,426.88,426.88,426.88,calc,merkel1,328
2008-06-16,2008-06-18,DE0001115178,Bubill,zero,0.0,2008-12-10,Auk,True,6000.0,5511.0,489.0,97.92426,4.3606,4.361,,5396.61,0.0,5511.0,114.39,114.39,114.39,114.39,calc,merkel1,330
2008-06-18,2008-06-20,DE0001141521,Bobl,fixed,0.035,2013-04-12,Auk,False,5000.0,4043.5,956.5,94.95,4.69,4.69,2008-03-28,3871.86,32.55,4043.5,885.06,885.06,885.06,885.06,calc,merkel1,331
2008-07-02,2008-07-04,DE0001135358,Bund,fixed,0.0425,2018-07-04,Auk,False,7000.0,4615.0,2385.0,96.77,4.66,4.66,2008-05-30,4484.69,18.76,4615.0,2110.44,2110.44,2110.44,2110.44,calc,merkel1,332
2008-07-09,2008-07-11,DE0001030518,ILB,inflation_linked,0.0225,2013-04-15,Auk,False,2000.0,1758.75,241.25,101.24,1.97,1.97,2007-10-24,1879.9,9.91,1978.26,312.09,312.09,312.09,312.09,calc,merkel1,334
2008-07-09,2008-07-11,DE0001137222,Schatz,fixed,0.0475,2010-06-11,Auk,False,7000.0,5880.0,1120.0,100.515,4.46,4.46,2008-06-11,5933.24,22.96,5880.0,505.36,505.36,505.36,505.36,calc,merkel1,333
2008-07-14,2008-07-16,DE0001115186,Bubill,zero,0.0,2009-01-14,Auk,True,6000.0,2763.0,3237.0,97.83175,4.3839,4.384,2008-07-16,2703.09,0.0,2763.0,59.91,59.91,59.91,59.91,calc,merkel1,335
2008-07-23,2008-07-25,DE0001135366,Bund,fixed,0.0475,2040-07-04,Auk,True,4000.0,3208.0,792.0,97.48,4.91,4.91,2008-07-23,3127.99,0.83,3208.0,4948.23,4948.23,4948.23,4948.23,calc,merkel1,336
2008-08-11,2008-08-13,DE0001115194,Bubill,zero,0.0,2009-02-18,Auk,True,6000.0,5863.0,137.0,97.77708,4.3304,4.33,2008-08-13,5732.67,0.0,5863.0,130.33,130.33,130.33,130.33,calc,merkel1,337
2008-08-13,2008-08-15,DE0001135358,Bund,fixed,0.0425,2018-07-04,Auk,False,6000.0,4849.0,1151.0,100.05,4.24,4.24,2008-05-30,4894.85,43.42,4849.0,2034.69,2034.69,2034.69,2034.69,calc,merkel1,338
2008-09-10,2008-09-12,DE0001137230,Schatz,fixed,0.04,2010-09-10,Auk,True,8000.0,6472.5,1527.5,100.168,3.91,3.91,2008-09-10,6484.79,1.42,6472.5,505.51,505.51,505.51,505.51,calc,merkel1,339
2008-09-15,2008-09-17,DE0001115202,Bubill,zero,0.0,2009-03-18,Auk,True,6000.0,4185.0,1815.0,97.91035,4.2216,4.222,2008-09-17,4097.55,0.0,4185.0,87.45,87.45,87.45,87.45,calc,merkel1,340
2008-09-24,2008-09-26,DE0001115186,Bubill,zero,0.0,2009-01-14,EB,False,1000.0,0.0,1000.0,,,,2008-07-16,,,,,,,,none,merkel1,342
2008-09-24,2008-09-26,DE0001115194,Bubill,zero,0.0,2009-02-18,EB,False,1000.0,0.0,1000.0,,,,2008-08-13,,,,,,,,none,merkel1,343
2008-09-24,2008-09-26,DE0001115202,Bubill,zero,0.0,2009-03-18,EB,False,1000.0,0.0,1000.0,,,,2008-09-17,,,,,,,,none,merkel1,344
2008-09-24,2008-09-26,DE0001141539,Bobl,fixed,0.04,2013-10-11,Auk,True,7000.0,5622.5,1377.5,100.05,3.99,3.99,2008-09-26,5625.31,0.0,5622.5,1130.91,1130.91,1130.91,1130.91,calc,merkel1,341
2008-10-08,2008-10-10,DE0001137230,Schatz,fixed,0.04,2010-09-10,Auk,False,7000.0,5618.5,1381.5,101.778,3.03,3.03,2008-09-10,5736.87,18.47,5618.5,331.11,331.11,331.11,331.11,calc,merkel1,345
2008-10-13,2008-10-15,DE0001115210,Bubill,zero,0.0,2009-04-22,Auk,True,6000.0,4440.0,1560.0,98.88287,2.1519,2.152,2008-10-15,4390.4,0.0,4440.0,49.6,49.6,49.6,49.6,calc,merkel1,346
2008-10-22,2008-10-24,DE0001141539,Bobl,fixed,0.04,2013-10-11,Auk,False,5000.0,4055.5,944.5,102.51,3.44,3.44,2008-09-26,4163.07,5.78,4055.5,703.53,703.53,703.53,703.53,calc,merkel1,347
2008-11-12,2008-11-14,DE0001135374,Bund,fixed,0.0375,2019-01-04,Auk,True,7000.0,4902.0,2098.0,100.07,3.74,3.74,2008-11-14,4905.43,0.0,4902.0,1860.43,1860.43,1860.43,1860.43,calc,merkel1,348
2008-11-17,2008-11-19,DE0001115228,Bubill,zero,0.0,2009-05-13,Auk,True,6000.0,5625.0,375.0,98.94563,2.1921,2.192,2008-11-19,5565.69,0.0,5625.0,59.31,59.31,59.31,59.31,calc,merkel1,349
2008-11-19,2008-11-21,DE0001141539,Bobl,fixed,0.04,2013-10-11,Auk,False,4000.0,3422.0,578.0,105.48,2.78,2.78,2008-09-26,3624.9,15.38,3422.0,481.5,481.5,481.5,481.5,calc,merkel1,350
2008-12-08,2008-12-10,DE0001115236,Bubill,zero,0.0,2009-06-17,Auk,True,6000.0,5748.0,252.0,98.97906,1.9647,1.965,2008-12-10,5689.32,0.0,5748.0,58.68,58.68,58.68,58.68,calc,merkel1,351
2008-12-10,2008-12-12,DE0001137248,Schatz,fixed,0.0225,2010-12-10,Auk,True,7000.0,5735.0,1265.0,100.039,2.23,2.23,2008-12-10,5737.94,0.71,5735.0,255.13,255.13,255.13,255.13,calc,merkel1,352
2009-01-07,2009-01-09,DE0001135374,Bund,fixed,0.0375,2019-01-04,Auk,False,6000.0,4058.0,1942.0,105.31,3.12,3.12,2008-11-14,4296.77,23.29,4058.0,1304.19,1304.19,1304.19,1304.19,calc,merkel1,353
2009-01-12,2009-01-14,DE0001115244,Bubill,zero,0.0,2009-07-15,Auk,True,7000.0,6121.0,879.0,99.30308,1.3882,1.388,,6078.34,0.0,6121.0,42.66,42.66,42.66,42.66,calc,merkel1,354
2009-01-14,2009-01-16,DE0001137248,Schatz,fixed,0.0225,2010-12-10,Auk,False,7000.0,5600.0,1400.0,101.302,1.55,1.55,2008-12-10,5685.68,12.77,5600.0,166.32,166.32,166.32,166.32,calc,merkel1,355
2009-01-19,2009-01-21,DE0001115251,Bubill,zero,0.0,2009-10-28,Auk,True,5000.0,3910.0,1090.0,98.9923,1.3088,1.309,,3870.6,0.0,3910.0,39.4,39.4,39.4,39.4,calc,merkel1,356
2009-01-26,2009-01-28,DE0001115269,Bubill,zero,0.0,2010-01-27,Auk,True,5000.0,2717.4,2282.6,98.75751,1.2443,1.244,2009-01-28,2683.64,0.0,2717.4,33.76,33.76,33.76,33.76,calc,merkel1,357
2009-02-09,2009-02-11,DE0001115277,Bubill,zero,0.0,2009-11-25,Auk,True,5000.0,3700.0,1300.0,99.17034,1.0494,1.049,,3669.3,0.0,3700.0,30.7,30.7,30.7,30.7,calc,merkel1,358
2009-02-11,2009-02-13,DE0001135374,Bund,fixed,0.0375,2019-01-04,Auk,False,6000.0,4209.0,1791.0,103.9,3.28,3.28,2008-11-14,4412.44,39.29,4209.0,1396.93,1396.93,1396.93,1396.93,calc,merkel1,359
2009-02-16,2009-02-18,DE0001115285,Bubill,zero,0.0,2009-08-12,Auk,True,7000.0,5001.0,1999.0,99.53049,0.9704,0.97,,4977.52,0.0,5001.0,23.48,23.48,23.48,23.48,calc,merkel1,360
2009-02-23,2009-02-25,DE0001115293,Bubill,zero,0.0,2010-02-24,Auk,True,5000.0,4525.0,475.0,98.96464,1.0347,1.035,2009-02-25,4478.15,0.0,4525.0,46.85,46.85,46.85,46.85,calc,merkel1,361
2009-03-11,2009-03-13,DE0001137255,Schatz,fixed,0.0125,2011-03-11,Auk,True,8000.0,6325.0,1675.0,99.795,1.35,1.35,2009-03-11,6312.47,0.43,6325.0,170.66,170.66,170.66,170.66,calc,merkel1,362
2009-03-16,2009-03-18,DE0001115301,Bubill,zero,0.0,2009-09-16,Auk,True,7000.0,6207.0,793.0,99.61349,0.7675,0.767,,6183.01,0.0,6207.0,23.99,23.99,23.99,23.99,calc,merkel1,363
2009-03-18,2009-03-20,DE0001135374,Bund,fixed,0.0375,2019-01-04,Auk,False,5000.0,3805.0,1195.0,104.3,3.23,3.23,2008-11-14,4017.82,49.2,3805.0,1233.94,1233.94,1233.94,1233.94,calc,merkel1,364
2009-03-23,2009-03-25,DE0001115319,Bubill,zero,0.0,2009-12-16,Auk,True,5000.0,3045.0,1955.0,99.4429,0.7582,0.758,,3028.04,0.0,3045.0,16.96,16.96,16.96,16.96,calc,merkel1,365
2009-03-25,2009-03-27,DE0001141547,Bobl,fixed,0.0225,2014-04-11,Auk,True,7000.0,5713.0,1287.0,99.22,2.42,2.42,2009-03-27,5668.44,0.0,5713.0,692.56,692.56,692.56,692.56,calc,merkel1,366
2009-03-30,2009-04-01,DE0001115327,Bubill,zero,0.0,2010-03-31,Auk,True,5000.0,2805.4,2194.6,99.19263,0.805,0.805,2009-04-01,2782.75,0.0,2805.4,22.65,22.65,22.65,22.65,calc,merkel1,367
2009-04-06,2009-04-08,DE0001115335,Bubill,zero,0.0,2009-07-29,Auk,True,5000.0,4525.0,475.0,99.77864,0.7131,0.713,,4514.98,0.0,4525.0,10.02,10.02,10.02,10.02,calc,merkel1,368
2009-04-15,2009-04-17,DE0001137255,Schatz,fixed,0.0125,2011-03-11,Auk,False,7000.0,5966.75,1033.25,99.804,1.35,1.35,2009-03-11,5962.62,7.56,5966.75,153.3,153.3,153.3,153.3,calc,merkel1,369
2009-04-20,2009-04-22,DE0001115343,Bubill,zero,0.0,2009-10-14,Auk,True,7000.0,6037.0,963.0,99.57245,0.8833,0.883,,6011.19,0.0,6037.0,25.81,25.81,25.81,25.81,calc,merkel1,370
2009-04-27,2009-04-29,DE0001115350,Bubill,zero,0.0,2010-04-28,Auk,True,5000.0,4745.0,255.0,99.08451,0.9138,0.914,2009-04-29,4701.56,0.0,4745.0,43.44,43.44,43.44,43.44,calc,merkel1,371
2009-05-06,2009-05-08,DE0001141547,Bobl,fixed,0.0225,2014-04-11,Auk,False,6000.0,4865.0,1135.0,99.24,2.41,2.42,2009-03-27,4836.12,8.1,4865.0,576.19,576.19,576.19,576.19,calc,merkel1,372
2009-05-11,2009-05-13,DE0001115368,Bubill,zero,0.0,2009-11-18,Auk,True,7000.0,5467.0,1533.0,99.61884,0.7288,0.729,,5446.16,0.0,5467.0,20.84,20.84,20.84,20.84,calc,merkel1,373
2009-05-18,2009-05-20,DE0001115376,Bubill,zero,0.0,2009-08-26,Auk,True,5000.0,4402.0,598.0,99.82589,0.6407,0.641,,4394.34,0.0,4402.0,7.66,7.66,7.66,7.66,calc,merkel1,374
2009-05-20,2009-05-22,DE0001135382,Bund,fixed,0.035,2019-07-04,Auk,True,7000.0,5567.5,1432.5,99.69,3.54,3.54,2009-05-22,5550.24,0.0,5567.5,1988.84,1988.84,1988.84,1988.84,calc,merkel1,375
2009-05-25,2009-05-27,DE0001115384,Bubill,zero,0.0,2010-05-19,Auk,True,5000.0,2800.0,2200.0,99.09046,0.9256,0.926,2009-05-27,2774.53,0.0,2800.0,25.47,25.47,25.47,25.47,calc,merkel1,376
2009-05-27,2009-05-29,DE0001137263,Schatz,fixed,0.015,2011-06-10,Auk,True,8000.0,6320.0,1680.0,99.955,1.52,1.52,2009-05-29,6317.16,0.0,6320.0,195.56,195.56,195.56,195.56,calc,merkel1,377
2009-06-03,2009-06-05,DE0001135366,Bund,fixed,0.0475,2040-07-04,Auk,False,4000.0,3336.0,664.0,105.22,4.44,4.44,2008-07-23,3647.76,137.62,3336.0,4750.71,4750.71,4750.71,4750.71,calc,merkel1,378
2009-06-10,2009-06-12,DE0001030526,ILB,inflation_linked,0.0175,2020-04-15,Auk,True,3000.0,2758.55,241.45,100.12,1.74,1.74,2009-06-10,2782.09,0.27,3140.91,925.49,925.49,925.49,925.49,calc,merkel1,379
2009-06-10,2009-06-12,DE0001141547,Bobl,fixed,0.0225,2014-04-11,Auk,False,6000.0,4855.0,1145.0,97.34,2.85,2.85,2009-03-27,4744.41,18.56,4855.0,656.78,656.78,656.78,656.78,calc,merkel1,380
2009-06-15,2009-06-17,DE0001115392,Bubill,zero,0.0,2009-12-09,Auk,True,7000.0,3410.0,3590.0,99.61923,0.7863,0.786,,3397.02,0.0,3410.0,12.98,12.98,12.98,12.98,calc,merkel1,381
2009-06-17,2009-06-19,DE0001137263,Schatz,fixed,0.015,2011-06-10,Auk,False,7000.0,5580.0,1420.0,99.886,1.56,1.56,2009-05-29,5575.7,2.06,5580.0,171.7,171.7,171.7,171.7,calc,merkel1,382
2009-06-22,2009-06-24,DE0001115400,Bubill,zero,0.0,2009-09-30,Auk,True,5000.0,4750.0,250.0,99.8107,0.6967,0.697,,4741.01,0.0,4750.0,8.99,8.99,8.99,8.99,calc,merkel1,383
2009-06-29,2009-07-01,DE0001115418,Bubill,zero,0.0,2010-06-30,Auk,True,5000.0,3585.0,1415.0,99.13993,0.858,0.858,2009-07-01,3554.17,0.0,3585.0,30.83,30.83,30.83,30.83,calc,merkel1,384
2009-07-01,2009-07-03,DE0001135382,Bund,fixed,0.035,2019-07-04,Auk,False,6000.0,5003.0,997.0,100.83,3.4,3.4,2009-05-22,5064.67,20.15,5003.0,1710.0,1710.0,1710.0,1710.0,calc,merkel1,385
2009-07-13,2009-07-15,DE0001115426,Bubill,zero,0.0,2010-01-13,Auk,True,7000.0,5720.0,1280.0,99.72608,0.5433,0.543,2009-07-15,5704.33,0.0,5720.0,15.67,15.67,15.67,15.67,calc,merkel1,386
2009-07-20,2009-07-22,DE0001115350,Bubill,zero,0.0,2010-04-28,Auk,False,4000.0,2740.0,1260.0,99.54459,0.5882,0.588,2009-04-29,2727.52,0.0,2740.0,12.48,12.48,12.48,12.48,calc,merkel1,387
2009-07-27,2009-07-29,DE0001115434,Bubill,zero,0.0,2010-07-28,Auk,True,5000.0,3500.0,1500.0,99.24986,0.7475,0.748,2009-07-29,3473.75,0.0,3500.0,26.25,26.25,26.25,26.25,calc,merkel1,388
2009-08-10,2009-08-12,DE0001115442,Bubill,zero,0.0,2010-02-17,Auk,True,7000.0,4558.5,2441.5,99.72017,0.5345,0.535,2009-08-12,4545.74,0.0,4558.5,12.76,12.76,12.76,12.76,calc,merkel1,389
2009-08-12,2009-08-14,DE0001135382,Bund,fixed,0.035,2019-07-04,Auk,False,6000.0,4850.6,1149.4,100.57,3.43,3.43,2009-05-22,4897.32,19.07,4850.6,1650.99,1650.99,1650.99,1650.99,calc,merkel1,390
2009-08-17,2009-08-19,DE0001115384,Bubill,zero,0.0,2010-05-19,Auk,False,4000.0,2675.0,1325.0,99.56284,0.579,0.579,2009-05-27,2663.31,0.0,2675.0,11.69,11.69,11.69,11.69,calc,merkel1,391
2009-08-24,2009-08-26,DE0001115459,Bubill,zero,0.0,2010-08-25,Auk,True,5000.0,3090.0,1910.0,99.22736,0.7701,0.77,2009-08-26,3066.13,0.0,3090.0,23.87,23.87,23.87,23.87,calc,merkel1,392
2009-09-09,2009-09-11,DE0001137271,Schatz,fixed,0.0125,2011-09-16,Auk,True,7000.0,5708.75,1291.25,100.069,1.22,1.22,2009-09-11,5712.69,0.0,5708.75,139.76,139.76,139.76,139.76,calc,merkel1,393
2009-09-14,2009-09-21,DE0001030120,USD-Bond,fixed_fx,0.015,2012-09-21,Syn,True,2735.98,2735.98,0.0,99.729,1.593,1.59,2009-09-21,2728.56,0.0,2735.98,130.53,130.53,130.53,130.53,model,merkel1,395
2009-09-14,2009-09-16,DE0001115467,Bubill,zero,0.0,2010-03-17,Auk,True,7000.0,4990.0,2010.0,99.78011,0.4359,0.436,2009-09-16,4979.03,0.0,4990.0,10.97,10.97,10.97,10.97,calc,merkel1,394
2009-09-16,2009-09-18,DE0001135382,Bund,fixed,0.035,2019-07-04,Auk,False,5000.0,4140.0,860.0,101.77,3.28,3.28,2009-05-22,4243.45,30.17,4140.0,1345.55,1345.55,1345.55,1345.55,calc,merkel1,396
2009-09-21,2009-09-23,DE0001115418,Bubill,zero,0.0,2010-06-30,Auk,False,4000.0,2215.0,1785.0,99.553,0.5773,0.577,2009-07-01,2205.1,0.0,2215.0,9.9,9.9,9.9,9.9,calc,merkel1,397
2009-09-23,2009-09-25,DE0001141554,Bobl,fixed,0.025,2014-10-10,Auk,True,7000.0,5580.5,1419.5,99.81,2.54,2.54,2009-09-25,5569.9,0.0,5580.5,713.9,713.9,713.9,713.9,calc,merkel1,398
2009-09-28,2009-09-30,DE0001115475,Bubill,zero,0.0,2010-09-29,Auk,True,5000.0,4899.5,100.5,99.31624,0.6809,0.681,2009-09-30,4866.0,0.0,4899.5,33.5,33.5,33.5,33.5,calc,merkel1,399
2009-09-30,2009-10-02,DE0001137271,Schatz,fixed,0.0125,2011-09-16,Auk,False,5000.0,4070.0,930.0,99.982,1.26,1.26,2009-09-11,4071.5,2.23,4070.0,100.25,100.25,100.25,100.25,calc,merkel1,400
2009-10-07,2009-10-09,DE0001135366,Bund,fixed,0.0475,2040-07-04,Auk,False,2000.0,1606.0,394.0,116.25,3.84,3.84,2008-07-23,1887.25,20.27,1606.0,2083.59,2083.59,2083.59,2083.59,calc,merkel1,401
2009-10-12,2009-10-14,DE0001115483,Bubill,zero,0.0,2010-04-14,Auk,True,6000.0,5432.0,568.0,99.70547,0.5843,0.584,2009-10-14,5416.0,0.0,5432.0,16.0,16.0,16.0,16.0,calc,merkel1,402
2009-10-14,2009-10-16,DE0001137271,Schatz,fixed,0.0125,2011-09-16,Auk,False,4000.0,3455.0,545.0,99.895,1.31,1.31,2009-09-11,3454.92,3.55,3455.0,86.45,86.45,86.45,86.45,calc,merkel1,403
2009-10-26,2009-10-28,DE0001115491,Bubill,zero,0.0,2010-10-27,Auk,True,4000.0,3220.0,780.0,99.16856,0.8292,0.829,2009-10-28,3193.23,0.0,3220.0,26.77,26.77,26.77,26.77,calc,merkel1,404
2009-10-28,2009-10-30,DE0001030526,ILB,inflation_linked,0.0175,2020-04-15,Auk,False,2000.0,1855.0,145.0,102.77,1.46,1.46,2009-06-10,1934.08,12.73,2112.12,559.11,559.11,559.11,559.11,calc,merkel2,405
2009-10-28,2009-10-30,DE0001141554,Bobl,fixed,0.025,2014-10-10,Auk,False,5000.0,4148.0,852.0,100.41,2.41,2.41,2009-09-25,4174.95,9.94,4148.0,495.81,495.81,495.81,495.81,calc,merkel2,406
2009-11-11,2009-11-13,DE0001135390,Bund,fixed,0.0325,2020-01-04,Auk,True,6000.0,4975.0,1025.0,98.95,3.37,3.37,2009-11-13,4922.76,0.0,4975.0,1692.15,1692.15,1692.15,1692.15,calc,merkel2,407
2009-11-16,2009-11-18,DE0001115509,Bubill,zero,0.0,2010-05-12,Auk,True,6000.0,5445.0,555.0,99.74704,0.5217,0.522,2009-11-18,5431.23,0.0,5445.0,13.77,13.77,13.77,13.77,calc,merkel2,408
2009-11-18,2009-11-20,DE0001137289,Schatz,fixed,0.0125,2011-12-16,Auk,True,6000.0,5003.25,996.75,99.883,1.31,1.31,2009-11-20,4997.4,0.0,5003.25,135.39,135.39,135.39,135.39,calc,merkel2,409
2009-11-23,2009-11-25,DE0001115517,Bubill,zero,0.0,2010-11-24,Auk,True,4000.0,2785.0,1215.0,99.17452,0.8232,0.823,2009-11-25,2762.01,0.0,2785.0,22.99,22.99,22.99,22.99,calc,merkel2,410
2009-11-25,2009-11-27,DE0001141554,Bobl,fixed,0.025,2014-10-10,Auk,False,5000.0,4105.0,895.0,100.68,2.35,2.35,2009-09-25,4150.63,17.71,4105.0,471.72,471.72,471.72,471.72,calc,merkel2,411
2009-12-07,2009-12-09,DE0001115525,Bubill,zero,0.0,2010-06-16,Auk,True,6000.0,5884.0,116.0,99.72905,0.5175,0.517,2009-12-09,5868.06,0.0,5884.0,15.94,15.94,15.94,15.94,calc,merkel2,412
2009-12-09,2009-12-11,DE0001137289,Schatz,fixed,0.0125,2011-12-16,Auk,False,5000.0,4155.0,845.0,100.083,1.21,1.21,2009-11-20,4161.44,2.99,4155.0,101.14,101.14,101.14,101.14,calc,merkel2,413
2010-01-06,2010-01-08,DE0001135390,Bund,fixed,0.0325,2020-01-04,Auk,False,6000.0,4885.0,1115.0,98.92,3.38,3.38,2009-11-13,4833.98,1.74,4885.0,1638.64,1638.64,1638.64,1638.64,calc,merkel2,414
2010-01-11,2010-01-13,DE0001115533,Bubill,zero,0.0,2010-07-14,Auk,True,5000.0,4556.25,443.75,99.81415,0.3683,0.368,,4547.78,0.0,4556.25,8.47,8.47,8.47,8.47,calc,merkel2,415
2010-01-13,2010-01-15,DE0001030526,ILB,inflation_linked,0.0175,2020-04-15,Auk,False,2000.0,1822.0,178.0,103.35,1.4,1.4,2009-06-10,1923.4,19.34,2074.55,525.43,525.43,525.43,525.43,calc,merkel2,416
2010-01-13,2010-01-15,DE0001141562,Bobl,fixed,0.025,2015-02-27,Auk,True,6000.0,4948.75,1051.25,100.23,2.45,2.45,2010-01-15,4960.13,0.0,4948.75,621.79,621.79,621.79,621.79,calc,merkel2,417
2010-01-20,2010-01-22,DE0001137289,Schatz,fixed,0.0125,2011-12-16,Auk,False,7000.0,5910.0,1090.0,100.192,1.15,1.15,2009-11-20,5928.84,7.49,5910.0,128.91,128.91,128.91,128.91,calc,merkel2,418
2010-01-25,2010-01-27,DE0001115541,Bubill,zero,0.0,2011-01-26,Auk,True,4000.0,3625.5,374.5,99.37152,0.6255,0.626,2010-01-27,3602.71,0.0,3625.5,22.79,22.79,22.79,22.79,calc,merkel2,419
2010-01-27,2010-01-29,DE0001135366,Bund,fixed,0.0475,2040-07-04,Auk,False,3000.0,2525.5,474.5,113.73,3.96,3.96,2008-07-23,2940.94,68.69,2525.5,3303.36,3303.36,3303.36,3303.36,calc,merkel2,420
2010-02-03,2010-02-05,DE0001141562,Bobl,fixed,0.025,2015-02-27,Auk,False,6000.0,4822.0,1178.0,100.87,2.31,2.31,2010-01-15,4870.89,6.94,4822.0,568.06,568.06,568.06,568.06,calc,merkel2,421
2010-02-10,2010-02-12,DE0001135390,Bund,fixed,0.0325,2020-01-04,Auk,False,5000.0,4233.25,766.75,100.25,3.22,3.22,2009-11-13,4258.53,14.7,4233.25,1350.52,1350.52,1350.52,1350.52,calc,merkel2,422
2010-02-15,2010-02-17,DE0001115558,Bubill,zero,0.0,2010-08-11,Auk,True,5000.0,4547.5,452.5,99.82439,0.3619,0.362,,4539.51,0.0,4547.5,7.99,7.99,7.99,7.99,calc,merkel2,423
2010-02-17,2010-02-19,DE0001137297,Schatz,fixed,0.01,2012-03-16,Auk,True,7000.0,6272.5,727.5,99.855,1.07,1.07,2010-02-19,6263.4,0.0,6272.5,138.84,138.84,138.84,138.84,calc,merkel2,424
2010-02-22,2010-02-24,DE0001115566,Bubill,zero,0.0,2011-02-23,Auk,True,4000.0,3777.5,222.5,99.41278,0.5842,0.584,2010-02-24,3755.32,0.0,3777.5,22.18,22.18,22.18,22.18,calc,merkel2,425
2010-03-03,2010-03-05,DE0001141562,Bobl,fixed,0.025,2015-02-27,Auk,False,5000.0,4015.5,984.5,101.71,2.13,2.13,2010-01-15,4097.64,13.48,4015.5,431.62,431.62,431.62,431.62,calc,merkel2,426
2010-03-10,2010-03-12,DE0001030526,ILB,inflation_linked,0.0175,2020-04-15,Auk,False,1000.0,981.75,18.25,104.2,1.3,1.3,2009-06-10,1048.32,13.1,1117.83,271.19,271.19,271.19,271.19,calc,merkel2,428
2010-03-10,2010-03-12,DE0001137297,Schatz,fixed,0.01,2012-03-16,Auk,False,6000.0,5035.0,965.0,100.04,0.98,0.98,2010-02-19,5039.91,2.9,5035.0,99.24,99.24,99.24,99.24,calc,merkel2,427
2010-03-15,2010-03-17,DE0001115574,Bubill,zero,0.0,2010-09-15,Auk,True,5000.0,3550.0,1450.0,99.81027,0.376,0.376,,3543.26,0.0,3550.0,6.74,6.74,6.74,6.74,calc,merkel2,429
2010-03-17,2010-03-19,DE0001135390,Bund,fixed,0.0325,2020-01-04,Auk,False,5000.0,4092.5,907.5,101.01,3.13,3.13,2009-11-13,4160.8,26.97,4092.5,1261.76,1261.76,1261.76,1261.76,calc,merkel2,430
2010-03-29,2010-03-31,DE0001115582,Bubill,zero,0.0,2011-03-30,Auk,True,4000.0,3575.0,425.0,99.42227,0.5747,0.575,2010-03-31,3554.35,0.0,3575.0,20.65,20.65,20.65,20.65,calc,merkel2,431
2010-04-07,2010-04-09,DE0001030518,ILB,inflation_linked,0.0225,2013-04-15,Auk,False,2000.0,1942.0,58.0,107.65,-0.27,-0.27,2007-10-24,2243.67,45.2,2184.38,131.1,131.1,131.1,131.1,calc,merkel2,433
2010-04-07,2010-04-09,DE0001137297,Schatz,fixed,0.01,2012-03-16,Auk,False,6000.0,5215.0,785.0,100.1,0.95,0.95,2010-02-19,5223.64,3.43,5215.0,95.66,95.66,95.66,95.66,calc,merkel2,432
2010-04-12,2010-04-14,DE0001115590,Bubill,zero,0.0,2010-10-13,Auk,True,5000.0,4030.0,970.0,99.78822,0.4198,0.42,,4021.47,0.0,4030.0,8.53,8.53,8.53,8.53,calc,merkel2,434
2010-04-14,2010-04-16,DE0001141570,Bobl,fixed,0.0225,2015-04-10,Auk,True,7000.0,5740.0,1260.0,100.28,2.19,2.19,2010-04-14,5756.78,0.71,5740.0,627.55,627.55,627.55,627.55,calc,merkel2,435
2010-04-19,2010-04-21,DE0001115541,Bubill,zero,0.0,2011-01-26,Auk,False,2000.0,1941.5,58.5,99.63686,0.4686,0.469,2010-01-27,1934.45,0.0,1941.5,7.05,7.05,7.05,7.05,calc,merkel2,436
2010-04-21,2010-04-23,DE0001135366,Bund,fixed,0.0475,2040-07-04,Auk,False,3000.0,2458.0,542.0,116.25,3.83,3.83,2008-07-23,2951.15,93.72,2458.0,3126.26,3126.26,3126.26,3126.26,calc,merkel2,437
2010-04-26,2010-04-28,DE0001115608,Bubill,zero,0.0,2011-04-20,Auk,True,4000.0,3815.0,185.0,99.44038,0.5675,0.567,2010-04-28,3793.65,0.0,3815.0,21.35,21.35,21.35,21.35,calc,merkel2,438
2010-04-28,2010-04-30,DE0001135408,Bund,fixed,0.03,2020-07-04,Auk,True,6000.0,5056.75,943.25,100.26,2.97,2.97,2010-04-30,5069.9,0.0,5056.75,1530.89,1530.89,1530.89,1530.89,calc,merkel2,439
2010-05-10,2010-05-12,DE0001115616,Bubill,zero,0.0,2010-11-10,Auk,True,5000.0,4230.0,770.0,99.86717,0.2631,0.263,,4224.38,0.0,4230.0,5.62,5.62,5.62,5.62,calc,merkel2,440
2010-05-12,2010-05-14,DE0001137305,Schatz,fixed,0.005,2012-06-15,Auk,True,7000.0,5816.0,1184.0,99.751,0.62,0.62,2010-05-14,5801.52,0.0,5816.0,75.19,75.19,75.19,75.19,calc,merkel2,441
2010-05-17,2010-05-19,DE0001115624,Bubill,zero,0.0,2011-05-18,Auk,True,4000.0,3855.0,145.0,99.65529,0.3421,0.342,2010-05-19,3841.71,0.0,3855.0,13.29,13.29,13.29,13.29,calc,merkel2,442
2010-05-19,2010-05-21,DE0001135408,Bund,fixed,0.03,2020-07-04,Auk,False,6000.0,4574.0,1426.0,102.14,2.75,2.75,2010-04-30,4679.78,7.89,4574.0,1290.86,1290.86,1290.86,1290.86,calc,merkel2,443
2010-05-26,2010-05-28,DE0001141570,Bobl,fixed,0.0225,2015-04-10,Auk,False,7000.0,5445.0,1555.0,103.62,1.47,1.47,2010-04-14,5656.88,14.77,5445.0,399.34,399.34,399.34,399.34,calc,merkel2,444
2010-05-31,2010-06-02,DE0001115566,Bubill,zero,0.0,2011-02-23,Auk,False,2000.0,1895.0,105.0,99.80598,0.2631,0.263,2010-02-24,1891.32,0.0,1895.0,3.68,3.68,3.68,3.68,calc,merkel2,445
2010-06-09,2010-06-11,DE0001030526,ILB,inflation_linked,0.0175,2020-04-15,Auk,False,1000.0,995.5,4.5,108.33,0.86,0.86,2009-06-10,1103.66,2.78,1133.49,219.47,219.47,219.47,219.47,calc,merkel2,447
2010-06-09,2010-06-11,DE0001137305,Schatz,fixed,0.005,2012-06-15,Auk,False,6000.0,4625.0,1375.0,100.069,0.47,0.47,2010-05-14,4629.97,1.77,4625.0,43.31,43.31,43.31,43.31,calc,merkel2,446
2010-06-14,2010-06-16,DE0001115632,Bubill,zero,0.0,2010-12-08,Auk,True,5000.0,4840.0,160.0,99.90661,0.1923,0.192,2010-06-16,4835.48,0.0,4840.0,4.52,4.52,4.52,4.52,calc,merkel2,448
2010-06-16,2010-06-18,DE0001135408,Bund,fixed,0.03,2020-07-04,Auk,False,5000.0,4062.0,938.0,102.88,2.67,2.67,2010-04-30,4195.34,16.36,4062.0,1106.96,1106.96,1106.96,1106.96,calc,merkel2,449
2010-06-21,2010-06-23,DE0001115582,Bubill,zero,0.0,2011-03-30,Auk,False,2000.0,1934.5,65.5,99.74616,0.3272,0.327,2010-03-31,1929.59,0.0,1934.5,4.91,4.91,4.91,4.91,calc,merkel2,450
2010-06-28,2010-06-30,DE0001115640,Bubill,zero,0.0,2011-06-29,Auk,True,4000.0,3196.0,804.0,99.54596,0.4511,0.451,2010-06-30,3181.49,0.0,3196.0,14.51,14.51,14.51,14.51,calc,merkel2,451
2010-06-30,2010-07-02,DE0001137305,Schatz,fixed,0.005,2012-06-15,Auk,False,6000.0,4940.0,1060.0,99.946,0.53,0.53,2010-05-14,4938.48,1.15,4940.0,50.92,50.92,50.92,50.92,calc,merkel2,452
2010-07-07,2010-07-09,DE0001135408,Bund,fixed,0.03,2020-07-04,Auk,False,5000.0,4018.0,982.0,103.81,2.56,2.56,2010-04-30,4194.2,23.12,4018.0,1050.66,1050.66,1050.66,1050.66,calc,merkel2,453
2010-07-12,2010-07-14,DE0001115657,Bubill,zero,0.0,2011-01-12,Auk,True,5000.0,4193.0,807.0,99.78681,0.4226,0.423,2010-07-14,4184.06,0.0,4193.0,8.94,8.94,8.94,8.94,calc,merkel2,454
2010-07-14,2010-07-16,DE0001141570,Bobl,fixed,0.0225,2015-04-10,Auk,False,5000.0,4030.0,970.0,102.93,1.6,1.6,2010-04-14,4171.18,23.1,4030.0,311.2,311.2,311.2,311.2,calc,merkel2,455
2010-07-19,2010-07-21,DE0001115608,Bubill,zero,0.0,2011-04-20,Auk,False,2000.0,1715.0,285.0,99.58465,0.55,0.55,2010-04-28,1707.88,0.0,1715.0,7.12,7.12,7.12,7.12,calc,merkel2,456
2010-07-21,2010-07-23,DE0001030526,ILB,inflation_linked,0.0175,2020-04-15,Auk,False,1000.0,1000.0,0.0,105.97,1.1,1.1,2009-06-10,1090.77,4.86,1138.61,238.33,238.33,238.33,238.33,calc,merkel2,457
2010-07-21,2010-07-23,DE0001135432,Bund,fixed,0.0325,2042-07-04,Auk,True,4000.0,3194.7,805.3,98.38,3.33,3.33,2010-07-21,3143.51,0.57,3194.7,3368.84,3368.84,3368.84,3368.84,calc,merkel2,458
2010-07-26,2010-07-28,DE0001115665,Bubill,zero,0.0,2011-07-27,Auk,True,4000.0,2275.0,1725.0,99.3901,0.6069,0.607,2010-07-28,2261.12,0.0,2275.0,13.88,13.88,13.88,13.88,calc,merkel2,459
2010-08-09,2010-08-11,DE0001115673,Bubill,zero,0.0,2011-02-09,Auk,True,5000.0,4260.0,740.0,99.75923,0.4774,0.477,2010-08-11,4249.74,0.0,4260.0,10.26,10.26,10.26,10.26,calc,merkel2,460
2010-08-11,2010-08-13,DE0001137313,Schatz,fixed,0.0075,2012-09-14,Auk,True,7000.0,5880.0,1120.0,100.038,0.73,0.73,2010-08-13,5882.23,0.0,5880.0,89.83,89.83,89.83,89.83,calc,merkel2,461
2010-08-16,2010-08-18,DE0001115624,Bubill,zero,0.0,2011-05-18,Auk,False,2000.0,1785.0,215.0,99.62467,0.4968,0.497,2010-05-19,1778.3,0.0,1785.0,6.7,6.7,6.7,6.7,calc,merkel2,462
2010-08-18,2010-08-20,DE0001135416,Bund,fixed,0.0225,2020-09-04,Auk,True,6000.0,5009.7,990.3,98.97,2.37,2.37,2010-08-20,4958.1,0.0,5009.7,1183.41,1183.41,1183.41,1183.41,calc,merkel2,463
2010-08-23,2010-08-25,DE0001115681,Bubill,zero,0.0,2011-08-24,Auk,True,4000.0,3560.0,440.0,99.49749,0.4995,0.499,2010-08-25,3542.11,0.0,3560.0,17.89,17.89,17.89,17.89,calc,merkel2,464
2010-09-08,2010-09-10,DE0001030500,ILB,inflation_linked,0.015,2016-04-15,Auk,False,2000.0,1981.0,19.0,107.26,0.19,0.19,2006-03-15,2321.22,13.09,2269.08,149.92,149.92,149.92,149.92,calc,merkel2,466
2010-09-08,2010-09-10,DE0001137313,Schatz,fixed,0.0075,2012-09-14,Auk,False,6000.0,4839.0,1161.0,100.348,0.58,0.58,2010-08-13,4858.62,2.78,4839.0,56.14,56.14,56.14,56.14,calc,merkel2,465
2010-09-13,2010-09-15,DE0001115699,Bubill,zero,0.0,2011-03-16,Auk,True,5000.0,4575.0,425.0,99.79073,0.4148,0.415,2010-09-15,4565.43,0.0,4575.0,9.57,9.57,9.57,9.57,calc,merkel2,467
2010-09-15,2010-09-17,DE0001135416,Bund,fixed,0.0225,2020-09-04,Auk,False,5000.0,4395.3,604.7,98.8,2.39,2.39,2010-08-20,4346.08,3.52,4395.3,1038.16,1038.16,1038.16,1038.16,calc,merkel2,468
2010-09-20,2010-09-22,DE0001115640,Bubill,zero,0.0,2011-06-29,Auk,False,2000.0,1605.0,395.0,99.56641,0.5599,0.56,2010-06-30,1598.04,0.0,1605.0,6.96,6.96,6.96,6.96,calc,merkel2,469
2010-09-22,2010-09-24,DE0001141588,Bobl,fixed,0.0175,2015-10-09,Auk,True,6000.0,4715.0,1285.0,101.1,1.52,1.52,2010-09-24,4766.86,0.0,4715.0,364.09,364.09,364.09,364.09,calc,merkel2,470
2010-09-27,2010-09-29,DE0001115707,Bubill,zero,0.0,2011-09-28,Auk,True,4000.0,2853.0,1147.0,99.39,0.607,0.607,2010-09-29,2835.6,0.0,2853.0,17.4,17.4,17.4,17.4,calc,merkel2,471
2010-10-06,2010-10-08,DE0001030526,ILB,inflation_linked,0.0175,2020-04-15,Auk,False,1000.0,998.0,2.0,110.89,0.57,0.57,2009-06-10,1139.52,8.61,1136.33,186.92,186.92,186.92,186.92,calc,merkel2,473
2010-10-06,2010-10-08,DE0001137313,Schatz,fixed,0.0075,2012-09-14,Auk,False,5000.0,4120.5,879.5,99.973,0.76,0.76,2010-08-13,4124.13,4.74,4120.5,60.89,60.89,60.89,60.89,calc,merkel2,472
2010-10-11,2010-10-13,DE0001115715,Bubill,zero,0.0,2011-04-13,Auk,True,5000.0,4500.0,500.0,99.69055,0.614,0.614,2010-10-13,4486.07,0.0,4500.0,13.93,13.93,13.93,13.93,calc,merkel2,474
2010-10-13,2010-10-15,DE0001135416,Bund,fixed,0.0225,2020-09-04,Auk,False,5000.0,4181.0,819.0,99.63,2.29,2.29,2010-08-20,4176.1,10.57,4181.0,945.63,945.63,945.63,945.63,calc,merkel2,475
2010-10-25,2010-10-27,DE0001115723,Bubill,zero,0.0,2011-10-26,Auk,True,3000.0,2945.0,55.0,99.14579,0.8521,0.852,2010-10-27,2919.84,0.0,2945.0,25.16,25.16,25.16,25.16,calc,merkel2,476
2010-11-03,2010-11-05,DE0001141588,Bobl,fixed,0.0175,2015-10-09,Auk,False,5000.0,4104.25,895.75,100.48,1.65,1.65,2010-09-24,4129.26,5.31,4104.25,334.11,334.11,334.11,334.11,calc,merkel2,477
2010-11-08,2010-11-10,DE0001115731,Bubill,zero,0.0,2011-05-11,Auk,True,5000.0,4968.0,32.0,99.60476,0.7849,0.785,2010-11-10,4948.36,0.0,4968.0,19.64,19.64,19.64,19.64,calc,merkel2,478
2010-11-10,2010-11-12,DE0001030526,ILB,inflation_linked,0.0175,2020-04-15,Auk,False,1000.0,925.0,75.0,109.57,0.7,0.7,2009-06-10,1047.72,9.58,1053.21,181.7,181.7,181.7,181.7,calc,merkel2,480
2010-11-10,2010-11-12,DE0001137321,Schatz,fixed,0.01,2012-12-14,Auk,True,6000.0,4926.1,1073.9,100.04,0.98,0.98,2010-11-12,4928.07,0.0,4926.1,100.87,100.87,100.87,100.87,calc,merkel2,479
2010-11-22,2010-11-24,DE0001115749,Bubill,zero,0.0,2011-11-23,Auk,True,3000.0,2900.0,100.0,99.12641,0.8716,0.872,2010-11-24,2874.67,0.0,2900.0,25.33,25.33,25.33,25.33,calc,merkel2,481
2010-11-24,2010-11-26,DE0001135424,Bund,fixed,0.025,2021-01-04,Auk,True,6000.0,4764.0,1236.0,99.21,2.59,2.59,2010-11-26,4726.36,0.0,4764.0,1241.36,1241.36,1241.36,1241.36,calc,merkel2,482
2010-12-01,2010-12-03,DE0001141588,Bobl,fixed,0.0175,2015-10-09,Auk,False,5000.0,4130.0,870.0,100.09,1.73,1.73,2010-09-24,4144.61,10.89,4130.0,346.77,346.77,346.77,346.77,calc,merkel2,483
2010-12-06,2010-12-08,DE0001115756,Bubill,zero,0.0,2011-06-08,Auk,True,5000.0,4285.0,715.0,99.70839,0.5785,0.578,2010-12-08,4272.5,0.0,4285.0,12.5,12.5,12.5,12.5,calc,merkel2,484
2010-12-08,2010-12-10,DE0001137321,Schatz,fixed,0.01,2012-12-14,Auk,False,5000.0,4005.0,995.0,100.167,0.92,0.92,2010-11-12,4014.76,3.07,4005.0,73.85,73.85,73.85,73.85,calc,merkel2,485
2010-12-13,2010-12-15,DE0001115764,Bubill,zero,0.0,2011-12-14,Auk,True,2000.0,1715.0,285.0,99.24817,0.7492,0.749,2010-12-15,1702.11,0.0,1715.0,12.89,12.89,12.89,12.89,calc,merkel2,486
2011-01-05,2011-01-07,DE0001135424,Bund,fixed,0.025,2021-01-04,Auk,False,5000.0,3916.0,1084.0,96.81,2.87,2.87,2010-11-26,3802.34,11.27,3916.0,1103.12,1103.12,1103.12,1103.12,calc,merkel2,487
2011-01-10,2011-01-12,DE0001115772,Bubill,zero,0.0,2011-07-13,Auk,True,5000.0,4934.0,66.0,99.75676,0.4823,0.482,,4922.0,0.0,4934.0,12.0,12.0,12.0,12.0,calc,merkel2,488
2011-01-12,2011-01-14,DE0001030526,ILB,inflation_linked,0.0175,2020-04-15,Auk,False,1000.0,987.5,12.5,107.25,0.93,0.93,2009-06-10,1103.87,13.36,1124.38,208.61,208.61,208.61,208.61,calc,merkel2,489
2011-01-12,2011-01-14,DE0001141596,Bobl,fixed,0.02,2016-02-26,Auk,True,6000.0,4950.0,1050.0,100.0,2.0,2.0,2011-01-14,4950.0,0.0,4950.0,506.66,506.66,506.66,506.66,calc,merkel2,490
2011-01-17,2011-01-19,DE0001115723,Bubill,zero,0.0,2011-10-26,Auk,False,2000.0,1935.0,65.0,99.47089,0.6839,0.684,2010-10-27,1924.76,0.0,1935.0,10.24,10.24,10.24,10.24,calc,merkel2,491
2011-01-19,2011-01-21,DE0001137321,Schatz,fixed,0.01,2012-12-14,Auk,False,6000.0,4912.0,1088.0,99.682,1.17,1.17,2010-11-12,4905.8,9.42,4912.0,108.75,108.75,108.75,108.75,calc,merkel2,492
2011-01-24,2011-01-26,DE0001115780,Bubill,zero,0.0,2012-01-25,Auk,True,3000.0,2670.0,330.0,99.12969,0.8683,0.868,2011-01-26,2646.76,0.0,2670.0,23.24,23.24,23.24,23.24,calc,merkel2,493
2011-01-26,2011-01-28,DE0001135432,Bund,fixed,0.0325,2042-07-04,Auk,False,2000.0,1615.7,384.3,93.82,3.58,3.58,2010-07-21,1543.33,27.48,1615.7,1750.25,1750.25,1750.25,1750.25,calc,merkel2,494
2011-02-07,2011-02-09,DE0001115798,Bubill,zero,0.0,2011-08-10,Auk,True,5000.0,4931.25,68.75,99.61584,0.7628,0.763,,4912.31,0.0,4931.25,18.94,18.94,18.94,18.94,calc,merkel2,495
2011-02-09,2011-02-11,DE0001141596,Bobl,fixed,0.02,2016-02-26,Auk,False,5000.0,3946.0,1054.0,97.69,2.49,2.49,2011-01-14,3860.9,6.05,3946.0,489.0,489.0,489.0,489.0,calc,merkel2,496
2011-02-16,2011-02-18,DE0001135424,Bund,fixed,0.025,2021-01-04,Auk,False,4000.0,3373.5,626.5,93.52,3.28,3.28,2010-11-26,3174.31,19.41,3373.5,1051.58,1051.58,1051.58,1051.58,calc,merkel2,497
2011-02-21,2011-02-23,DE0001115749,Bubill,zero,0.0,2011-11-23,Auk,False,2000.0,1950.0,50.0,99.3323,0.8864,0.886,2010-11-24,1936.98,0.0,1950.0,13.02,13.02,13.02,13.02,calc,merkel2,498
2011-02-23,2011-02-25,DE0001137339,Schatz,fixed,0.015,2013-03-15,Auk,True,7000.0,5642.0,1358.0,99.945,1.53,1.53,2011-02-25,5638.9,0.0,5642.0,176.54,176.54,176.54,176.54,calc,merkel2,499
2011-02-28,2011-03-02,DE0001115806,Bubill,zero,0.0,2012-02-29,Auk,True,3000.0,2880.0,120.0,98.93602,1.0636,1.064,2011-03-02,2849.36,0.0,2880.0,30.64,30.64,30.64,30.64,calc,merkel2,500
2011-03-02,2011-03-04,DE0001141596,Bobl,fixed,0.02,2016-02-26,Auk,False,5000.0,4137.5,862.5,98.17,2.39,2.39,2011-01-14,4072.89,11.11,4137.5,488.11,488.11,488.11,488.11,calc,merkel2,501
2011-03-09,2011-03-11,DE0001030526,ILB,inflation_linked,0.0175,2020-04-15,Auk,False,2000.0,1957.25,42.75,105.82,1.07,1.07,2009-06-10,2173.62,32.02,2228.54,427.76,427.76,427.76,427.76,calc,merkel2,502
2011-03-14,2011-03-16,DE0001115814,Bubill,zero,0.0,2011-09-14,Auk,True,5000.0,4595.0,405.0,99.55007,0.894,0.894,,4574.33,0.0,4595.0,20.67,20.67,20.67,20.67,calc,merkel2,503
2011-03-16,2011-03-18,DE0001137339,Schatz,fixed,0.015,2013-03-15,Auk,False,6000.0,4952.5,1047.5,99.934,1.53,1.53,2011-02-25,4953.5,4.27,4952.5,151.23,151.23,151.23,151.23,calc,merkel2,504
2011-03-21,2011-03-23,DE0001115764,Bubill,zero,0.0,2011-12-14,Auk,False,2000.0,1930.0,70.0,99.25998,1.009,1.009,2010-12-15,1915.72,0.0,1930.0,14.28,14.28,14.28,14.28,calc,merkel2,505
2011-03-23,2011-03-25,DE0001135424,Bund,fixed,0.025,2021-01-04,Auk,False,4000.0,3390.8,609.2,93.86,3.24,3.24,2010-11-26,3210.24,27.64,3390.8,1037.32,1037.32,1037.32,1037.32,calc,merkel2,506
2011-03-28,2011-03-30,DE0001115822,Bubill,zero,0.0,2012-03-28,Auk,True,3000.0,2655.0,345.0,98.7372,1.2649,1.265,2011-03-30,2621.47,0.0,2655.0,33.53,33.53,33.53,33.53,calc,merkel2,507
2011-04-04,2011-04-06,DE0001115780,Bubill,zero,0.0,2012-01-25,Auk,False,2000.0,1660.0,340.0,99.04737,1.1777,1.178,2011-01-26,1644.19,0.0,1660.0,15.81,15.81,15.81,15.81,calc,merkel2,508
2011-04-06,2011-04-08,DE0001137339,Schatz,fixed,0.015,2013-03-15,Auk,False,5000.0,4191.5,808.5,99.406,1.81,1.81,2011-02-25,4173.83,7.22,4191.5,146.52,146.52,146.52,146.52,calc,merkel2,509
2011-04-11,2011-04-13,DE0001115830,Bubill,zero,0.0,2011-10-12,Auk,True,5000.0,4000.0,1000.0,99.45276,1.0884,1.088,,3978.11,0.0,4000.0,21.89,21.89,21.89,21.89,calc,merkel2,510
2011-04-13,2011-04-15,DE0001030534,ILB,inflation_linked,0.0075,2018-04-15,Auk,True,3000.0,2762.5,237.5,99.47,0.83,0.83,2011-04-15,2747.86,0.0,2981.01,385.72,385.72,385.72,385.72,calc,merkel2,512
2011-04-13,2011-04-15,DE0001135432,Bund,fixed,0.0325,2042-07-04,Auk,False,2000.0,1674.0,326.0,87.92,3.93,3.93,2010-07-21,1511.73,39.95,1674.0,1900.7,1900.7,1900.7,1900.7,calc,merkel2,511
2011-04-18,2011-04-20,DE0001115848,Bubill,zero,0.0,2012-04-18,Auk,True,3000.0,2800.0,200.0,98.61708,1.3869,1.387,2011-04-20,2761.28,0.0,2800.0,38.72,38.72,38.72,38.72,calc,merkel2,513
2011-04-20,2011-04-26,DE0001141604,Bobl,fixed,0.0275,2016-04-08,Auk,True,6000.0,4737.5,1262.5,100.3,2.68,2.68,2011-04-20,4753.85,2.14,4737.5,630.79,630.79,630.79,630.79,calc,merkel2,514
2011-04-27,2011-04-29,DE0001135440,Bund,fixed,0.0325,2021-07-04,Auk,True,6000.0,4876.9,1123.1,99.72,3.28,3.28,2011-04-29,4863.24,0.0,4876.9,1627.31,1627.31,1627.31,1627.31,calc,merkel2,515
2011-05-09,2011-05-11,DE0001115855,Bubill,zero,0.0,2011-11-09,Auk,True,5000.0,4497.0,503.0,99.40718,1.1796,1.18,,4470.34,0.0,4497.0,26.66,26.66,26.66,26.66,calc,merkel2,516
2011-05-11,2011-05-13,DE0001137347,Schatz,fixed,0.0175,2013-06-14,Auk,True,7000.0,5858.0,1142.0,99.923,1.79,1.79,2011-05-13,5853.49,0.0,5858.0,218.53,218.53,218.53,218.53,calc,merkel2,517
2011-05-16,2011-05-18,DE0001115806,Bubill,zero,0.0,2012-02-29,Auk,False,2000.0,1970.0,30.0,98.953,1.3272,1.327,2011-03-02,1949.37,0.0,1970.0,20.63,20.63,20.63,20.63,calc,merkel2,518
2011-05-18,2011-05-20,DE0001141604,Bobl,fixed,0.0275,2016-04-08,Auk,False,6000.0,4905.45,1094.55,101.35,2.45,2.45,2011-04-20,4982.73,11.06,4905.45,592.8,592.8,592.8,592.8,calc,merkel2,519
2011-05-25,2011-05-27,DE0001135440,Bund,fixed,0.0325,2021-07-04,Auk,False,5000.0,4166.25,833.75,101.81,3.04,3.04,2011-04-29,4252.05,10.39,4166.25,1292.72,1292.72,1292.72,1292.72,calc,merkel2,520
2011-05-30,2011-06-01,DE0001115863,Bubill,zero,0.0,2012-05-30,Auk,True,3000.0,2700.0,300.0,98.67622,1.3268,1.327,2011-06-01,2664.26,0.0,2700.0,35.74,35.74,35.74,35.74,calc,merkel2,521
2011-06-06,2011-06-08,DE0001115871,Bubill,zero,0.0,2011-12-07,Auk,True,5000.0,4565.0,435.0,99.40513,1.1837,1.184,,4537.84,0.0,4565.0,27.16,27.16,27.16,27.16,calc,merkel2,522
2011-06-15,2011-06-17,DE0001137347,Schatz,fixed,0.0175,2013-06-14,Auk,False,6000.0,4945.0,1055.0,100.356,1.57,1.57,2011-05-13,4963.31,0.71,4945.0,154.76,154.76,154.76,154.76,calc,merkel2,523
2011-06-20,2011-06-22,DE0001115822,Bubill,zero,0.0,2012-03-28,Auk,False,2000.0,1400.0,600.0,99.00015,1.2985,1.299,2011-03-30,1386.0,0.0,1400.0,14.0,14.0,14.0,14.0,calc,merkel2,524
2011-06-22,2011-06-24,DE0001135440,Bund,fixed,0.0325,2021-07-04,Auk,False,4000.0,3402.0,598.0,102.46,2.96,2.96,2011-04-29,3502.65,16.96,3402.0,1024.99,1024.99,1024.99,1024.99,calc,merkel2,525
2011-06-27,2011-06-29,DE0001115889,Bubill,zero,0.0,2012-06-27,Auk,True,3000.0,2125.0,875.0,98.70399,1.2986,1.299,2011-06-29,2097.46,0.0,2125.0,27.54,27.54,27.54,27.54,calc,merkel2,526
2011-06-29,2011-07-01,DE0001141604,Bobl,fixed,0.0275,2016-04-08,Auk,False,6000.0,4825.0,1175.0,102.63,2.16,2.16,2011-04-20,4978.0,26.1,4825.0,506.09,506.09,506.09,506.09,calc,merkel2,527
2011-07-06,2011-07-08,DE0001137347,Schatz,fixed,0.0175,2013-06-14,Auk,False,4000.0,3380.0,620.0,100.377,1.55,1.55,2011-05-13,3396.62,3.88,3380.0,101.68,101.68,101.68,101.68,calc,merkel2,528
2011-07-11,2011-07-13,DE0001115897,Bubill,zero,0.0,2012-01-11,Auk,True,4000.0,3974.0,26.0,99.40049,1.193,1.193,2011-07-13,3950.18,0.0,3974.0,23.82,23.82,23.82,23.82,calc,merkel2,529
2011-07-13,2011-07-15,DE0001135440,Bund,fixed,0.0325,2021-07-04,Auk,False,4000.0,3313.75,686.25,104.72,2.7,2.7,2011-04-29,3492.87,22.71,3313.75,917.32,917.32,917.32,917.32,calc,merkel2,530
2011-07-20,2011-07-22,DE0001135432,Bund,fixed,0.0325,2042-07-04,Auk,False,2000.0,1642.0,358.0,96.64,3.43,3.43,2010-07-21,1589.45,2.62,1642.0,1706.86,1706.86,1706.86,1706.86,calc,merkel2,531
2011-07-25,2011-07-27,DE0001115905,Bubill,zero,0.0,2012-07-25,Auk,True,3000.0,2515.0,485.0,98.7512,1.2507,1.251,2011-07-27,2483.59,0.0,2515.0,31.41,31.41,31.41,31.41,calc,merkel2,532
2011-08-08,2011-08-10,DE0001115913,Bubill,zero,0.0,2012-02-15,Auk,True,4000.0,3872.0,128.0,99.63671,0.6945,0.695,2011-08-10,3857.93,0.0,3872.0,14.07,14.07,14.07,14.07,calc,merkel2,533
2011-08-17,2011-08-19,DE0001137354,Schatz,fixed,0.0075,2013-09-13,Auk,True,7000.0,5615.0,1385.0,100.039,0.73,0.73,2011-08-19,5617.19,0.0,5615.0,84.92,84.92,84.92,84.92,calc,merkel2,534
2011-08-24,2011-08-26,DE0001135457,Bund,fixed,0.0225,2021-09-04,Auk,True,6000.0,4857.5,1142.5,100.88,2.15,2.15,2011-08-26,4900.25,0.0,4857.5,1052.89,1052.89,1052.89,1052.89,calc,merkel2,535
2011-08-29,2011-08-31,DE0001115921,Bubill,zero,0.0,2012-08-29,Auk,True,3000.0,2479.0,521.0,99.44766,0.5493,0.549,2011-08-31,2465.31,0.0,2479.0,13.69,13.69,13.69,13.69,calc,merkel2,536
2011-09-12,2011-09-14,DE0001115939,Bubill,zero,0.0,2012-03-14,Auk,True,4000.0,3891.0,109.0,99.90908,0.18,0.18,2011-09-14,3887.46,0.0,3891.0,3.54,3.54,3.54,3.54,calc,merkel2,537
2011-09-14,2011-09-16,DE0001137354,Schatz,fixed,0.0075,2013-09-13,Auk,False,5000.0,4124.5,875.5,100.481,0.51,0.51,2011-08-19,4146.71,2.37,4124.5,41.78,41.78,41.78,41.78,calc,merkel2,538
2011-09-21,2011-09-23,DE0001135457,Bund,fixed,0.0225,2021-09-04,Auk,False,5000.0,4187.5,812.5,104.05,1.8,1.8,2011-08-26,4364.31,7.21,4187.5,767.7,767.7,767.7,767.7,calc,merkel2,539
2011-09-26,2011-09-28,DE0001115947,Bubill,zero,0.0,2012-09-26,Auk,True,3000.0,2020.0,980.0,99.75611,0.2418,0.242,2011-09-28,2015.07,0.0,2020.0,4.93,4.93,4.93,4.93,calc,merkel2,540
2011-09-28,2011-09-30,DE0001141612,Bobl,fixed,0.0125,2016-10-14,Auk,True,6000.0,5000.0,1000.0,100.15,1.22,1.22,2011-09-30,5007.5,0.0,5000.0,307.4,307.4,307.4,307.4,calc,merkel2,541
2011-10-05,2011-10-07,DE0001137354,Schatz,fixed,0.0075,2013-09-13,Auk,False,5000.0,4030.0,970.0,100.552,0.46,0.46,2011-08-19,4056.3,4.05,4030.0,36.22,36.22,36.22,36.22,calc,merkel2,542
2011-10-10,2011-10-12,DE0001115954,Bubill,zero,0.0,2012-04-04,Auk,True,4000.0,3680.0,320.0,99.85898,0.2905,0.291,2011-10-12,3674.81,0.0,3680.0,5.19,5.19,5.19,5.19,calc,merkel2,543
2011-10-12,2011-10-14,DE0001135432,Bund,fixed,0.0325,2042-07-04,Auk,False,2000.0,1625.0,375.0,108.7,2.82,2.82,2010-07-21,1781.09,14.72,1625.0,1481.09,1481.09,1481.09,1481.09,calc,merkel2,544
2011-10-19,2011-10-21,DE0001135457,Bund,fixed,0.0225,2021-09-04,Auk,False,5000.0,4075.0,925.0,101.4,2.09,2.09,2011-08-26,4146.08,14.03,4075.0,848.05,848.05,848.05,848.05,calc,merkel2,545
2011-10-31,2011-11-02,DE0001115962,Bubill,zero,0.0,2012-10-31,Auk,True,2000.0,1933.0,67.0,99.65138,0.346,0.346,2011-11-02,1926.26,0.0,1933.0,6.74,6.74,6.74,6.74,calc,merkel2,546
2011-11-02,2011-11-04,DE0001141612,Bobl,fixed,0.0125,2016-10-14,Auk,False,5000.0,4000.0,1000.0,101.22,1.0,1.0,2011-09-30,4051.67,2.87,4000.0,198.33,198.33,198.33,198.33,calc,merkel2,547
2011-11-07,2011-11-09,DE0001115970,Bubill,zero,0.0,2012-05-16,Auk,True,4000.0,3833.95,166.05,99.95802,0.08,0.08,2011-11-09,3832.34,0.0,3833.95,1.61,1.61,1.61,1.61,calc,merkel2,548
2011-11-09,2011-11-11,DE0001030534,ILB,inflation_linked,0.0075,2018-04-15,Auk,False,2000.0,1525.0,475.0,107.53,-0.4,-0.4,2011-04-15,1679.06,6.69,1645.63,50.79,50.79,50.79,50.79,calc,merkel2,549
2011-11-16,2011-11-18,DE0001137362,Schatz,fixed,0.0025,2013-12-13,Auk,True,6000.0,4815.0,1185.0,99.705,0.39,0.39,2011-11-18,4800.8,0.0,4815.0,39.1,39.1,39.1,39.1,calc,merkel2,550
2011-11-23,2011-11-25,DE0001135465,Bund,fixed,0.02,2022-01-04,Auk,True,6000.0,3644.0,2356.0,100.15,1.98,1.98,2011-11-25,3649.47,0.0,3644.0,731.32,731.32,731.32,731.32,calc,merkel2,551
2011-12-05,2011-12-07,DE0001115988,Bubill,zero,0.0,2012-06-13,Auk,True,3000.0,2675.0,325.0,99.99974,0.0005,0.0,2011-12-07,2674.99,0.0,2675.0,0.01,0.01,0.01,0.01,calc,merkel2,552
2011-12-07,2011-12-09,DE0001141612,Bobl,fixed,0.0125,2016-10-14,Auk,False,5000.0,4090.0,910.0,100.67,1.11,1.11,2011-09-30,4125.23,7.82,4090.0,220.4,220.4,220.4,220.4,calc,merkel2,553
2011-12-14,2011-12-16,DE0001137362,Schatz,fixed,0.0025,2013-12-13,Auk,False,5000.0,4180.0,820.0,99.926,0.29,0.29,2011-11-18,4176.99,0.09,4180.0,23.91,23.91,23.91,23.91,calc,merkel2,554
2012-01-04,2012-01-06,DE0001135465,Bund,fixed,0.02,2022-01-04,Auk,False,5000.0,4057.0,943.0,100.67,1.93,1.93,2011-11-25,4093.52,9.34,4057.0,783.77,783.77,783.77,783.77,calc,merkel2,555
2012-01-09,2012-01-11,DE0001115996,Bubill,zero,0.0,2012-07-11,Auk,True,4000.0,3900.0,100.0,100.00616,-0.0122,-0.012,,3900.24,0.0,3900.0,-0.24,-0.24,-0.24,-0.24,calc,merkel2,556
2012-01-11,2012-01-13,DE0001141620,Bobl,fixed,0.0075,2017-02-24,Auk,True,4000.0,3153.3,846.7,99.24,0.9,0.9,2012-01-13,3129.33,0.0,3153.3,144.94,144.94,144.94,144.94,calc,merkel2,557
2012-01-18,2012-01-20,DE0001137362,Schatz,fixed,0.0025,2013-12-13,Auk,False,4000.0,3439.6,560.4,100.16,0.17,0.17,2011-11-18,3446.0,0.89,3439.6,10.8,10.8,10.8,10.8,calc,merkel2,558
2012-01-23,2012-01-25,DE0001116002,Bubill,zero,0.0,2013-01-23,Auk,True,3000.0,2540.0,460.0,99.92932,0.07,0.07,2012-01-25,2538.2,0.0,2540.0,1.8,1.8,1.8,1.8,calc,merkel2,559
2012-01-25,2012-01-27,DE0001135432,Bund,fixed,0.0325,2042-07-04,Auk,False,3000.0,2458.0,542.0,113.2,2.62,2.62,2010-07-21,2827.64,45.18,2458.0,2106.8,2106.8,2106.8,2106.8,calc,merkel2,560
2012-02-01,2012-02-03,DE0001135465,Bund,fixed,0.02,2022-01-04,Auk,False,5000.0,4092.85,907.15,101.58,1.82,1.82,2011-11-25,4173.2,15.68,4092.85,747.19,747.19,747.19,747.19,calc,merkel2,561
2012-02-08,2012-02-10,DE0001141620,Bobl,fixed,0.0075,2017-02-24,Auk,False,4000.0,3292.8,707.2,99.23,0.91,0.91,2012-01-13,3269.34,1.89,3292.8,149.78,149.78,149.78,149.78,calc,merkel2,562
2012-02-13,2012-02-15,DE0001116010,Bubill,zero,0.0,2012-08-15,Auk,True,4000.0,3010.0,990.0,99.96156,0.0761,0.076,,3008.84,0.0,3010.0,1.16,1.16,1.16,1.16,calc,merkel2,563
2012-02-22,2012-02-24,DE0001137370,Schatz,fixed,0.0025,2014-03-14,Auk,True,5000.0,4282.0,718.0,99.996,0.25,0.25,2012-02-24,4281.83,0.0,4282.0,22.14,22.14,22.14,22.14,calc,merkel2,564
2012-02-27,2012-02-29,DE0001116028,Bubill,zero,0.0,2013-02-27,Auk,True,3000.0,2545.0,455.0,99.92237,0.0768,0.077,2012-02-29,2543.02,0.0,2545.0,1.98,1.98,1.98,1.98,calc,merkel2,565
2012-02-29,2012-03-02,DE0001135465,Bund,fixed,0.02,2022-01-04,Auk,False,4000.0,3258.2,741.8,101.5,1.83,1.83,2011-11-25,3324.54,17.47,3258.2,592.44,592.44,592.44,592.44,calc,merkel2,566
2012-03-07,2012-03-09,DE0001141620,Bobl,fixed,0.0075,2017-02-24,Auk,False,4000.0,3312.0,688.0,99.79,0.79,0.79,2012-01-13,3308.85,3.81,3312.0,130.21,130.21,130.21,130.21,calc,merkel2,567
2012-03-12,2012-03-14,DE0001116036,Bubill,zero,0.0,2012-09-12,Auk,True,4000.0,3493.0,507.0,99.97315,0.0531,0.053,,3492.06,0.0,3493.0,0.94,0.94,0.94,0.94,calc,merkel2,568
2012-03-21,2012-03-23,DE0001030542,ILB,inflation_linked,0.001,2023-04-15,Auk,True,2000.0,1398.0,602.0,99.48,0.15,0.15,2012-03-23,1390.73,0.0,1739.73,365.57,365.57,365.57,365.57,calc,merkel2,570
2012-03-21,2012-03-23,DE0001137370,Schatz,fixed,0.0025,2014-03-14,Auk,False,5000.0,4108.0,892.0,99.877,0.31,0.31,2012-02-24,4103.73,0.79,4108.0,25.34,25.34,25.34,25.34,calc,merkel2,569
2012-03-26,2012-03-28,DE0001116044,Bubill,zero,0.0,2013-03-27,Auk,True,3000.0,2730.0,270.0,99.92266,0.0765,0.077,2012-03-28,2727.89,0.0,2730.0,2.11,2.11,2.11,2.11,calc,merkel2,571
2012-04-02,2012-04-04,DE0001116051,Bubill,zero,0.0,2012-10-10,Auk,True,4000.0,3270.0,730.0,99.96526,0.0662,0.066,,3268.86,0.0,3270.0,1.14,1.14,1.14,1.14,calc,merkel2,572
2012-04-04,2012-04-10,DE0001141620,Bobl,fixed,0.0075,2017-02-24,Auk,False,4000.0,3366.65,633.35,99.76,0.8,0.8,2012-01-13,3364.65,6.08,3366.65,131.16,131.16,131.16,131.16,calc,merkel2,573
2012-04-11,2012-04-13,DE0001135473,Bund,fixed,0.0175,2022-07-04,Auk,True,5000.0,3870.0,1130.0,99.77,1.77,1.78,2012-04-13,3861.1,0.0,3870.0,701.32,701.32,701.32,701.32,calc,merkel2,574
2012-04-18,2012-04-20,DE0001137370,Schatz,fixed,0.0025,2014-03-14,Auk,False,5000.0,4206.0,794.0,100.204,0.14,0.14,2012-02-24,4216.19,1.61,4206.0,11.38,11.38,11.38,11.38,calc,merkel2,575
2012-04-23,2012-04-25,DE0001116069,Bubill,zero,0.0,2013-04-24,Auk,True,3000.0,1960.0,1040.0,99.92489,0.0743,0.074,2012-04-25,1958.53,0.0,1960.0,1.47,1.47,1.47,1.47,calc,merkel2,576
2012-04-25,2012-04-27,DE0001135481,Bund,fixed,0.025,2044-07-04,Auk,True,3000.0,2405.4,594.6,101.93,2.41,2.41,2012-04-27,2451.82,0.0,2405.4,1889.07,1889.07,1889.07,1889.07,calc,merkel2,577
2012-05-09,2012-05-11,DE0001141638,Bobl,fixed,0.005,2017-04-07,Auk,True,5000.0,4032.0,968.0,99.7,0.56,0.56,2012-05-09,4020.01,0.11,4032.0,111.02,111.02,111.02,111.02,calc,merkel2,578
2012-05-14,2012-05-16,DE0001116077,Bubill,zero,0.0,2012-11-14,Auk,True,4000.0,3300.0,700.0,99.98124,0.0371,0.037,,3299.38,0.0,3300.0,0.62,0.62,0.62,0.62,calc,merkel2,579
2012-05-16,2012-05-18,DE0001135473,Bund,fixed,0.0175,2022-07-04,Auk,False,5000.0,4106.85,893.15,102.58,1.47,1.47,2012-04-13,4219.68,6.87,4106.85,621.97,621.97,621.97,621.97,calc,merkel2,580
2012-05-21,2012-05-23,DE0001119600,Bubill,zero,0.0,2013-05-22,Auk,True,3000.0,2910.0,90.0,99.97334,0.0264,0.026,2012-05-23,2909.22,0.0,2910.0,0.78,0.78,0.78,0.78,calc,merkel2,581
2012-05-23,2012-05-25,DE0001030542,ILB,inflation_linked,0.001,2023-04-15,Auk,False,1500.0,1291.0,209.0,103.73,-0.24,-0.24,2012-03-23,1356.59,0.23,1606.57,265.29,265.29,265.29,265.29,calc,merkel2,583
2012-05-23,2012-05-25,DE0001137388,Schatz,fixed,0.0,2014-06-13,Auk,True,5000.0,4555.0,445.0,99.865,0.07,0.07,2012-05-25,4548.85,0.0,4555.0,6.15,6.15,6.15,6.15,calc,merkel2,582
2012-06-06,2012-06-08,DE0001141638,Bobl,fixed,0.005,2017-04-07,Auk,False,5000.0,3977.5,1022.5,100.41,0.41,0.41,2012-05-09,3995.44,1.63,3977.5,79.75,79.75,79.75,79.75,calc,merkel2,584
2012-06-11,2012-06-13,DE0001119618,Bubill,zero,0.0,2012-12-05,Auk,True,4000.0,3530.0,470.0,99.9966,0.007,0.007,,3529.88,0.0,3530.0,0.12,0.12,0.12,0.12,calc,merkel2,585
2012-06-13,2012-06-15,DE0001030534,ILB,inflation_linked,0.0075,2018-04-15,Auk,False,1000.0,770.0,230.0,106.27,-0.31,-0.31,2011-04-15,856.02,1.01,830.91,11.49,11.49,11.49,11.49,calc,merkel2,587
2012-06-13,2012-06-15,DE0001135473,Bund,fixed,0.0175,2022-07-04,Auk,False,5000.0,4042.0,958.0,102.16,1.52,1.52,2012-04-13,4141.48,12.18,4042.0,623.71,623.71,623.71,623.71,calc,merkel2,586
2012-06-20,2012-06-22,DE0001137388,Schatz,fixed,0.0,2014-06-13,Auk,False,5000.0,4005.0,995.0,99.806,0.1,0.1,2012-05-25,3997.23,0.0,4005.0,7.77,7.77,7.77,7.77,calc,merkel2,588
2012-06-25,2012-06-27,DE0001119626,Bubill,zero,0.0,2013-06-26,Auk,True,3000.0,2045.0,955.0,99.9807,0.0191,0.019,2012-06-27,2044.61,0.0,2045.0,0.39,0.39,0.39,0.39,calc,merkel2,589
2012-07-04,2012-07-06,DE0001141638,Bobl,fixed,0.005,2017-04-07,Auk,False,4000.0,3293.7,706.3,99.91,0.52,0.52,2012-05-09,3293.35,2.62,3293.7,81.25,81.25,81.25,81.25,calc,merkel2,590
2012-07-09,2012-07-11,DE0001119634,Bubill,zero,0.0,2013-01-09,Auk,True,4000.0,3290.0,710.0,100.0174,-0.0344,-0.034,2012-07-11,3290.57,0.0,3290.0,-0.57,-0.57,-0.57,-0.57,calc,merkel2,591
2012-07-11,2012-07-13,DE0001135473,Bund,fixed,0.0175,2022-07-04,Auk,False,5000.0,4152.85,847.15,104.11,1.31,1.31,2012-04-13,4325.32,1.79,4152.85,554.27,554.27,554.27,554.27,calc,merkel2,592
2012-07-18,2012-07-20,DE0001137388,Schatz,fixed,0.0,2014-06-13,Auk,False,5000.0,4173.0,827.0,100.106,-0.06,-0.06,2012-05-25,4177.42,0.0,4173.0,-4.42,-4.42,-4.42,-4.42,calc,merkel2,593
2012-07-23,2012-07-25,DE0001119642,Bubill,zero,0.0,2013-07-24,Auk,True,3000.0,2703.0,297.0,100.05464,-0.054,-0.054,2012-07-25,2704.48,0.0,2703.0,-1.48,-1.48,-1.48,-1.48,calc,merkel2,594
2012-07-25,2012-07-27,DE0001030542,ILB,inflation_linked,0.001,2023-04-15,Auk,False,1000.0,752.0,248.0,105.35,-0.39,-0.39,2012-03-23,807.7,0.26,935.82,137.03,137.03,137.03,137.03,calc,merkel2,595
2012-07-25,2012-07-27,DE0001135481,Bund,fixed,0.025,2044-07-04,Auk,False,3000.0,2322.0,678.0,107.51,2.17,2.17,2012-04-27,2510.83,14.44,2322.0,1679.56,1679.56,1679.56,1679.56,calc,merkel2,596
2012-08-01,2012-08-03,DE0001141638,Bobl,fixed,0.005,2017-04-07,Auk,False,4000.0,3354.4,645.6,100.86,0.31,0.31,2012-05-09,3387.2,3.95,3354.4,49.59,49.59,49.59,49.59,calc,merkel2,597
2012-08-08,2012-08-10,DE0001135473,Bund,fixed,0.0175,2022-07-04,Auk,False,4000.0,3399.8,600.2,103.03,1.42,1.42,2012-04-13,3508.85,6.03,3399.8,485.92,485.92,485.92,485.92,calc,merkel2,598
2012-08-13,2012-08-15,DE0001119659,Bubill,zero,0.0,2013-02-13,Auk,True,4000.0,3770.0,230.0,100.02522,-0.0499,-0.05,2012-08-15,3770.95,0.0,3770.0,-0.95,-0.95,-0.95,-0.95,calc,merkel2,599
2012-08-22,2012-08-24,DE0001137396,Schatz,fixed,0.0,2014-09-12,Auk,True,5000.0,4082.5,917.5,99.994,0.0,0.0,2012-08-24,4082.26,0.0,4082.5,0.24,0.24,0.24,0.24,calc,merkel2,600
2012-08-27,2012-08-29,DE0001119667,Bubill,zero,0.0,2013-08-28,Auk,True,3000.0,1975.0,1025.0,100.02484,-0.0246,-0.025,2012-08-29,1975.49,0.0,1975.0,-0.49,-0.49,-0.49,-0.49,calc,merkel2,601
2012-09-05,2012-09-07,DE0001135499,Bund,fixed,0.015,2022-09-04,Auk,True,5000.0,3610.0,1390.0,100.76,1.42,1.42,2012-09-04,3637.88,0.45,3610.0,513.62,513.62,513.62,513.62,calc,merkel2,602
2012-09-10,2012-09-12,DE0001119675,Bubill,zero,0.0,2013-03-13,Auk,True,4000.0,3400.0,600.0,100.00741,-0.0147,-0.015,2012-09-12,3400.25,0.0,3400.0,-0.25,-0.25,-0.25,-0.25,calc,merkel2,603
2012-09-12,2012-09-14,DE0001030542,ILB,inflation_linked,0.001,2023-04-15,Auk,False,1000.0,578.0,422.0,103.94,-0.27,-0.27,2012-03-23,610.48,0.28,719.29,115.66,115.66,115.66,115.66,calc,merkel2,604
2012-09-12,2012-09-14,DE0001141646,Bobl,fixed,0.005,2017-10-13,Auk,True,5000.0,3972.0,1028.0,99.43,0.61,0.61,2012-09-14,3949.36,0.0,3972.0,123.51,123.51,123.51,123.51,calc,merkel2,605
2012-09-19,2012-09-21,DE0001137396,Schatz,fixed,0.0,2014-09-12,Auk,False,5000.0,4084.4,915.6,99.882,0.06,0.06,2012-08-24,4079.58,0.0,4084.4,4.82,4.82,4.82,4.82,calc,merkel2,606
2012-09-24,2012-09-26,DE0001119683,Bubill,zero,0.0,2013-09-25,Auk,True,3000.0,1172.5,1827.5,100.01862,-0.0184,-0.018,2012-09-26,1172.72,0.0,1172.5,-0.22,-0.22,-0.22,-0.22,calc,merkel2,607
2012-09-26,2012-09-28,DE0001135499,Bund,fixed,0.015,2022-09-04,Auk,False,5000.0,3191.0,1809.0,99.81,1.52,1.52,2012-09-04,3188.08,3.15,3191.0,481.57,481.57,481.57,481.57,calc,merkel2,608
2012-10-08,2012-10-10,DE0001119691,Bubill,zero,0.0,2013-04-10,Auk,True,4000.0,2420.0,1580.0,100.01101,-0.0218,-0.022,2012-10-10,2420.27,0.0,2420.0,-0.27,-0.27,-0.27,-0.27,calc,merkel2,609
2012-10-10,2012-10-12,DE0001030542,ILB,inflation_linked,0.001,2023-04-15,Auk,False,1500.0,1170.0,330.0,105.16,-0.38,-0.38,2012-03-23,1248.13,0.66,1455.99,221.73,221.73,221.73,221.73,calc,merkel2,610
2012-10-10,2012-10-12,DE0001141646,Bobl,fixed,0.005,2017-10-13,Auk,False,4000.0,3112.4,887.6,99.85,0.53,0.53,2012-09-14,3108.92,1.19,3112.4,82.52,82.52,82.52,82.52,calc,merkel2,611
2012-10-17,2012-10-19,DE0001137396,Schatz,fixed,0.0,2014-09-12,Auk,False,5000.0,4189.0,811.0,99.87,0.07,0.07,2012-08-24,4183.55,0.0,4189.0,5.45,5.45,5.45,5.45,calc,merkel2,612
2012-10-24,2012-10-26,DE0001135499,Bund,fixed,0.015,2022-09-04,Auk,False,4000.0,3329.0,671.0,99.46,1.56,1.56,2012-09-04,3318.14,7.11,3329.0,510.21,510.21,510.21,510.21,calc,merkel2,613
2012-10-29,2012-10-31,DE0001119709,Bubill,zero,0.0,2013-10-30,Auk,True,3000.0,1920.0,1080.0,100.00957,-0.0095,-0.009,2012-10-31,1920.18,0.0,1920.0,-0.18,-0.18,-0.18,-0.18,calc,merkel2,614
2012-10-31,2012-11-02,DE0001135481,Bund,fixed,0.025,2044-07-04,Auk,False,2000.0,1704.1,295.9,103.54,2.34,2.34,2012-04-27,1786.46,22.04,1704.1,1288.83,1288.83,1288.83,1288.83,calc,merkel2,615
2012-11-07,2012-11-09,DE0001141646,Bobl,fixed,0.005,2017-10-13,Auk,False,4000.0,3290.4,709.6,100.39,0.42,0.42,2012-09-14,3305.75,2.52,3290.4,68.21,68.21,68.21,68.21,calc,merkel2,616
2012-11-12,2012-11-14,DE0001119717,Bubill,zero,0.0,2013-05-15,Auk,True,4000.0,3520.0,480.0,100.00584,-0.0116,-0.012,2012-11-14,3520.21,0.0,3520.0,-0.21,-0.21,-0.21,-0.21,calc,merkel2,617
2012-11-14,2012-11-16,DE0001137404,Schatz,fixed,0.0,2014-12-12,Auk,True,5000.0,4322.6,677.4,100.048,-0.02,-0.02,2012-11-16,4324.67,0.0,4322.6,-2.07,-2.07,-2.07,-2.07,calc,merkel2,618
2012-11-21,2012-11-23,DE0001030534,ILB,inflation_linked,0.0075,2018-04-15,Auk,False,1000.0,845.0,155.0,108.93,-0.86,-0.86,2011-04-15,969.67,4.04,911.84,-17.67,-17.67,-17.67,-17.67,calc,merkel2,620
2012-11-21,2012-11-23,DE0001135499,Bund,fixed,0.015,2022-09-04,Auk,False,4000.0,3253.2,746.8,100.87,1.4,1.4,2012-09-04,3292.2,10.7,3253.2,448.98,448.98,448.98,448.98,calc,merkel2,619
2012-11-26,2012-11-28,DE0001119725,Bubill,zero,0.0,2013-11-27,Auk,True,3000.0,2730.0,270.0,100.00864,-0.0085,-0.009,2012-11-28,2730.24,0.0,2730.0,-0.24,-0.24,-0.24,-0.24,calc,merkel2,621
2012-11-28,2012-11-30,DE0001141646,Bobl,fixed,0.005,2017-10-13,Auk,False,3000.0,2506.8,493.2,100.41,0.41,0.41,2012-09-14,2519.72,2.64,2506.8,50.74,50.74,50.74,50.74,calc,merkel2,622
2012-12-03,2012-12-05,DE0001119733,Bubill,zero,0.0,2013-06-12,Auk,True,3000.0,2587.0,413.0,100.00883,-0.0168,-0.017,2012-12-05,2587.23,0.0,2587.0,-0.23,-0.23,-0.23,-0.23,calc,merkel2,623
2012-12-05,2012-12-07,DE0001137404,Schatz,fixed,0.0,2014-12-12,Auk,False,4000.0,3311.5,688.5,100.017,-0.01,-0.01,2012-11-16,3312.06,0.0,3311.5,-0.56,-0.56,-0.56,-0.56,calc,merkel2,624
2013-01-02,2013-01-04,DE0001137404,Schatz,fixed,0.0,2014-12-12,Auk,False,5000.0,4147.5,852.5,99.983,0.01,0.01,2012-11-16,4146.79,0.0,4147.5,0.71,0.71,0.71,0.71,calc,merkel2,625
2013-01-07,2013-01-09,DE0001119741,Bubill,zero,0.0,2013-07-10,Auk,True,4000.0,3515.0,485.0,100.00462,-0.0091,-0.009,,3515.16,0.0,3515.0,-0.16,-0.16,-0.16,-0.16,calc,merkel2,626
2013-01-09,2013-01-11,DE0001141653,Bobl,fixed,0.005,2018-02-23,Auk,True,5000.0,4086.2,913.8,99.87,0.53,0.53,2013-01-11,4080.89,0.0,4086.2,109.87,109.87,109.87,109.87,calc,merkel2,627
2013-01-16,2013-01-18,DE0001102309,Bund,fixed,0.015,2023-02-15,Auk,True,5000.0,4006.75,993.25,99.41,1.56,1.56,2013-01-18,3983.11,0.0,4006.75,629.25,629.25,629.25,629.25,calc,merkel2,628
2013-01-22,2013-01-24,DE0001030542,ILB,inflation_linked,0.001,2023-04-15,Auk,False,1000.0,810.0,190.0,103.02,-0.19,-0.19,2012-03-23,855.76,0.7,1008.0,161.83,161.83,161.83,161.83,calc,merkel2,629
2013-01-28,2013-01-30,DE0001119758,Bubill,zero,0.0,2014-01-29,Auk,True,3000.0,2070.0,930.0,99.86679,0.1319,0.132,2013-01-30,2067.24,0.0,2070.0,2.76,2.76,2.76,2.76,calc,merkel2,630
2013-01-30,2013-02-01,DE0001135481,Bund,fixed,0.025,2044-07-04,Auk,False,2000.0,1637.1,362.9,101.18,2.45,2.45,2012-04-27,1687.79,31.38,1637.1,1266.59,1266.59,1266.59,1266.59,calc,merkel2,631
2013-02-06,2013-02-08,DE0001141653,Bobl,fixed,0.005,2018-02-23,Auk,False,4000.0,3269.0,731.0,99.13,0.68,0.68,2013-01-11,3241.81,1.25,3269.0,110.84,110.84,110.84,110.84,calc,merkel2,632
2013-02-11,2013-02-13,DE0001119766,Bubill,zero,0.0,2013-08-14,Auk,True,4000.0,3385.0,615.0,99.98976,0.0203,0.02,,3384.65,0.0,3385.0,0.35,0.35,0.35,0.35,calc,merkel2,633
2013-02-12,2013-02-14,DE0001030534,ILB,inflation_linked,0.0075,2018-04-15,Auk,False,1000.0,953.0,47.0,108.1,-0.78,-0.78,2011-04-15,1091.02,6.29,1028.38,-17.34,-17.34,-17.34,-17.34,calc,merkel2,634
2013-02-13,2013-02-15,DE0001137412,Schatz,fixed,0.0025,2015-03-13,Auk,True,5000.0,4301.0,699.0,100.075,0.21,0.21,2013-02-15,4304.23,0.0,4301.0,19.05,19.05,19.05,19.05,calc,merkel2,635
2013-02-20,2013-02-22,DE0001102309,Bund,fixed,0.015,2023-02-15,Auk,False,5000.0,4040.4,959.6,98.57,1.66,1.66,2013-01-18,3988.42,5.8,4040.4,662.68,662.68,662.68,662.68,calc,merkel2,636
2013-02-25,2013-02-27,DE0001119774,Bubill,zero,0.0,2014-02-26,Auk,True,3000.0,1939.0,1061.0,99.96429,0.0353,0.035,2013-02-27,1938.31,0.0,1939.0,0.69,0.69,0.69,0.69,calc,merkel2,637
2013-03-06,2013-03-08,DE0001141653,Bobl,fixed,0.005,2018-02-23,Auk,False,4000.0,3137.2,862.8,100.25,0.45,0.45,2013-01-11,3145.6,0.56,3137.2,70.03,70.03,70.03,70.03,calc,merkel2,638
2013-03-11,2013-03-13,DE0001119782,Bubill,zero,0.0,2013-09-11,Auk,True,4000.0,3240.0,760.0,99.99478,0.0103,0.01,,3239.83,0.0,3240.0,0.17,0.17,0.17,0.17,calc,merkel2,639
2013-03-12,2013-03-14,DE0001030542,ILB,inflation_linked,0.001,2023-04-15,Auk,False,1000.0,870.0,130.0,104.48,-0.34,-0.34,2012-03-23,930.92,0.87,1082.66,162.05,162.05,162.05,162.05,calc,merkel2,640
2013-03-13,2013-03-15,DE0001137412,Schatz,fixed,0.0025,2015-03-13,Auk,False,5000.0,4315.0,685.0,100.388,0.06,0.06,2013-02-15,4332.57,0.83,4315.0,4.77,4.77,4.77,4.77,calc,merkel2,641
2013-03-20,2013-03-22,DE0001102309,Bund,fixed,0.015,2023-02-15,Auk,False,4000.0,3357.75,642.25,101.25,1.36,1.36,2013-01-18,3408.4,8.68,3357.75,456.86,456.86,456.86,456.86,calc,merkel2,642
2013-03-25,2013-03-27,DE0001119790,Bubill,zero,0.0,2014-03-26,Auk,True,3000.0,2915.0,85.0,99.98317,0.0166,0.017,2013-03-27,2914.51,0.0,2915.0,0.49,0.49,0.49,0.49,calc,merkel2,643
2013-04-03,2013-04-05,DE0001141653,Bobl,fixed,0.005,2018-02-23,Auk,False,4000.0,3288.15,711.85,100.84,0.33,0.33,2013-01-11,3317.62,1.85,3288.15,52.74,52.74,52.74,52.74,calc,merkel2,644
2013-04-08,2013-04-10,DE0001119808,Bubill,zero,0.0,2013-10-16,Auk,True,4000.0,3490.0,510.0,100.00009,-0.0002,-0.0,,3490.0,0.0,3490.0,-0.0,-0.0,-0.0,-0.0,calc,merkel2,645
2013-04-09,2013-04-11,DE0001030534,ILB,inflation_linked,0.0075,2018-04-15,Auk,False,1000.0,860.0,140.0,110.05,-1.18,-1.18,2011-04-15,995.52,6.67,928.03,-26.62,-26.62,-26.62,-26.62,calc,merkel2,646
2013-04-10,2013-04-12,DE0001137412,Schatz,fixed,0.0025,2015-03-13,Auk,False,5000.0,4219.75,780.25,100.444,0.02,0.02,2013-02-15,4240.1,1.62,4219.75,1.5,1.5,1.5,1.5,calc,merkel2,647
2013-04-17,2013-04-19,DE0001102309,Bund,fixed,0.015,2023-02-15,Auk,False,4000.0,3349.2,650.8,102.05,1.28,1.28,2013-01-18,3430.37,12.51,3349.2,425.05,425.05,425.05,425.05,calc,merkel2,648
2013-04-24,2013-04-26,DE0001135481,Bund,fixed,0.025,2044-07-04,Auk,False,2000.0,1682.95,317.05,107.61,2.16,2.16,2012-04-27,1852.96,41.94,1682.95,1184.17,1184.17,1184.17,1184.17,calc,merkel2,649
2013-04-29,2013-05-02,DE0001119816,Bubill,zero,0.0,2014-04-30,Auk,True,3000.0,2815.0,185.0,99.99823,0.0018,0.002,2013-05-02,2814.95,0.0,2815.0,0.05,0.05,0.05,0.05,calc,merkel2,650
2013-05-07,2013-05-09,DE0001030542,ILB,inflation_linked,0.001,2023-04-15,Auk,False,1000.0,740.0,260.0,105.07,-0.4,-0.4,2012-03-23,795.92,0.05,920.89,132.94,132.94,132.94,132.94,calc,merkel2,651
2013-05-08,2013-05-10,DE0001141661,Bobl,fixed,0.0025,2018-04-13,Auk,True,5000.0,4046.5,953.5,99.38,0.38,0.38,2013-05-08,4021.47,0.06,4046.5,74.92,74.92,74.92,74.92,calc,merkel2,652
2013-05-13,2013-05-15,DE0001119824,Bubill,zero,0.0,2013-11-13,Auk,True,4000.0,3820.0,180.0,99.99935,0.0013,0.001,,3819.98,0.0,3820.0,0.02,0.02,0.02,0.02,calc,merkel2,653
2013-05-15,2013-05-17,DE0001137420,Schatz,fixed,0.0,2015-06-12,Auk,True,5000.0,4228.5,771.5,99.962,0.02,0.02,2013-05-17,4226.89,0.0,4228.5,1.61,1.61,1.61,1.61,calc,merkel2,654
2013-05-22,2013-05-24,DE0001102317,Bund,fixed,0.015,2023-05-15,Auk,True,5000.0,4123.6,876.4,100.84,1.41,1.41,2013-05-22,4158.58,0.34,4123.6,582.38,582.38,582.38,582.38,calc,merkel2,655
2013-05-27,2013-05-29,DE0001119832,Bubill,zero,0.0,2014-05-28,Auk,True,3000.0,2125.0,875.0,99.99888,0.0011,0.001,2013-05-29,2124.98,0.0,2125.0,0.02,0.02,0.02,0.02,calc,merkel2,656
2013-06-05,2013-06-07,DE0001141661,Bobl,fixed,0.0025,2018-04-13,Auk,False,4000.0,3354.0,646.0,98.61,0.54,0.54,2013-05-08,3308.07,0.69,3354.0,87.28,87.28,87.28,87.28,calc,merkel2,657
2013-06-10,2013-06-12,DE0001119840,Bubill,zero,0.0,2013-12-11,Auk,True,4000.0,3230.0,770.0,99.98833,0.0231,0.023,,3229.62,0.0,3230.0,0.38,0.38,0.38,0.38,calc,merkel2,658
2013-06-11,2013-06-13,DE0001030542,ILB,inflation_linked,0.001,2023-04-15,Auk,False,1000.0,805.0,195.0,100.36,0.06,0.06,2012-03-23,834.14,0.13,1001.77,176.3,176.3,176.3,176.3,calc,merkel2,659
2013-06-12,2013-06-14,DE0001137420,Schatz,fixed,0.0,2015-06-12,Auk,False,5000.0,4038.5,961.5,99.642,0.18,0.18,2013-05-17,4024.04,0.0,4038.5,14.46,14.46,14.46,14.46,calc,merkel2,660
2013-06-19,2013-06-21,DE0001102317,Bund,fixed,0.015,2023-05-15,Auk,False,5000.0,4009.8,990.2,99.55,1.55,1.55,2013-05-22,3996.7,4.94,4009.8,613.42,613.42,613.42,613.42,calc,merkel2,661
2013-06-24,2013-06-26,DE0001119857,Bubill,zero,0.0,2014-06-25,Auk,True,3000.0,2370.0,630.0,99.87593,0.1229,0.123,2013-06-26,2367.06,0.0,2370.0,2.94,2.94,2.94,2.94,calc,merkel2,662
2013-07-03,2013-07-05,DE0001141661,Bobl,fixed,0.0025,2018-04-13,Auk,False,4000.0,3364.9,635.1,98.23,0.63,0.63,2013-05-08,3306.68,1.34,3364.9,99.71,99.71,99.71,99.71,calc,merkel2,663
2013-07-08,2013-07-10,DE0001119865,Bubill,zero,0.0,2014-01-15,Auk,True,4000.0,3981.25,18.75,100.00185,-0.0035,-0.004,2013-07-10,3981.32,0.0,3981.25,-0.07,-0.07,-0.07,-0.07,calc,merkel2,664
2013-07-09,2013-07-11,DE0001030534,ILB,inflation_linked,0.0075,2018-04-15,Auk,False,1000.0,745.0,255.0,105.91,-0.47,-0.47,2011-04-15,837.25,1.41,803.93,-3.75,-3.75,-3.75,-3.75,calc,merkel2,665
2013-07-10,2013-07-12,DE0001137420,Schatz,fixed,0.0,2015-06-12,Auk,False,5000.0,4101.55,898.45,99.872,0.07,0.07,2013-05-17,4096.3,0.0,4101.55,5.25,5.25,5.25,5.25,calc,merkel2,666
2013-07-17,2013-07-19,DE0001102317,Bund,fixed,0.015,2023-05-15,Auk,False,4000.0,3190.4,809.6,99.41,1.57,1.57,2013-05-22,3179.18,7.6,3190.4,488.86,488.86,488.86,488.86,calc,merkel2,667
2013-07-22,2013-07-24,DE0001119873,Bubill,zero,0.0,2014-07-23,Auk,True,3000.0,2430.0,570.0,99.94814,0.0513,0.051,2013-07-24,2428.74,0.0,2430.0,1.26,1.26,1.26,1.26,calc,merkel2,668
2013-07-31,2013-08-02,DE0001135481,Bund,fixed,0.025,2044-07-04,Auk,False,2000.0,1627.1,372.9,100.56,2.47,2.47,2012-04-27,1639.44,3.23,1627.1,1248.66,1248.66,1248.66,1248.66,calc,merkel2,669
2013-08-07,2013-08-09,DE0001141661,Bobl,fixed,0.0025,2018-04-13,Auk,False,4000.0,3323.9,676.1,98.21,0.64,0.64,2013-05-08,3266.52,2.12,3323.9,98.36,98.36,98.36,98.36,calc,merkel2,670
2013-08-12,2013-08-14,DE0001119881,Bubill,zero,0.0,2014-02-12,Auk,True,4000.0,3510.0,490.0,99.98898,0.0218,0.022,2013-08-14,3509.61,0.0,3510.0,0.39,0.39,0.39,0.39,calc,merkel2,671
2013-08-14,2013-08-16,DE0001102317,Bund,fixed,0.015,2023-05-15,Auk,False,4000.0,3230.9,769.1,97.35,1.8,1.8,2013-05-22,3156.7,11.42,3230.9,557.91,557.91,557.91,557.91,calc,merkel2,672
2013-08-21,2013-08-23,DE0001137438,Schatz,fixed,0.0025,2015-09-11,Auk,True,5000.0,4092.25,907.75,100.043,0.23,0.23,2013-08-23,4094.01,0.0,4092.25,19.23,19.23,19.23,19.23,calc,merkel2,673
2013-08-26,2013-08-28,DE0001119899,Bubill,zero,0.0,2014-08-27,Auk,True,3000.0,2420.0,580.0,99.90199,0.097,0.097,2013-08-28,2417.63,0.0,2420.0,2.37,2.37,2.37,2.37,calc,merkel2,674
2013-09-04,2013-09-06,DE0001141679,Bobl,fixed,0.01,2018-10-12,Auk,True,5000.0,4039.0,961.0,99.98,1.0,1.0,2013-09-06,4038.19,0.0,4039.0,206.74,206.74,206.74,206.74,calc,merkel2,675
2013-09-09,2013-09-11,DE0001119907,Bubill,zero,0.0,2014-03-12,Auk,True,3000.0,2685.0,315.0,99.97672,0.0461,0.046,2013-09-11,2684.37,0.0,2685.0,0.63,0.63,0.63,0.63,calc,merkel2,676
2013-09-10,2013-09-12,DE0001030542,ILB,inflation_linked,0.001,2023-04-15,Auk,False,1000.0,910.0,90.0,97.51,0.36,0.36,2012-03-23,915.82,0.39,1132.44,226.42,226.42,226.42,226.42,calc,merkel2,677
2013-09-11,2013-09-13,DE0001102325,Bund,fixed,0.02,2023-08-15,Auk,True,5000.0,4076.35,923.65,99.49,2.06,2.06,2013-09-11,4056.01,0.45,4076.35,829.58,829.58,829.58,829.58,calc,merkel2,678
2013-09-18,2013-09-20,DE0001137438,Schatz,fixed,0.0025,2015-09-11,Auk,False,5000.0,4220.1,779.9,100.067,0.22,0.22,2013-08-23,4223.19,0.26,4220.1,18.01,18.01,18.01,18.01,calc,merkel2,679
2013-09-23,2013-09-25,DE0001119915,Bubill,zero,0.0,2014-09-24,Auk,True,3000.0,2000.0,1000.0,99.90487,0.0942,0.094,2013-09-25,1998.1,0.0,2000.0,1.9,1.9,1.9,1.9,calc,merkel2,680
2013-10-02,2013-10-04,DE0001102325,Bund,fixed,0.02,2023-08-15,Auk,False,5000.0,4056.3,943.7,101.85,1.79,1.79,2013-09-11,4136.45,5.11,4056.3,725.11,725.11,725.11,725.11,calc,merkel2,681
2013-10-08,2013-10-10,DE0001030534,ILB,inflation_linked,0.0075,2018-04-15,Auk,False,1000.0,890.0,110.0,105.7,-0.5,-0.5,2011-04-15,996.23,3.44,960.4,-0.51,-0.51,-0.51,-0.51,calc,merkel2,682
2013-10-09,2013-10-11,DE0001141679,Bobl,fixed,0.01,2018-10-12,Auk,False,4000.0,3346.7,653.3,100.95,0.81,0.81,2013-09-06,3381.7,3.21,3346.7,135.63,135.63,135.63,135.63,calc,merkel2,683
2013-10-14,2013-10-16,DE0001119923,Bubill,zero,0.0,2014-04-16,Auk,True,3000.0,2822.0,178.0,99.98167,0.0363,0.036,2013-10-16,2821.48,0.0,2822.0,0.52,0.52,0.52,0.52,calc,merkel2,684
2013-10-16,2013-10-18,DE0001137438,Schatz,fixed,0.0025,2015-09-11,Auk,False,5000.0,4240.5,759.5,100.12,0.19,0.19,2013-08-23,4246.66,1.07,4240.5,15.04,15.04,15.04,15.04,calc,merkel2,685
2013-10-23,2013-10-25,DE0001135481,Bund,fixed,0.025,2044-07-04,Auk,False,2000.0,1665.0,335.0,97.05,2.64,2.64,2012-04-27,1628.77,12.89,1665.0,1326.61,1326.61,1326.61,1326.61,calc,merkel2,686
2013-10-28,2013-10-30,DE0001119931,Bubill,zero,0.0,2014-10-29,Auk,True,3000.0,2195.0,805.0,99.89004,0.1089,0.109,2013-10-30,2192.59,0.0,2195.0,2.41,2.41,2.41,2.41,calc,merkel2,687
2013-10-30,2013-11-01,DE0001102325,Bund,fixed,0.02,2023-08-15,Auk,False,4000.0,3413.0,587.0,102.62,1.71,1.71,2013-09-11,3511.96,9.54,3413.0,578.59,578.59,578.59,578.59,calc,merkel2,688
2013-11-06,2013-11-08,DE0001141679,Bobl,fixed,0.01,2018-10-12,Auk,False,4000.0,3268.1,731.9,101.41,0.71,0.71,2013-09-06,3319.82,5.64,3268.1,114.91,114.91,114.91,114.91,calc,merkel2,689
2013-11-11,2013-11-13,DE0001119949,Bubill,zero,0.0,2014-05-14,Auk,True,3000.0,2761.0,239.0,99.9811,0.0374,0.037,2013-11-13,2760.48,0.0,2761.0,0.52,0.52,0.52,0.52,calc,merkel2,690
2013-11-12,2013-11-14,DE0001030542,ILB,inflation_linked,0.001,2023-04-15,Auk,False,1000.0,755.0,245.0,98.24,0.29,0.29,2012-03-23,765.39,0.45,939.55,182.29,182.29,182.29,182.29,calc,merkel2,691
2013-11-13,2013-11-15,DE0001137446,Schatz,fixed,0.0,2015-12-11,Auk,True,5000.0,4032.2,967.8,99.793,0.1,0.1,2013-11-15,4023.85,0.0,4032.2,8.35,8.35,8.35,8.35,calc,merkel2,692
2013-11-25,2013-11-27,DE0001119956,Bubill,zero,0.0,2014-11-26,Auk,True,3000.0,2976.0,24.0,99.9075,0.0916,0.092,2013-11-27,2973.25,0.0,2976.0,2.75,2.75,2.75,2.75,calc,merkel2,693
2013-11-27,2013-11-29,DE0001102325,Bund,fixed,0.02,2023-08-15,Auk,False,4000.0,3562.3,437.7,102.74,1.69,1.69,2013-09-11,3675.33,15.42,3562.3,594.16,594.16,594.16,594.16,calc,merkel2,694
2013-12-04,2013-12-06,DE0001141679,Bobl,fixed,0.01,2018-10-12,Auk,False,4000.0,3285.45,714.55,101.51,0.68,0.68,2013-09-06,3343.25,8.19,3285.45,109.71,109.71,109.71,109.71,calc,merkel2,695
2013-12-11,2013-12-13,DE0001137446,Schatz,fixed,0.0,2015-12-11,Auk,False,5000.0,4380.0,620.0,99.591,0.21,0.21,2013-11-15,4362.09,0.0,4380.0,17.91,17.91,17.91,17.91,calc,merkel2,696
2014-01-13,2014-01-15,DE0001119964,Bubill,zero,0.0,2014-07-16,Auk,True,2000.0,1937.0,63.0,99.95678,0.0855,0.086,,1936.16,0.0,1937.0,0.84,0.84,0.84,0.84,calc,merkel3,697
2014-01-14,2014-01-16,DE0001030542,ILB,inflation_linked,0.001,2023-04-15,Auk,False,1000.0,904.8,95.2,98.51,0.26,0.26,2012-03-23,920.96,0.71,1125.97,214.76,214.76,214.76,214.76,calc,merkel3,698
2014-01-15,2014-01-17,DE0001141687,Bobl,fixed,0.01,2019-02-22,Auk,True,5000.0,4104.25,895.75,100.5,0.9,0.9,2014-01-17,4124.77,0.0,4104.25,188.74,188.74,188.74,188.74,calc,merkel3,699
2014-01-22,2014-01-24,DE0001137446,Schatz,fixed,0.0,2015-12-11,Auk,False,4000.0,3522.55,477.45,99.712,0.15,0.15,2013-11-15,3512.41,0.0,3522.55,10.14,10.14,10.14,10.14,calc,merkel3,700
2014-01-27,2014-01-29,DE0001119972,Bubill,zero,0.0,2015-01-28,Auk,True,2000.0,1930.0,70.0,99.89194,0.107,0.107,2014-01-29,1927.91,0.0,1930.0,2.09,2.09,2.09,2.09,calc,merkel3,701
2014-01-29,2014-01-31,DE0001102333,Bund,fixed,0.0175,2024-02-15,Auk,True,5000.0,4174.8,825.2,99.78,1.77,1.77,2014-01-31,4165.62,0.0,4174.8,742.78,742.78,742.78,742.78,calc,merkel3,702
2014-02-05,2014-02-07,DE0001141687,Bobl,fixed,0.01,2019-02-22,Auk,False,4000.0,3278.85,721.15,101.84,0.63,0.63,2014-01-17,3341.07,1.89,3278.85,104.96,104.96,104.96,104.96,calc,merkel3,703
2014-02-10,2014-02-12,DE0001119980,Bubill,zero,0.0,2014-08-13,Auk,True,2000.0,1963.5,36.5,99.957,0.0851,0.085,,1962.66,0.0,1963.5,0.84,0.84,0.84,0.84,calc,merkel3,704
2014-02-11,2014-02-13,DE0001030534,ILB,inflation_linked,0.0075,2018-04-15,Auk,False,1000.0,900.0,100.0,104.47,-0.31,-0.31,2011-04-15,1003.43,5.96,971.19,3.49,3.49,3.49,3.49,calc,merkel3,705
2014-02-12,2014-02-14,DE0001137453,Schatz,fixed,0.0025,2016-03-11,Auk,True,5000.0,4095.7,904.3,100.288,0.11,0.11,2014-02-14,4107.5,0.0,4095.7,9.38,9.38,9.38,9.38,calc,merkel3,706
2014-02-19,2014-02-21,DE0001102333,Bund,fixed,0.0175,2024-02-15,Auk,False,5000.0,3796.0,1204.0,101.02,1.64,1.64,2014-01-31,3835.81,1.09,3796.0,624.49,624.49,624.49,624.49,calc,merkel3,707
2014-02-24,2014-02-26,DE0001119998,Bubill,zero,0.0,2015-02-25,Auk,True,2000.0,1610.0,390.0,99.91176,0.0873,0.087,2014-02-26,1608.58,0.0,1610.0,1.42,1.42,1.42,1.42,calc,merkel3,708
2014-02-26,2014-02-28,DE0001102341,Bund,fixed,0.025,2046-08-15,Auk,True,3000.0,2438.3,561.7,99.4,2.53,2.53,2014-02-28,2423.67,0.0,2438.3,1993.33,1993.33,1993.33,1993.33,calc,merkel3,709
2014-03-05,2014-03-07,DE0001141687,Bobl,fixed,0.01,2019-02-22,Auk,False,4000.0,3266.1,733.9,101.76,0.64,0.64,2014-01-17,3324.75,1.16,3266.1,104.66,104.66,104.66,104.66,calc,merkel3,710
2014-03-10,2014-03-12,DE0001119204,Bubill,zero,0.0,2014-09-10,Auk,True,2000.0,1950.0,50.0,99.92743,0.1436,0.144,,1948.58,0.0,1950.0,1.42,1.42,1.42,1.42,calc,merkel3,711
2014-03-11,2014-03-13,DE0001030534,ILB,inflation_linked,0.0075,2018-04-15,Auk,False,1000.0,973.0,27.0,105.13,-0.49,-0.49,2011-04-15,1089.59,7.02,1049.96,-1.0,-1.0,-1.0,-1.0,calc,merkel3,712
2014-03-12,2014-03-14,DE0001137453,Schatz,fixed,0.0025,2016-03-11,Auk,False,4000.0,3317.5,682.5,100.191,0.15,0.15,2014-02-14,3324.47,0.64,3317.5,10.18,10.18,10.18,10.18,calc,merkel3,713
2014-03-19,2014-03-21,DE0001102333,Bund,fixed,0.0175,2024-02-15,Auk,False,4000.0,3262.1,737.9,101.57,1.58,1.58,2014-01-31,3318.63,5.32,3262.1,514.33,514.33,514.33,514.33,calc,merkel3,714
2014-03-24,2014-03-26,DE0001119212,Bubill,zero,0.0,2015-03-25,Auk,True,2000.0,1994.0,6.0,99.81476,0.1835,0.184,2014-03-26,1990.31,0.0,1994.0,3.69,3.69,3.69,3.69,calc,merkel3,715
2014-04-02,2014-04-04,DE0001141687,Bobl,fixed,0.01,2019-02-22,Auk,False,3000.0,2418.2,581.8,101.65,0.66,0.66,2014-01-17,2460.82,2.72,2418.2,78.29,78.29,78.29,78.29,calc,merkel3,716
2014-04-08,2014-04-10,DE0001030559,ILB,inflation_linked,0.005,2030-04-15,Auk,True,2000.0,1793.0,207.0,101.31,0.42,0.42,2014-04-10,1816.49,0.0,2571.25,924.28,752.45,1104.53,96.1,proj,merkel3,717
2014-04-09,2014-04-11,DE0001137453,Schatz,fixed,0.0025,2016-03-11,Auk,False,4000.0,3545.0,455.0,100.16,0.17,0.17,2014-02-14,3552.03,1.36,3545.0,11.3,11.3,11.3,11.3,calc,merkel3,718
2014-04-14,2014-04-16,DE0001119220,Bubill,zero,0.0,2014-10-15,Auk,True,2000.0,1875.0,125.0,99.93271,0.1332,0.133,,1873.74,0.0,1875.0,1.26,1.26,1.26,1.26,calc,merkel3,719
2014-04-16,2014-04-22,DE0001102333,Bund,fixed,0.0175,2024-02-15,Auk,False,4000.0,3409.7,590.3,102.34,1.49,1.49,2014-01-31,3500.28,10.79,3409.7,506.12,506.12,506.12,506.12,calc,merkel3,720
2014-04-28,2014-04-30,DE0001119238,Bubill,zero,0.0,2015-04-29,Auk,True,2000.0,1735.0,265.0,99.8423,0.1562,0.156,2014-04-30,1732.26,0.0,1735.0,2.74,2.74,2.74,2.74,calc,merkel3,721
2014-05-07,2014-05-09,DE0001141695,Bobl,fixed,0.005,2019-04-12,Auk,True,5000.0,4003.0,997.0,99.66,0.57,0.57,2014-05-07,3989.5,0.11,4003.0,112.2,112.2,112.2,112.2,calc,merkel3,722
2014-05-12,2014-05-14,DE0001119246,Bubill,zero,0.0,2014-11-12,Auk,True,2000.0,1985.0,15.0,99.945,0.1089,0.109,,1983.91,0.0,1985.0,1.09,1.09,1.09,1.09,calc,merkel3,723
2014-05-13,2014-05-15,DE0001030534,ILB,inflation_linked,0.0075,2018-04-15,Auk,False,1000.0,845.0,155.0,105.36,-0.6,-0.6,2011-04-15,942.94,0.55,911.84,-4.23,-4.23,-4.23,-4.23,calc,merkel3,724
2014-05-14,2014-05-16,DE0001137461,Schatz,fixed,0.0025,2016-06-10,Auk,True,5000.0,4158.2,841.8,100.329,0.09,0.09,2014-05-16,4171.88,0.0,4158.2,7.82,7.82,7.82,7.82,calc,merkel3,725
2014-05-21,2014-05-23,DE0001102358,Bund,fixed,0.015,2024-05-15,Auk,True,5000.0,3772.0,1228.0,100.83,1.41,1.41,2014-05-21,3803.62,0.31,3772.0,533.25,533.25,533.25,533.25,calc,merkel3,726
2014-05-26,2014-05-28,DE0001119253,Bubill,zero,0.0,2015-05-20,Auk,True,2000.0,1830.0,170.0,99.93752,0.063,0.063,2014-05-28,1828.86,0.0,1830.0,1.14,1.14,1.14,1.14,calc,merkel3,727
2014-05-28,2014-05-30,DE0001102341,Bund,fixed,0.025,2046-08-15,Auk,False,2000.0,1623.0,377.0,105.58,2.25,2.25,2014-02-28,1723.68,10.12,1623.0,1216.4,1216.4,1216.4,1216.4,calc,merkel3,728
2014-06-04,2014-06-06,DE0001141695,Bobl,fixed,0.005,2019-04-12,Auk,False,4000.0,3254.15,745.85,100.22,0.45,0.45,2014-05-07,3262.65,1.34,3254.15,71.74,71.74,71.74,71.74,calc,merkel3,729
2014-06-10,2014-06-12,DE0001030542,ILB,inflation_linked,0.001,2023-04-15,Auk,False,1000.0,975.0,25.0,102.21,-0.15,-0.15,2012-03-23,1033.85,0.16,1213.33,188.98,188.98,188.98,188.98,calc,merkel3,730
2014-06-11,2014-06-13,DE0001137461,Schatz,fixed,0.0025,2016-06-10,Auk,False,4000.0,3422.0,578.0,100.387,0.06,0.06,2014-05-16,3435.9,0.66,3422.0,3.8,3.8,3.8,3.8,calc,merkel3,731
2014-06-16,2014-06-18,DE0001119261,Bubill,zero,0.0,2014-12-10,Auk,True,2000.0,1511.25,488.75,100.00074,-0.0015,-0.002,,1511.26,0.0,1511.25,-0.01,-0.01,-0.01,-0.01,calc,merkel3,732
2014-06-18,2014-06-20,DE0001102358,Bund,fixed,0.015,2024-05-15,Auk,False,5000.0,4107.7,892.3,100.98,1.39,1.39,2014-05-21,4153.02,5.06,4107.7,569.82,569.82,569.82,569.82,calc,merkel3,733
2014-06-23,2014-06-25,DE0001119279,Bubill,zero,0.0,2015-06-24,Auk,True,2000.0,1460.0,540.0,99.98992,0.01,0.01,2014-06-25,1459.85,0.0,1460.0,0.15,0.15,0.15,0.15,calc,merkel3,734
2014-07-02,2014-07-04,DE0001141695,Bobl,fixed,0.005,2019-04-12,Auk,False,4000.0,3269.1,730.9,100.79,0.33,0.33,2014-05-07,3297.52,2.6,3269.1,52.18,52.18,52.18,52.18,calc,merkel3,735
2014-07-08,2014-07-10,DE0001030534,ILB,inflation_linked,0.0075,2018-04-15,Auk,False,1000.0,975.0,25.0,105.09,-0.58,-0.58,2011-04-15,1093.4,1.84,1052.12,-10.28,-10.28,-10.28,-10.28,calc,merkel3,736
2014-07-09,2014-07-11,DE0001137461,Schatz,fixed,0.0025,2016-06-10,Auk,False,4000.0,3255.8,744.2,100.45,0.01,0.01,2014-05-16,3271.7,1.25,3255.8,0.94,0.94,0.94,0.94,calc,merkel3,737
2014-07-14,2014-07-16,DE0001119287,Bubill,zero,0.0,2015-01-14,Auk,True,2000.0,1992.0,8.0,100.00145,-0.0029,-0.003,2014-07-16,1992.03,0.0,1992.0,-0.03,-0.03,-0.03,-0.03,calc,merkel3,738
2014-07-16,2014-07-18,DE0001102358,Bund,fixed,0.015,2024-05-15,Auk,False,4000.0,3301.0,699.0,102.77,1.2,1.2,2014-05-21,3400.31,7.87,3301.0,395.03,395.03,395.03,395.03,calc,merkel3,739
2014-07-28,2014-07-30,DE0001119295,Bubill,zero,0.0,2015-07-29,Auk,True,2000.0,1875.0,125.0,99.9932,0.0067,0.007,2014-07-30,1874.87,0.0,1875.0,0.13,0.13,0.13,0.13,calc,merkel3,740
2014-08-06,2014-08-08,DE0001141695,Bobl,fixed,0.005,2019-04-12,Auk,False,3000.0,2491.0,509.0,101.04,0.28,0.28,2014-05-07,2520.08,3.17,2491.0,32.34,32.34,32.34,32.34,calc,merkel3,741
2014-08-11,2014-08-13,DE0001119303,Bubill,zero,0.0,2015-02-11,Auk,True,2000.0,1431.0,569.0,100.00131,-0.0026,-0.003,2014-08-13,1431.02,0.0,1431.0,-0.02,-0.02,-0.02,-0.02,calc,merkel3,742
2014-08-13,2014-08-15,DE0001102358,Bund,fixed,0.015,2024-05-15,Auk,False,4000.0,3295.5,704.5,103.91,1.08,1.08,2014-05-21,3436.0,11.65,3295.5,353.01,353.01,353.01,353.01,calc,merkel3,743
2014-08-20,2014-08-22,DE0001137479,Schatz,fixed,0.0,2016-09-16,Auk,True,5000.0,4042.0,958.0,100.009,0.0,-0.0,2014-08-22,4042.36,0.0,4042.0,-0.36,-0.36,-0.36,-0.36,calc,merkel3,744
2014-08-25,2014-08-27,DE0001119311,Bubill,zero,0.0,2015-08-26,Auk,True,2000.0,1525.0,475.0,100.03091,-0.0306,-0.031,2014-08-27,1525.47,0.0,1525.0,-0.47,-0.47,-0.47,-0.47,calc,merkel3,745
2014-09-03,2014-09-05,DE0001141703,Bobl,fixed,0.0025,2019-10-11,Auk,True,5000.0,3999.95,1000.05,100.0,0.25,0.25,2014-09-05,3999.95,0.0,3999.95,50.99,50.99,50.99,50.99,calc,merkel3,746
2014-09-08,2014-09-10,DE0001119329,Bubill,zero,0.0,2015-03-11,Auk,True,2000.0,1895.0,105.0,100.04725,-0.0934,-0.093,2014-09-10,1895.9,0.0,1895.0,-0.9,-0.9,-0.9,-0.9,calc,merkel3,747
2014-09-09,2014-09-11,DE0001030559,ILB,inflation_linked,0.005,2030-04-15,Auk,False,1000.0,783.0,217.0,107.33,0.03,0.03,2014-04-10,851.27,1.67,1122.86,345.62,270.58,424.33,-7.47,proj,merkel3,748
2014-09-10,2014-09-12,DE0001102366,Bund,fixed,0.01,2024-08-15,Auk,True,5000.0,4150.0,850.0,99.55,1.05,1.05,2014-09-10,4131.55,0.23,4150.0,430.49,430.49,430.49,430.49,calc,merkel3,749
2014-09-17,2014-09-19,DE0001137479,Schatz,fixed,0.0,2016-09-16,Auk,False,4000.0,3341.2,658.8,100.136,-0.07,-0.07,2014-08-22,3345.74,0.0,3341.2,-4.54,-4.54,-4.54,-4.54,calc,merkel3,750
2014-09-29,2014-10-01,DE0001119337,Bubill,zero,0.0,2015-09-30,Auk,True,2000.0,1970.0,30.0,100.07894,-0.078,-0.078,2014-10-01,1971.56,0.0,1970.0,-1.56,-1.56,-1.56,-1.56,calc,merkel3,751
2014-10-01,2014-10-03,DE0001102366,Bund,fixed,0.01,2024-08-15,Auk,False,5000.0,4108.0,892.0,100.62,0.93,0.93,2014-09-10,4136.06,2.59,4108.0,379.82,379.82,379.82,379.82,calc,merkel3,752
2014-10-08,2014-10-10,DE0001141703,Bobl,fixed,0.0025,2019-10-11,Auk,False,4000.0,3239.0,761.0,100.55,0.14,0.14,2014-09-05,3257.59,0.78,3239.0,22.7,22.7,22.7,22.7,calc,merkel3,753
2014-10-13,2014-10-15,DE0001119345,Bubill,zero,0.0,2015-04-15,Auk,True,2000.0,1995.0,5.0,100.043,-0.085,-0.085,2014-10-15,1995.86,0.0,1995.0,-0.86,-0.86,-0.86,-0.86,calc,merkel3,754
2014-10-14,2014-10-16,DE0001030542,ILB,inflation_linked,0.001,2023-04-15,Auk,False,1000.0,694.0,306.0,104.17,-0.38,-0.38,2012-03-23,746.33,0.36,863.64,124.08,124.08,124.08,124.08,calc,merkel3,755
2014-10-15,2014-10-17,DE0001137479,Schatz,fixed,0.0,2016-09-16,Auk,False,4000.0,3293.5,706.5,100.12,-0.06,-0.06,2014-08-22,3297.45,0.0,3293.5,-3.95,-3.95,-3.95,-3.95,calc,merkel3,756
2014-10-22,2014-10-24,DE0001102341,Bund,fixed,0.025,2046-08-15,Auk,False,2000.0,1428.0,572.0,117.68,1.77,1.77,2014-02-28,1687.32,6.85,1428.0,883.08,883.08,883.08,883.08,calc,merkel3,757
2014-10-27,2014-10-29,DE0001119352,Bubill,zero,0.0,2015-10-28,Auk,True,2000.0,1958.0,42.0,100.07516,-0.0743,-0.074,2014-10-29,1959.47,0.0,1958.0,-1.47,-1.47,-1.47,-1.47,calc,merkel3,758
2014-10-29,2014-10-31,DE0001102366,Bund,fixed,0.01,2024-08-15,Auk,False,4000.0,3264.25,735.75,101.18,0.87,0.87,2014-09-10,3307.33,4.56,3264.25,281.02,281.02,281.02,281.02,calc,merkel3,759
2014-11-05,2014-11-07,DE0001141703,Bobl,fixed,0.0025,2019-10-11,Auk,False,4000.0,3189.0,811.0,100.63,0.12,0.12,2014-09-05,3210.47,1.38,3189.0,19.18,19.18,19.18,19.18,calc,merkel3,760
2014-11-11,2014-11-13,DE0001030559,ILB,inflation_linked,0.005,2030-04-15,Auk,False,1000.0,905.0,95.0,109.6,-0.12,-0.12,2014-04-10,1003.85,2.72,1297.82,379.53,292.8,470.51,-30.05,proj,merkel3,761
2014-11-12,2014-11-14,DE0001137487,Schatz,fixed,0.0,2016-12-16,Auk,True,5000.0,4154.0,846.0,100.108,-0.05,-0.05,2014-11-14,4158.49,0.0,4154.0,-4.49,-4.49,-4.49,-4.49,calc,merkel3,762
2014-11-26,2014-11-28,DE0001102366,Bund,fixed,0.01,2024-08-15,Auk,False,4000.0,3249.5,750.5,102.38,0.74,0.74,2014-09-10,3333.87,7.03,3249.5,238.26,238.26,238.26,238.26,calc,merkel3,763
2014-12-03,2014-12-05,DE0001141703,Bobl,fixed,0.0025,2019-10-11,Auk,False,3000.0,2474.25,525.75,100.52,0.14,0.14,2014-09-05,2488.66,1.54,2474.25,17.13,17.13,17.13,17.13,calc,merkel3,764
2014-12-10,2014-12-12,DE0001137487,Schatz,fixed,0.0,2016-12-16,Auk,False,4000.0,3233.0,767.0,100.073,-0.04,-0.04,2014-11-14,3235.36,0.0,3233.0,-2.36,-2.36,-2.36,-2.36,calc,merkel3,765
2015-01-07,2015-01-09,DE0001137487,Schatz,fixed,0.0,2016-12-16,Auk,False,5000.0,4048.0,952.0,100.215,-0.11,-0.11,2014-11-14,4056.7,0.0,4048.0,-8.7,-8.7,-8.7,-8.7,calc,merkel3,766
2015-01-12,2015-01-14,DE0001119360,Bubill,zero,0.0,2015-07-15,Auk,True,2000.0,1743.0,257.0,100.0792,-0.1565,-0.157,,1744.38,0.0,1743.0,-1.38,-1.38,-1.38,-1.38,calc,merkel3,767
2015-01-13,2015-01-15,DE0001030559,ILB,inflation_linked,0.005,2030-04-15,Auk,False,1000.0,772.0,228.0,110.62,-0.19,-0.19,2014-04-10,865.89,2.99,1107.09,314.18,240.2,391.79,-34.34,proj,merkel3,768
2015-01-14,2015-01-16,DE0001102374,Bund,fixed,0.005,2025-02-15,Auk,True,5000.0,4122.0,878.0,99.82,0.52,0.52,2015-01-16,4114.58,0.0,4122.0,215.21,215.21,215.21,215.21,calc,merkel3,769
2015-01-21,2015-01-23,DE0001141711,Bobl,fixed,0.0,2020-04-17,Auk,True,5000.0,4042.0,958.0,99.81,0.04,0.04,2015-01-23,4034.32,0.0,4042.0,7.68,7.68,7.68,7.68,calc,merkel3,770
2015-01-26,2015-01-28,DE0001119378,Bubill,zero,0.0,2016-01-27,Auk,True,1500.0,1452.5,47.5,100.17472,-0.1725,-0.172,2015-01-28,1455.04,0.0,1452.5,-2.54,-2.54,-2.54,-2.54,calc,merkel3,771
2015-01-28,2015-01-30,DE0001102341,Bund,fixed,0.025,2046-08-15,Auk,False,2000.0,939.0,1061.0,138.25,1.07,1.07,2014-02-28,1308.97,10.8,939.0,381.23,381.23,381.23,381.23,calc,merkel3,772
2015-02-09,2015-02-11,DE0001119386,Bubill,zero,0.0,2015-08-12,Auk,True,2000.0,1895.0,105.0,100.10569,-0.2088,-0.209,,1897.0,0.0,1895.0,-2.0,-2.0,-2.0,-2.0,calc,merkel3,773
2015-02-10,2015-02-12,DE0001030526,ILB,inflation_linked,0.0175,2020-04-15,Auk,False,1000.0,754.0,246.0,112.25,-0.58,-0.58,2009-06-10,937.84,11.98,858.51,8.21,8.21,8.21,8.21,calc,merkel3,774
2015-02-11,2015-02-13,DE0001137495,Schatz,fixed,0.0,2017-03-10,Auk,True,5000.0,4029.45,970.55,100.452,-0.22,-0.22,2015-02-13,4047.66,0.0,4029.45,-18.21,-18.21,-18.21,-18.21,calc,merkel3,775
2015-02-18,2015-02-20,DE0001102374,Bund,fixed,0.005,2025-02-15,Auk,False,4000.0,3335.0,665.0,101.23,0.37,0.37,2015-01-16,3376.25,0.23,3335.0,125.5,125.5,125.5,125.5,calc,merkel3,776
2015-02-23,2015-02-25,DE0001119394,Bubill,zero,0.0,2016-02-24,Auk,True,1500.0,1455.0,45.0,100.20313,-0.2005,-0.2,2015-02-25,1457.96,0.0,1455.0,-2.96,-2.96,-2.96,-2.96,calc,merkel3,777
2015-02-25,2015-02-27,DE0001141711,Bobl,fixed,0.0,2020-04-17,Auk,False,4000.0,3280.85,719.15,100.39,-0.08,-0.08,2015-01-23,3293.65,0.0,3280.85,-12.8,-12.8,-12.8,-12.8,calc,merkel3,778
2015-03-09,2015-03-11,DE0001119402,Bubill,zero,0.0,2015-09-16,Auk,True,2000.0,1885.0,115.0,100.11573,-0.2202,-0.22,,1887.18,0.0,1885.0,-2.18,-2.18,-2.18,-2.18,calc,merkel3,779
2015-03-10,2015-03-12,DE0001030567,ILB,inflation_linked,0.001,2026-04-15,Auk,True,2000.0,1872.0,128.0,111.58,-0.89,-0.89,2015-03-12,2088.78,0.0,2419.77,354.18,354.18,354.18,354.18,calc,merkel3,780
2015-03-11,2015-03-13,DE0001137495,Schatz,fixed,0.0,2017-03-10,Auk,False,5000.0,4090.35,909.65,100.48,-0.24,-0.24,2015-02-13,4109.98,0.0,4090.35,-19.63,-19.63,-19.63,-19.63,calc,merkel3,781
2015-03-18,2015-03-20,DE0001102374,Bund,fixed,0.005,2025-02-15,Auk,False,4000.0,3298.35,701.65,102.4,0.25,0.25,2015-01-16,3379.0,1.49,3298.35,84.27,84.27,84.27,84.27,calc,merkel3,782
2015-03-23,2015-03-25,DE0001119410,Bubill,zero,0.0,2016-03-23,Auk,True,1500.0,1480.0,20.0,100.24748,-0.2442,-0.244,2015-03-25,1483.66,0.0,1480.0,-3.66,-3.66,-3.66,-3.66,calc,merkel3,783
2015-04-01,2015-04-07,DE0001141711,Bobl,fixed,0.0,2020-04-17,Auk,False,4000.0,3391.5,608.5,100.52,-0.1,-0.1,2015-01-23,3409.14,0.0,3391.5,-17.64,-17.64,-17.64,-17.64,calc,merkel3,784
2015-04-07,2015-04-09,DE0001030567,ILB,inflation_linked,0.001,2026-04-15,Auk,False,1000.0,790.0,210.0,114.01,-1.09,-1.09,2015-03-12,892.88,0.06,1021.16,138.07,138.07,138.07,138.07,calc,merkel3,785
2015-04-08,2015-04-10,DE0001137495,Schatz,fixed,0.0,2017-03-10,Auk,False,4000.0,3290.0,710.0,100.53,-0.28,-0.28,2015-02-13,3307.44,0.0,3290.0,-17.44,-17.44,-17.44,-17.44,calc,merkel3,786
2015-04-13,2015-04-15,DE0001119428,Bubill,zero,0.0,2015-10-14,Auk,True,2000.0,1982.2,17.8,100.14,-0.2765,-0.277,,1984.98,0.0,1982.2,-2.78,-2.78,-2.78,-2.78,calc,merkel3,787
2015-04-15,2015-04-17,DE0001102374,Bund,fixed,0.005,2025-02-15,Auk,False,4000.0,3271.0,729.0,103.62,0.13,0.13,2015-01-16,3392.14,2.73,3271.0,42.41,42.41,42.41,42.41,calc,merkel3,788
2015-04-27,2015-04-29,DE0001119436,Bubill,zero,0.0,2016-04-27,Auk,True,1500.0,1451.75,48.25,100.28184,-0.278,-0.278,2015-04-29,1455.84,0.0,1451.75,-4.09,-4.09,-4.09,-4.09,calc,merkel3,789
2015-04-29,2015-05-04,DE0001141711,Bobl,fixed,0.0,2020-04-17,Auk,False,4000.0,3274.0,726.0,100.36,-0.07,-0.07,2015-01-23,3285.79,0.0,3274.0,-11.79,-11.79,-11.79,-11.79,calc,merkel3,790
2015-05-06,2015-05-08,DE0001104602,Schatz,fixed,0.0,2017-06-16,Auk,True,5000.0,3947.3,1052.7,100.45,-0.21,-0.21,2015-05-08,3965.06,0.0,3947.3,-17.76,-17.76,-17.76,-17.76,calc,merkel3,791
2015-05-11,2015-05-13,DE0001119444,Bubill,zero,0.0,2015-11-11,Auk,True,2000.0,1805.0,195.0,100.1345,-0.2657,-0.266,,1807.43,0.0,1805.0,-2.43,-2.43,-2.43,-2.43,calc,merkel3,792
2015-05-12,2015-05-14,DE0001030567,ILB,inflation_linked,0.001,2026-04-15,Auk,False,1000.0,724.0,276.0,107.87,-0.6,-0.6,2015-03-12,781.67,0.12,935.85,163.15,163.15,163.15,163.15,calc,merkel3,793
2015-05-13,2015-05-15,DE0001102374,Bund,fixed,0.005,2025-02-15,Auk,False,3000.0,2545.0,455.0,98.61,0.65,0.65,2015-01-16,2512.73,3.1,2545.0,159.52,159.52,159.52,159.52,calc,merkel3,794
2015-05-18,2015-05-20,DE0001119451,Bubill,zero,0.0,2016-05-18,Auk,True,1500.0,1006.0,494.0,100.257,-0.2535,-0.254,2015-05-20,1008.59,0.0,1006.0,-2.59,-2.59,-2.59,-2.59,calc,merkel3,795
2015-05-27,2015-05-29,DE0001102341,Bund,fixed,0.025,2046-08-15,Auk,False,2000.0,1424.0,576.0,134.15,1.18,1.18,2014-02-28,1938.29,27.99,1424.0,624.91,624.91,624.91,624.91,calc,merkel3,796
2015-06-03,2015-06-05,DE0001141711,Bobl,fixed,0.0,2020-04-17,Auk,False,3000.0,2391.0,609.0,99.56,0.09,0.09,2015-01-23,2380.48,0.0,2391.0,10.52,10.52,10.52,10.52,calc,merkel3,797
2015-06-08,2015-06-10,DE0001119469,Bubill,zero,0.0,2015-12-09,Auk,True,2000.0,1425.0,575.0,100.12635,-0.2496,-0.25,,1426.8,0.0,1425.0,-1.8,-1.8,-1.8,-1.8,calc,merkel3,798
2015-06-09,2015-06-11,DE0001030575,ILB,inflation_linked,0.001,2046-04-15,Syn,True,2500.0,2479.8,20.2,98.854,0.138,0.14,2015-06-09,2490.13,0.01,4905.49,2527.53,944.21,4798.33,59.21,proj,merkel3,799
2015-06-10,2015-06-12,DE0001104602,Schatz,fixed,0.0,2017-06-16,Auk,False,5000.0,4049.8,950.2,100.318,-0.16,-0.16,2015-05-08,4062.68,0.0,4049.8,-12.88,-12.88,-12.88,-12.88,calc,merkel3,800
2015-06-17,2015-06-19,DE0001102374,Bund,fixed,0.005,2025-02-15,Auk,False,3000.0,2493.0,507.0,97.14,0.81,0.81,2015-01-16,2425.93,4.23,2493.0,191.72,191.72,191.72,191.72,calc,merkel3,801
2015-06-29,2015-07-01,DE0001119477,Bubill,zero,0.0,2016-06-29,Auk,True,1500.0,1350.0,150.0,100.26638,-0.2628,-0.263,2015-07-01,1353.6,0.0,1350.0,-3.6,-3.6,-3.6,-3.6,calc,merkel3,802
2015-07-01,2015-07-03,DE0001141729,Bobl,fixed,0.0025,2020-10-16,Auk,True,5000.0,3205.0,1795.0,100.43,0.17,0.17,2015-07-03,3218.78,0.0,3205.0,28.59,28.59,28.59,28.59,calc,merkel3,803
2015-07-07,2015-07-09,DE0001030567,ILB,inflation_linked,0.001,2026-04-15,Auk,False,1000.0,810.0,190.0,107.2,-0.55,-0.55,2015-03-12,877.72,0.27,1047.01,179.33,179.33,179.33,179.33,calc,merkel3,804
2015-07-08,2015-07-10,DE0001104602,Schatz,fixed,0.0,2017-06-16,Auk,False,3000.0,2442.25,557.75,100.525,-0.27,-0.27,2015-05-08,2455.07,0.0,2442.25,-12.82,-12.82,-12.82,-12.82,calc,merkel3,805
2015-07-13,2015-07-15,DE0001119485,Bubill,zero,0.0,2016-01-13,Auk,True,2000.0,1700.0,300.0,100.13199,-0.2607,-0.261,2015-07-15,1702.24,0.0,1700.0,-2.24,-2.24,-2.24,-2.24,calc,merkel3,806
2015-07-15,2015-07-17,DE0001102382,Bund,fixed,0.01,2025-08-15,Auk,True,5000.0,4086.5,913.5,101.18,0.88,0.88,2015-07-17,4134.72,0.0,4086.5,363.68,363.68,363.68,363.68,calc,merkel3,807
2015-07-27,2015-07-29,DE0001119493,Bubill,zero,0.0,2016-07-27,Auk,True,1500.0,1322.0,178.0,100.24975,-0.2464,-0.246,2015-07-29,1325.3,0.0,1322.0,-3.3,-3.3,-3.3,-3.3,calc,merkel3,808
2015-08-05,2015-08-07,DE0001141729,Bobl,fixed,0.0025,2020-10-16,Auk,False,4000.0,3265.05,734.95,101.09,0.04,0.04,2015-07-03,3301.42,0.78,3265.05,6.79,6.79,6.79,6.79,calc,merkel3,809
2015-08-10,2015-08-12,DE0001119501,Bubill,zero,0.0,2016-02-10,Auk,True,2000.0,1876.0,124.0,100.13165,-0.2601,-0.26,2015-08-12,1878.47,0.0,1876.0,-2.47,-2.47,-2.47,-2.47,calc,merkel3,810
2015-08-12,2015-08-14,DE0001102382,Bund,fixed,0.01,2025-08-15,Auk,False,4000.0,3247.7,752.3,103.82,0.61,0.61,2015-07-17,3374.25,2.49,3247.7,200.8,200.8,200.8,200.8,calc,merkel3,811
2015-08-19,2015-08-21,DE0001104610,Schatz,fixed,0.0,2017-09-15,Auk,True,5000.0,4099.5,900.5,100.519,-0.25,-0.25,2015-08-21,4120.78,0.0,4099.5,-21.28,-21.28,-21.28,-21.28,calc,merkel3,812
2015-09-02,2015-09-04,DE0001141729,Bobl,fixed,0.0025,2020-10-16,Auk,False,4000.0,3124.7,875.3,100.64,0.12,0.12,2015-07-03,3146.05,1.35,3124.7,19.96,19.96,19.96,19.96,calc,merkel3,813
2015-09-08,2015-09-10,DE0001030559,ILB,inflation_linked,0.005,2030-04-15,Auk,False,1000.0,745.0,255.0,110.86,-0.23,-0.23,2014-04-10,837.9,1.53,1068.37,297.14,225.74,372.03,-37.53,proj,merkel3,814
2015-09-09,2015-09-11,DE0001102382,Bund,fixed,0.01,2025-08-15,Auk,False,4000.0,3228.0,772.0,102.92,0.69,0.69,2015-07-17,3324.64,2.38,3228.0,226.16,226.16,226.16,226.16,calc,merkel3,815
2015-09-14,2015-09-16,DE0001119527,Bubill,zero,0.0,2016-03-16,Auk,True,2000.0,1353.0,647.0,100.14,-0.2765,-0.277,2015-09-16,1354.89,0.0,1353.0,-1.89,-1.89,-1.89,-1.89,calc,merkel3,816
2015-09-16,2015-09-18,DE0001102341,Bund,fixed,0.025,2046-08-15,Auk,False,2000.0,1549.0,451.0,124.75,1.49,1.49,2014-02-28,1935.97,3.6,1549.0,813.5,813.5,813.5,813.5,calc,merkel3,817
2015-09-23,2015-09-25,DE0001104610,Schatz,fixed,0.0,2017-09-15,Auk,False,4000.0,3320.0,680.0,100.515,-0.26,-0.26,2015-08-21,3337.1,0.0,3320.0,-17.1,-17.1,-17.1,-17.1,calc,merkel3,818
2015-10-06,2015-10-08,DE0001030575,ILB,inflation_linked,0.001,2046-04-15,Auk,False,500.0,369.0,131.0,105.74,-0.09,-0.09,2015-06-09,395.33,0.12,729.95,351.31,115.71,689.21,-17.06,proj,merkel3,819
2015-10-07,2015-10-09,DE0001102382,Bund,fixed,0.01,2025-08-15,Auk,False,4000.0,3253.0,747.0,103.65,0.62,0.62,2015-07-17,3376.62,4.89,3253.0,201.68,201.68,201.68,201.68,calc,merkel3,820
2015-10-12,2015-10-14,DE0001119543,Bubill,zero,0.0,2016-04-13,Auk,True,2000.0,1694.0,306.0,100.14718,-0.2907,-0.291,2015-10-14,1696.49,0.0,1694.0,-2.49,-2.49,-2.49,-2.49,calc,merkel3,821
2015-10-14,2015-10-16,DE0001141729,Bobl,fixed,0.0025,2020-10-16,Auk,False,3000.0,2437.0,563.0,101.41,-0.03,-0.03,2015-07-03,2471.36,0.0,2437.0,-3.9,-3.9,-3.9,-3.9,calc,merkel3,822
2015-10-21,2015-10-23,DE0001104610,Schatz,fixed,0.0,2017-09-15,Auk,False,4000.0,3361.0,639.0,100.486,-0.26,-0.26,2015-08-21,3377.33,0.0,3361.0,-16.33,-16.33,-16.33,-16.33,calc,merkel3,823
2015-10-28,2015-10-30,DE0001102382,Bund,fixed,0.01,2025-08-15,Auk,False,3000.0,2455.0,545.0,105.38,0.44,0.44,2015-07-17,2592.18,5.1,2455.0,108.32,108.32,108.32,108.32,calc,merkel3,824
2015-11-10,2015-11-12,DE0001030559,ILB,inflation_linked,0.005,2030-04-15,Auk,False,1000.0,794.0,206.0,112.58,-0.35,-0.35,2014-04-10,904.13,2.31,1138.64,305.57,229.48,385.39,-54.13,proj,merkel3,825
2015-11-11,2015-11-13,DE0001141729,Bobl,fixed,0.0025,2020-10-16,Auk,False,3000.0,2543.0,457.0,101.62,-0.08,-0.08,2015-07-03,2584.68,0.49,2543.0,-9.9,-9.9,-9.9,-9.9,calc,merkel3,826
2015-11-18,2015-11-20,DE0001104628,Schatz,fixed,0.0,2017-12-15,Auk,True,5000.0,4066.0,934.0,100.799,-0.38,-0.38,2015-11-20,4098.49,0.0,4066.0,-32.49,-32.49,-32.49,-32.49,calc,merkel3,827
2015-11-25,2015-11-27,DE0001102382,Bund,fixed,0.01,2025-08-15,Auk,False,3000.0,2077.0,923.0,104.83,0.49,0.49,2015-07-17,2183.22,5.9,2077.0,101.48,101.48,101.48,101.48,calc,merkel3,828
2015-12-09,2015-12-11,DE0001104628,Schatz,fixed,0.0,2017-12-15,Auk,False,3000.0,2527.0,473.0,100.645,-0.32,-0.32,2015-11-20,2543.3,0.0,2527.0,-16.3,-16.3,-16.3,-16.3,calc,merkel3,829
2016-01-06,2016-01-08,DE0001104628,Schatz,fixed,0.0,2017-12-15,Auk,False,5000.0,4042.9,957.1,100.733,-0.38,-0.38,2015-11-20,4072.53,0.0,4042.9,-29.63,-29.63,-29.63,-29.63,calc,merkel3,830
2016-01-11,2016-01-13,DE0001119519,Bubill,zero,0.0,2016-07-13,Auk,True,3000.0,1485.0,1515.0,100.22093,-0.436,-0.436,,1488.28,0.0,1485.0,-3.28,-3.28,-3.28,-3.28,calc,merkel3,831
2016-01-12,2016-01-14,DE0001030567,ILB,inflation_linked,0.001,2026-04-15,Auk,False,1000.0,762.0,238.0,104.53,-0.33,-0.33,2015-03-12,803.89,0.65,984.97,190.52,190.52,190.52,190.52,calc,merkel3,832
2016-01-13,2016-01-15,DE0001102390,Bund,fixed,0.005,2026-02-15,Auk,True,5000.0,3854.0,1146.0,99.11,0.59,0.59,2016-01-15,3819.7,0.0,3854.0,228.64,228.64,228.64,228.64,calc,merkel3,833
2016-01-25,2016-01-27,DE0001119535,Bubill,zero,0.0,2017-01-25,Auk,True,1500.0,1040.0,460.0,100.43891,-0.4322,-0.432,2016-01-27,1044.56,0.0,1040.0,-4.56,-4.56,-4.56,-4.56,calc,merkel3,834
2016-01-27,2016-01-29,DE0001102341,Bund,fixed,0.025,2046-08-15,Auk,False,1000.0,805.5,194.5,133.67,1.18,1.18,2014-02-28,1085.9,9.19,805.5,343.86,343.86,343.86,343.86,calc,merkel3,835
2016-02-03,2016-02-05,DE0001141737,Bobl,fixed,0.0,2021-04-09,Auk,True,5000.0,3971.25,1028.75,101.24,-0.24,-0.24,2016-02-05,4020.49,0.0,3971.25,-49.24,-49.24,-49.24,-49.24,calc,merkel3,836
2016-02-08,2016-02-10,DE0001119550,Bubill,zero,0.0,2016-08-10,Auk,True,3000.0,1655.0,1345.0,100.22032,-0.4348,-0.435,,1658.65,0.0,1655.0,-3.65,-3.65,-3.65,-3.65,calc,merkel3,837
2016-02-09,2016-02-11,DE0001030575,ILB,inflation_linked,0.001,2046-04-15,Auk,False,500.0,365.0,135.0,114.22,-0.35,-0.35,2015-06-09,423.44,0.25,722.04,315.11,82.06,649.34,-48.47,proj,merkel3,838
2016-02-10,2016-02-12,DE0001104636,Schatz,fixed,0.0,2018-03-16,Auk,True,5000.0,3983.8,1016.2,101.062,-0.5,-0.5,2016-02-12,4026.11,0.0,3983.8,-42.31,-42.31,-42.31,-42.31,calc,merkel3,839
2016-02-17,2016-02-19,DE0001102390,Bund,fixed,0.005,2026-02-15,Auk,False,5000.0,4047.5,952.5,102.38,0.26,0.26,2016-01-15,4145.77,1.94,4047.5,105.82,105.82,105.82,105.82,calc,merkel3,840
2016-02-22,2016-02-24,DE0001119568,Bubill,zero,0.0,2017-02-22,Auk,True,1500.0,1243.0,257.0,100.50843,-0.5003,-0.5,2016-02-24,1249.32,0.0,1243.0,-6.32,-6.32,-6.32,-6.32,calc,merkel3,841
2016-02-24,2016-02-26,DE0001135481,Bund,fixed,0.025,2044-07-04,Auk,False,1000.0,819.0,181.0,143.77,0.77,0.77,2012-04-27,1190.73,13.26,819.0,222.04,222.04,222.04,222.04,calc,merkel3,842
2016-03-02,2016-03-04,DE0001141737,Bobl,fixed,0.0,2021-04-09,Auk,False,4000.0,3307.1,692.9,101.84,-0.36,-0.36,2016-02-05,3367.95,0.0,3307.1,-60.85,-60.85,-60.85,-60.85,calc,merkel3,843
2016-03-08,2016-03-10,DE0001030567,ILB,inflation_linked,0.001,2026-04-15,Auk,False,500.0,410.0,90.0,108.58,-0.72,-0.72,2015-03-12,446.97,0.41,529.97,88.08,88.08,88.08,88.08,calc,merkel3,844
2016-03-09,2016-03-11,DE0001104636,Schatz,fixed,0.0,2018-03-16,Auk,False,4000.0,3245.5,754.5,101.115,-0.55,-0.55,2016-02-12,3281.69,0.0,3245.5,-36.19,-36.19,-36.19,-36.19,calc,merkel3,845
2016-03-14,2016-03-16,DE0001119576,Bubill,zero,0.0,2016-09-14,Auk,True,3000.0,1827.0,1173.0,100.24382,-0.4811,-0.481,,1831.45,0.0,1827.0,-4.45,-4.45,-4.45,-4.45,calc,merkel3,846
2016-03-16,2016-03-18,DE0001102390,Bund,fixed,0.005,2026-02-15,Auk,False,4000.0,3258.5,741.5,101.91,0.3,0.3,2016-01-15,3323.55,2.81,3258.5,99.26,99.26,99.26,99.26,calc,merkel3,847
2016-03-21,2016-03-23,DE0001119584,Bubill,zero,0.0,2017-03-22,Auk,True,1500.0,1300.0,200.0,100.49604,-0.4882,-0.488,2016-03-23,1306.45,0.0,1300.0,-6.45,-6.45,-6.45,-6.45,calc,merkel3,848
2016-03-23,2016-03-29,DE0001102341,Bund,fixed,0.025,2046-08-15,Auk,False,1000.0,810.0,190.0,141.13,0.94,0.94,2014-02-28,1155.71,12.56,810.0,282.04,282.04,282.04,282.04,calc,merkel3,849
2016-03-30,2016-04-01,DE0001141737,Bobl,fixed,0.0,2021-04-09,Auk,False,4000.0,3226.5,773.5,101.7,-0.34,-0.34,2016-02-05,3281.35,0.0,3226.5,-54.85,-54.85,-54.85,-54.85,calc,merkel3,850
2016-04-06,2016-04-08,DE0001104636,Schatz,fixed,0.0,2018-03-16,Auk,False,4000.0,3235.0,765.0,100.946,-0.48,-0.49,2016-02-12,3265.6,0.0,3235.0,-30.6,-30.6,-30.6,-30.6,calc,merkel3,851
2016-04-11,2016-04-13,DE0001119592,Bubill,zero,0.0,2016-10-12,Auk,True,3000.0,2068.0,932.0,100.25826,-0.5095,-0.51,,2073.34,0.0,2068.0,-5.34,-5.34,-5.34,-5.34,calc,merkel3,852
2016-04-12,2016-04-14,DE0001030575,ILB,inflation_linked,0.001,2046-04-15,Auk,False,500.0,368.0,132.0,116.57,-0.42,-0.42,2015-06-09,429.56,0.31,727.97,315.06,80.1,652.05,-56.82,proj,merkel3,853
2016-04-20,2016-04-22,DE0001102390,Bund,fixed,0.005,2026-02-15,Auk,False,4000.0,3198.0,802.0,103.4,0.15,0.15,2016-01-15,3311.02,4.29,3198.0,48.24,48.24,48.24,48.24,calc,merkel3,854
2016-04-25,2016-04-27,DE0001137503,Bubill,zero,0.0,2017-04-26,Auk,True,1500.0,1190.0,310.0,100.53629,-0.5276,-0.528,2016-04-27,1196.38,0.0,1190.0,-6.38,-6.38,-6.38,-6.38,calc,merkel3,855
2016-04-27,2016-04-29,DE0001102341,Bund,fixed,0.025,2046-08-15,Auk,False,1000.0,804.2,195.8,138.1,1.03,1.03,2014-02-28,1124.77,14.17,804.2,302.68,302.68,302.68,302.68,calc,merkel3,856
2016-05-04,2016-05-06,DE0001141737,Bobl,fixed,0.0,2021-04-09,Auk,False,4000.0,3245.0,755.0,101.62,-0.33,-0.33,2016-02-05,3297.57,0.0,3245.0,-52.57,-52.57,-52.57,-52.57,calc,merkel3,857
2016-05-09,2016-05-11,DE0001137511,Bubill,zero,0.0,2016-11-16,Auk,True,3000.0,2525.0,475.0,100.28079,-0.5333,-0.533,,2532.09,0.0,2525.0,-7.09,-7.09,-7.09,-7.09,calc,merkel3,858
2016-05-10,2016-05-12,DE0001030559,ILB,inflation_linked,0.005,2030-04-15,Auk,False,1000.0,716.0,284.0,118.39,-0.75,-0.75,2014-04-10,848.91,0.27,1026.78,238.38,169.77,310.36,-91.51,proj,merkel3,859
2016-05-11,2016-05-13,DE0001104644,Schatz,fixed,0.0,2018-06-15,Auk,True,5000.0,3954.0,1046.0,101.085,-0.51,-0.52,2016-05-13,3996.9,0.0,3954.0,-42.9,-42.9,-42.9,-42.9,calc,merkel3,860
2016-05-18,2016-05-20,DE0001102390,Bund,fixed,0.005,2026-02-15,Auk,False,4000.0,3240.5,759.5,103.44,0.14,0.14,2016-01-15,3357.55,5.58,3240.5,46.35,46.35,46.35,46.35,calc,merkel3,861
2016-05-23,2016-05-25,DE0001137529,Bubill,zero,0.0,2017-05-24,Auk,True,1500.0,1270.0,230.0,100.55171,-0.5427,-0.543,2016-05-25,1277.01,0.0,1270.0,-7.01,-7.01,-7.01,-7.01,calc,merkel3,862
2016-05-25,2016-05-27,DE0001135481,Bund,fixed,0.025,2044-07-04,Auk,False,1000.0,821.0,179.0,140.13,0.88,0.88,2012-04-27,1168.86,18.39,821.0,247.36,247.36,247.36,247.36,calc,merkel3,863
2016-06-01,2016-06-03,DE0001141737,Bobl,fixed,0.0,2021-04-09,Auk,False,4000.0,3244.5,755.5,101.86,-0.38,-0.38,2016-02-05,3304.85,0.0,3244.5,-60.35,-60.35,-60.35,-60.35,calc,merkel3,864
2016-06-07,2016-06-09,DE0001030567,ILB,inflation_linked,0.001,2026-04-15,Auk,False,1000.0,789.0,211.0,109.38,-0.81,-0.81,2015-03-12,868.88,0.12,1019.87,159.91,159.91,159.91,159.91,calc,merkel3,865
2016-06-08,2016-06-10,DE0001104644,Schatz,fixed,0.0,2018-06-15,Auk,False,5000.0,4082.0,918.0,101.113,-0.55,-0.55,2016-05-13,4127.43,0.0,4082.0,-45.43,-45.43,-45.43,-45.43,calc,merkel3,866
2016-06-13,2016-06-15,DE0001137537,Bubill,zero,0.0,2016-12-07,Auk,True,3000.0,2105.0,895.0,100.2676,-0.549,-0.549,,2110.63,0.0,2105.0,-5.63,-5.63,-5.63,-5.63,calc,merkel3,867
2016-06-15,2016-06-17,DE0001102390,Bund,fixed,0.005,2026-02-15,Auk,False,4000.0,3258.5,741.5,104.77,0.01,0.01,2016-01-15,3420.79,6.86,3258.5,2.02,2.02,2.02,2.02,calc,merkel3,868
2016-06-22,2016-06-24,DE0001102341,Bund,fixed,0.025,2046-08-15,Auk,False,1000.0,820.4,179.6,150.38,0.65,0.65,2014-02-28,1251.31,17.6,820.4,204.9,204.9,204.9,204.9,calc,merkel3,869
2016-06-27,2016-06-29,DE0001137545,Bubill,zero,0.0,2017-06-28,Auk,True,1500.0,1125.0,375.0,100.62136,-0.6107,-0.611,2016-06-29,1131.99,0.0,1125.0,-6.99,-6.99,-6.99,-6.99,calc,merkel3,870
2016-07-05,2016-07-07,DE0001030575,ILB,inflation_linked,0.001,2046-04-15,Auk,False,500.0,345.0,155.0,128.73,-0.76,-0.76,2015-06-09,450.96,0.08,682.47,246.83,26.55,562.75,-96.78,proj,merkel3,871
2016-07-06,2016-07-08,DE0001104644,Schatz,fixed,0.0,2018-06-15,Auk,False,4000.0,3438.1,561.9,101.346,-0.69,-0.69,2016-05-13,3484.38,0.0,3438.1,-46.28,-46.28,-46.28,-46.28,calc,merkel3,872
2016-07-11,2016-07-13,DE0001137552,Bubill,zero,0.0,2017-01-11,Auk,True,3000.0,2551.0,449.0,100.33876,-0.6678,-0.668,2016-07-13,2559.64,0.0,2551.0,-8.64,-8.64,-8.64,-8.64,calc,merkel3,873
2016-07-13,2016-07-15,DE0001102408,Bund,fixed,0.0,2026-08-15,Auk,True,5000.0,4038.0,962.0,100.48,-0.05,-0.05,2016-07-15,4057.38,0.0,4038.0,-19.38,-19.38,-19.38,-19.38,calc,merkel3,874
2016-07-20,2016-07-22,DE0001141745,Bobl,fixed,0.0,2021-10-08,Auk,True,5000.0,3386.0,1614.0,102.71,-0.51,-0.51,2016-07-22,3477.76,0.0,3386.0,-91.76,-91.76,-91.76,-91.76,calc,merkel3,875
2016-07-25,2016-07-27,DE0001137560,Bubill,zero,0.0,2017-07-26,Auk,True,1500.0,1270.0,230.0,100.61324,-0.6028,-0.603,2016-07-27,1277.79,0.0,1270.0,-7.79,-7.79,-7.79,-7.79,calc,merkel3,876
2016-07-27,2016-07-29,DE0001102341,Bund,fixed,0.025,2046-08-15,Auk,False,1000.0,826.8,173.2,157.52,0.45,0.45,2014-02-28,1322.09,19.71,826.8,145.48,145.48,145.48,145.48,calc,merkel3,877
2016-08-03,2016-08-05,DE0001104651,Schatz,fixed,0.0,2018-09-14,Auk,True,5000.0,3966.0,1034.0,101.278,-0.6,-0.6,2016-08-05,4016.69,0.0,3966.0,-50.69,-50.69,-50.69,-50.69,calc,merkel3,878
2016-08-08,2016-08-10,DE0001137578,Bubill,zero,0.0,2017-02-15,Auk,True,3000.0,2135.0,865.0,100.32616,-0.6192,-0.619,2016-08-10,2141.96,0.0,2135.0,-6.96,-6.96,-6.96,-6.96,calc,merkel3,879
2016-08-10,2016-08-12,DE0001102408,Bund,fixed,0.0,2026-08-15,Auk,False,5000.0,4005.6,994.4,100.94,-0.09,-0.09,2016-07-15,4043.25,0.0,4005.6,-37.65,-37.65,-37.65,-37.65,calc,merkel3,880
2016-08-22,2016-08-24,DE0001137586,Bubill,zero,0.0,2017-08-23,Auk,True,1500.0,1025.0,475.0,100.62118,-0.6106,-0.611,2016-08-24,1031.37,0.0,1025.0,-6.37,-6.37,-6.37,-6.37,calc,merkel3,881
2016-08-24,2016-08-26,DE0001141745,Bobl,fixed,0.0,2021-10-08,Auk,False,4000.0,3141.25,858.75,102.65,-0.51,-0.51,2016-07-22,3224.49,0.0,3141.25,-83.24,-83.24,-83.24,-83.24,calc,merkel3,882
2016-08-31,2016-09-02,DE0001104651,Schatz,fixed,0.0,2018-09-14,Auk,False,4000.0,3112.25,887.75,101.295,-0.63,-0.63,2016-08-05,3152.55,0.0,3112.25,-40.3,-40.3,-40.3,-40.3,calc,merkel3,883
2016-09-06,2016-09-08,DE0001030567,ILB,inflation_linked,0.001,2026-04-15,Auk,False,500.0,382.0,118.0,111.1,-1.0,-1.0,2015-03-12,429.16,0.15,493.78,68.94,68.94,68.94,68.94,calc,merkel3,884
2016-09-07,2016-09-09,DE0001102408,Bund,fixed,0.0,2026-08-15,Auk,False,5000.0,3501.0,1499.0,101.11,-0.11,-0.11,2016-07-15,3539.86,0.0,3501.0,-38.86,-38.86,-38.86,-38.86,calc,merkel3,885
2016-09-12,2016-09-14,DE0001137594,Bubill,zero,0.0,2017-03-15,Auk,True,2000.0,1660.0,340.0,100.31081,-0.6129,-0.613,2016-09-14,1665.16,0.0,1660.0,-5.16,-5.16,-5.16,-5.16,calc,merkel3,886
2016-09-14,2016-09-16,DE0001135481,Bund,fixed,0.025,2044-07-04,Auk,False,1000.0,805.15,194.85,147.9,0.62,0.62,2012-04-27,1194.9,4.08,805.15,173.86,173.86,173.86,173.86,calc,merkel3,887
2016-09-21,2016-09-23,DE0001141745,Bobl,fixed,0.0,2021-10-08,Auk,False,4000.0,3229.05,770.95,102.59,-0.51,-0.51,2016-07-22,3312.68,0.0,3229.05,-83.63,-83.63,-83.63,-83.63,calc,merkel3,888
2016-09-26,2016-09-28,DE0001137602,Bubill,zero,0.0,2017-09-27,Auk,True,1500.0,1270.0,230.0,100.66966,-0.6579,-0.658,2016-09-28,1278.5,0.0,1270.0,-8.5,-8.5,-8.5,-8.5,calc,merkel3,889
2016-09-28,2016-09-30,DE0001104651,Schatz,fixed,0.0,2018-09-14,Auk,False,4000.0,3191.25,808.75,101.383,-0.7,-0.7,2016-08-05,3235.38,0.0,3191.25,-44.13,-44.13,-44.13,-44.13,calc,merkel3,890
2016-10-05,2016-10-07,DE0001102408,Bund,fixed,0.0,2026-08-15,Auk,False,4000.0,3263.5,736.5,100.33,-0.03,-0.03,2016-07-15,3274.27,0.0,3263.5,-10.77,-10.77,-10.77,-10.77,calc,merkel3,891
2016-10-10,2016-10-12,DE0001137610,Bubill,zero,0.0,2017-04-12,Auk,True,2000.0,1595.0,405.0,100.36377,-0.7169,-0.717,2016-10-12,1600.8,0.0,1595.0,-5.8,-5.8,-5.8,-5.8,calc,merkel3,892
2016-10-11,2016-10-13,DE0001030575,ILB,inflation_linked,0.001,2046-04-15,Auk,False,500.0,407.0,93.0,122.75,-0.6,-0.6,2015-06-09,506.95,0.2,805.12,316.23,56.37,688.93,-89.49,proj,merkel3,893
2016-10-19,2016-10-21,DE0001102341,Bund,fixed,0.025,2046-08-15,Auk,False,1000.0,851.0,149.0,150.23,0.64,0.64,2014-02-28,1282.36,3.91,851.0,206.89,206.89,206.89,206.89,calc,merkel3,894
2016-10-26,2016-10-28,DE0001141745,Bobl,fixed,0.0,2021-10-08,Auk,False,3000.0,2397.5,602.5,102.3,-0.46,-0.46,2016-07-22,2452.64,0.0,2397.5,-55.14,-55.14,-55.14,-55.14,calc,merkel3,895
2016-11-02,2016-11-04,DE0001102408,Bund,fixed,0.0,2026-08-15,Auk,False,3000.0,2506.0,494.0,98.82,0.12,0.12,2016-07-15,2476.43,0.0,2506.0,29.57,29.57,29.57,29.57,calc,merkel3,896
2016-11-08,2016-11-10,DE0001030567,ILB,inflation_linked,0.001,2026-04-15,Auk,False,500.0,406.75,93.25,110.32,-0.94,-0.94,2015-03-12,452.76,0.23,525.77,77.61,77.61,77.61,77.61,calc,merkel3,897
2016-11-09,2016-11-11,DE0001104669,Schatz,fixed,0.0,2018-12-14,Auk,True,5000.0,3842.0,1158.0,101.348,-0.64,-0.64,2016-11-11,3893.79,0.0,3842.0,-51.79,-51.79,-51.79,-51.79,calc,merkel3,898
2016-11-23,2016-11-25,DE0001102408,Bund,fixed,0.0,2026-08-15,Auk,False,3000.0,2514.2,485.8,97.95,0.21,0.21,2016-07-15,2462.66,0.0,2514.2,51.54,51.54,51.54,51.54,calc,merkel3,899
2016-11-30,2016-12-02,DE0001141745,Bobl,fixed,0.0,2021-10-08,Auk,False,3000.0,2500.7,499.3,102.32,-0.47,-0.47,2016-07-22,2558.72,0.0,2500.7,-58.02,-58.02,-58.02,-58.02,calc,merkel3,900
2016-12-07,2016-12-09,DE0001104669,Schatz,fixed,0.0,2018-12-14,Auk,False,3000.0,2633.6,366.4,101.444,-0.71,-0.71,2016-11-11,2671.63,0.0,2633.6,-38.03,-38.03,-38.03,-38.03,calc,merkel3,901
2017-01-10,2017-01-12,DE0001030567,ILB,inflation_linked,0.001,2026-04-15,Auk,False,1000.0,793.2,206.8,111.49,-1.07,-1.07,2015-03-12,896.9,0.6,1025.3,137.36,137.36,137.36,137.36,calc,merkel3,902
2017-01-11,2017-01-13,DE0001102416,Bund,fixed,0.0025,2027-02-15,Auk,True,5000.0,4017.7,982.3,98.91,0.36,0.36,2017-01-13,3973.91,0.0,4017.7,145.14,145.14,145.14,145.14,calc,merkel3,903
2017-01-17,2017-01-19,DE0001104669,Schatz,fixed,0.0,2018-12-14,Auk,False,5000.0,4029.0,971.0,101.447,-0.75,-0.75,2016-11-11,4087.3,0.0,4029.0,-58.3,-58.3,-58.3,-58.3,calc,merkel3,904
2017-01-25,2017-01-27,DE0001102341,Bund,fixed,0.025,2046-08-15,Auk,False,1000.0,811.05,188.95,132.25,1.2,1.2,2014-02-28,1081.78,9.17,811.05,337.56,337.56,337.56,337.56,calc,merkel3,905
2017-02-01,2017-02-03,DE0001141752,Bobl,fixed,0.0,2022-04-08,Auk,True,4000.0,3242.6,757.4,101.48,-0.28,-0.28,2017-02-03,3290.59,0.0,3242.6,-47.99,-47.99,-47.99,-47.99,calc,merkel3,906
2017-02-07,2017-02-09,DE0001030575,ILB,inflation_linked,0.001,2046-04-15,Auk,False,500.0,396.0,104.0,118.32,-0.48,-0.48,2015-06-09,479.24,0.33,783.36,321.69,68.85,684.32,-69.97,proj,merkel3,907
2017-02-08,2017-02-10,DE0001102416,Bund,fixed,0.0025,2027-02-15,Auk,False,3000.0,2483.4,516.6,99.23,0.33,0.33,2017-01-13,2464.75,0.47,2483.4,81.29,81.29,81.29,81.29,calc,merkel3,908
2017-02-13,2017-02-15,DE0001137628,Bubill,zero,0.0,2017-08-16,Auk,True,2000.0,1745.0,255.0,100.4276,-0.8422,-0.842,,1752.46,0.0,1745.0,-7.46,-7.46,-7.46,-7.46,calc,merkel3,909
2017-02-22,2017-02-24,DE0001135481,Bund,fixed,0.025,2044-07-04,Auk,False,1000.0,583.0,417.0,134.55,1.04,1.04,2012-04-27,793.81,9.38,583.0,197.29,197.29,197.29,197.29,calc,merkel3,910
2017-02-28,2017-03-02,DE0001104677,Schatz,fixed,0.0,2019-03-15,Auk,True,5000.0,4144.75,855.25,101.891,-0.92,-0.92,2017-03-02,4223.13,0.0,4144.75,-78.38,-78.38,-78.38,-78.38,calc,merkel3,911
2017-03-01,2017-03-03,DE0001102416,Bund,fixed,0.0025,2027-02-15,Auk,False,3000.0,2494.0,506.0,100.03,0.25,0.25,2017-01-13,2495.02,0.27,2494.0,61.33,61.33,61.33,61.33,calc,merkel3,912
2017-03-07,2017-03-09,DE0001030559,ILB,inflation_linked,0.005,2030-04-15,Auk,False,500.0,408.4,91.6,117.13,-0.74,-0.74,2014-04-10,489.3,1.87,585.67,130.89,91.75,171.94,-50.01,proj,merkel3,913
2017-03-08,2017-03-10,DE0001141752,Bobl,fixed,0.0,2022-04-08,Auk,False,4000.0,3155.0,845.0,102.3,-0.45,-0.45,2017-02-03,3227.57,0.0,3155.0,-72.57,-72.57,-72.57,-72.57,calc,merkel3,914
2017-03-13,2017-03-15,DE0001137636,Bubill,zero,0.0,2017-09-13,Auk,True,2000.0,1627.0,373.0,100.45908,-0.9039,-0.904,,1634.47,0.0,1627.0,-7.47,-7.47,-7.47,-7.47,calc,merkel3,915
2017-03-15,2017-03-17,DE0001102341,Bund,fixed,0.025,2046-08-15,Auk,False,1000.0,815.5,184.5,132.53,1.18,1.18,2014-02-28,1092.74,11.95,815.5,334.39,334.39,334.39,334.39,calc,merkel3,916
2017-03-22,2017-03-24,DE0001102416,Bund,fixed,0.0025,2027-02-15,Auk,False,3000.0,2520.3,479.7,98.47,0.41,0.41,2017-01-13,2482.38,0.64,2520.3,100.93,100.93,100.93,100.93,calc,merkel3,917
2017-03-28,2017-03-30,DE0001104677,Schatz,fixed,0.0,2019-03-15,Auk,False,4000.0,2893.0,1107.0,101.403,-0.71,-0.71,2017-03-02,2933.59,0.0,2893.0,-40.59,-40.59,-40.59,-40.59,calc,merkel3,918
2017-04-04,2017-04-06,DE0001030567,ILB,inflation_linked,0.001,2026-04-15,Auk,False,1000.0,801.0,199.0,111.13,-1.07,-1.07,2015-03-12,900.2,0.79,1035.38,144.24,144.24,144.24,144.24,calc,merkel3,919
2017-04-05,2017-04-07,DE0001141752,Bobl,fixed,0.0,2022-04-08,Auk,False,4000.0,3223.0,777.0,102.26,-0.45,-0.45,2017-02-03,3295.84,0.0,3223.0,-72.84,-72.84,-72.84,-72.84,calc,merkel3,920
2017-04-10,2017-04-12,DE0001137644,Bubill,zero,0.0,2017-10-11,Auk,True,2000.0,1436.0,564.0,100.41527,-0.818,-0.818,,1441.96,0.0,1436.0,-5.96,-5.96,-5.96,-5.96,calc,merkel3,921
2017-04-12,2017-04-18,DE0001102416,Bund,fixed,0.0025,2027-02-15,Auk,False,3000.0,2434.95,565.05,100.38,0.21,0.21,2017-01-13,2445.24,1.03,2434.95,50.59,50.59,50.59,50.59,calc,merkel3,922
2017-04-19,2017-04-21,DE0001135481,Bund,fixed,0.025,2044-07-04,Auk,False,1000.0,813.95,186.05,139.27,0.87,0.87,2012-04-27,1149.81,16.22,813.95,233.9,233.9,233.9,233.9,calc,merkel3,923
2017-04-25,2017-04-27,DE0001104677,Schatz,fixed,0.0,2019-03-15,Auk,False,4000.0,3222.0,778.0,101.303,-0.69,-0.69,2017-03-02,3263.98,0.0,3222.0,-41.98,-41.98,-41.98,-41.98,calc,merkel3,924
2017-05-03,2017-05-05,DE0001102416,Bund,fixed,0.0025,2027-02-15,Auk,False,3000.0,2431.5,568.5,99.26,0.33,0.33,2017-01-13,2414.82,1.32,2431.5,77.46,77.46,77.46,77.46,calc,merkel3,925
2017-05-08,2017-05-10,DE0001137651,Bubill,zero,0.0,2017-11-15,Auk,True,2000.0,1362.0,638.0,100.39324,-0.7461,-0.746,,1367.36,0.0,1362.0,-5.36,-5.36,-5.36,-5.36,calc,merkel3,926
2017-05-09,2017-05-11,DE0001030575,ILB,inflation_linked,0.001,2046-04-15,Auk,False,500.0,403.25,96.75,111.19,-0.27,-0.27,2015-06-09,459.11,0.03,797.7,356.08,98.61,725.34,-42.05,proj,merkel3,927
2017-05-10,2017-05-12,DE0001141752,Bobl,fixed,0.0,2022-04-08,Auk,False,3000.0,2427.6,572.4,101.54,-0.31,-0.31,2017-02-03,2464.99,0.0,2427.6,-37.39,-37.39,-37.39,-37.39,calc,merkel3,928
2017-05-17,2017-05-19,DE0001102341,Bund,fixed,0.025,2046-08-15,Auk,False,1000.0,811.6,188.4,130.85,1.24,1.24,2014-02-28,1077.38,15.4,811.6,342.92,342.92,342.92,342.92,calc,merkel3,929
2017-05-23,2017-05-25,DE0001104685,Schatz,fixed,0.0,2019-06-14,Auk,True,5000.0,3965.0,1035.0,101.346,-0.65,-0.65,2017-05-25,4018.37,0.0,3965.0,-53.37,-53.37,-53.37,-53.37,calc,merkel3,930
2017-05-24,2017-05-26,DE0001102416,Bund,fixed,0.0025,2027-02-15,Auk,False,3000.0,2449.75,550.25,98.66,0.39,0.39,2017-01-13,2418.6,1.68,2449.75,92.39,92.39,92.39,92.39,calc,merkel3,931
2017-06-06,2017-06-08,DE0001030567,ILB,inflation_linked,0.001,2026-04-15,Auk,False,500.0,406.0,94.0,110.2,-1.0,-1.0,2015-03-12,457.63,0.06,524.8,71.35,71.35,71.35,71.35,calc,merkel3,932
2017-06-07,2017-06-09,DE0001141752,Bobl,fixed,0.0,2022-04-08,Auk,False,3000.0,2413.9,586.1,102.23,-0.46,-0.46,2017-02-03,2467.73,0.0,2413.9,-53.83,-53.83,-53.83,-53.83,calc,merkel3,933
2017-06-12,2017-06-14,DE0001137669,Bubill,zero,0.0,2017-12-13,Auk,True,2000.0,1375.0,625.0,100.36278,-0.715,-0.715,,1379.99,0.0,1375.0,-4.99,-4.99,-4.99,-4.99,calc,merkel3,934
2017-06-14,2017-06-16,DE0001102416,Bund,fixed,0.0025,2027-02-15,Auk,False,3000.0,2429.4,570.6,99.92,0.26,0.26,2017-01-13,2429.47,2.01,2429.4,60.67,60.67,60.67,60.67,calc,merkel3,935
2017-06-21,2017-06-23,DE0001135481,Bund,fixed,0.025,2044-07-04,Auk,False,1000.0,809.3,190.7,134.83,1.02,1.02,2012-04-27,1110.8,19.62,809.3,265.01,265.01,265.01,265.01,calc,merkel3,936
2017-06-27,2017-06-29,DE0001104685,Schatz,fixed,0.0,2019-06-14,Auk,False,4000.0,3172.2,827.8,101.201,-0.61,-0.61,2017-05-25,3210.3,0.0,3172.2,-38.1,-38.1,-38.1,-38.1,calc,merkel3,937
2017-07-04,2017-07-06,DE0001030559,ILB,inflation_linked,0.005,2030-04-15,Auk,False,500.0,412.0,88.0,112.49,-0.45,-0.45,2014-04-10,476.95,0.48,590.83,146.61,107.13,188.03,-32.12,proj,merkel3,938
2017-07-05,2017-07-07,DE0001141760,Bobl,fixed,0.0,2022-10-07,Auk,True,4000.0,3219.65,780.35,100.75,-0.14,-0.14,2017-07-07,3243.8,0.0,3219.65,-24.15,-24.15,-24.15,-24.15,calc,merkel3,939
2017-07-10,2017-07-12,DE0001137677,Bubill,zero,0.0,2018-01-10,Auk,True,2000.0,1345.0,655.0,100.3483,-0.6866,-0.687,2017-07-12,1349.68,0.0,1345.0,-4.68,-4.68,-4.68,-4.68,calc,merkel3,940
2017-07-12,2017-07-14,DE0001102424,Bund,fixed,0.005,2027-08-15,Auk,True,5000.0,4009.6,990.4,99.1,0.59,0.59,2017-07-14,3973.51,0.0,4009.6,238.32,238.32,238.32,238.32,calc,merkel3,941
2017-07-19,2017-07-21,DE0001102341,Bund,fixed,0.025,2046-08-15,Auk,False,1000.0,804.55,195.45,129.16,1.29,1.29,2014-02-28,1057.89,18.74,804.55,350.07,350.07,350.07,350.07,calc,merkel3,942
2017-08-01,2017-08-03,DE0001104685,Schatz,fixed,0.0,2019-06-14,Auk,False,4000.0,3219.0,781.0,101.306,-0.69,-0.69,2017-05-25,3261.04,0.0,3219.0,-42.04,-42.04,-42.04,-42.04,calc,merkel3,943
2017-08-02,2017-08-04,DE0001102424,Bund,fixed,0.005,2027-08-15,Auk,False,3000.0,2415.6,584.4,100.14,0.49,0.49,2017-07-14,2419.68,0.69,2415.6,117.76,117.76,117.76,117.76,calc,merkel3,944
2017-08-09,2017-08-11,DE0001141760,Bobl,fixed,0.0,2022-10-07,Auk,False,4000.0,3019.0,981.0,101.34,-0.26,-0.26,2017-07-07,3059.45,0.0,3019.0,-40.45,-40.45,-40.45,-40.45,calc,merkel3,945
2017-08-14,2017-08-16,DE0001137685,Bubill,zero,0.0,2018-02-14,Auk,True,2000.0,1417.0,583.0,100.35324,-0.6963,-0.696,2017-08-16,1422.01,0.0,1417.0,-5.01,-5.01,-5.01,-5.01,calc,merkel3,946
2017-08-23,2017-08-25,DE0001102424,Bund,fixed,0.005,2027-08-15,Auk,False,3000.0,2430.1,569.9,100.89,0.41,0.41,2017-07-14,2453.13,1.4,2430.1,99.54,99.54,99.54,99.54,calc,merkel3,947
2017-08-29,2017-08-31,DE0001104693,Schatz,fixed,0.0,2019-09-13,Auk,True,5000.0,4030.0,970.0,101.518,-0.74,-0.74,2017-08-31,4091.18,0.0,4030.0,-61.18,-61.18,-61.18,-61.18,calc,merkel3,948
2017-09-06,2017-09-08,DE0001141760,Bobl,fixed,0.0,2022-10-07,Auk,False,3000.0,2435.8,564.2,101.86,-0.36,-0.36,2017-07-07,2481.11,0.0,2435.8,-45.31,-45.31,-45.31,-45.31,calc,merkel3,949
2017-09-11,2017-09-13,DE0001137693,Bubill,zero,0.0,2018-03-14,Auk,True,2000.0,1663.0,337.0,100.38879,-0.7661,-0.766,2017-09-13,1669.47,0.0,1663.0,-6.47,-6.47,-6.47,-6.47,calc,merkel3,950
2017-09-12,2017-09-14,DE0001030575,ILB,inflation_linked,0.001,2046-04-15,Auk,False,500.0,357.0,143.0,113.93,-0.36,-0.36,2015-06-09,419.05,0.15,706.21,302.64,74.7,629.55,-47.67,proj,merkel3,951
2017-09-13,2017-09-15,DE0001102424,Bund,fixed,0.005,2027-08-15,Auk,False,3000.0,2446.25,553.75,101.06,0.39,0.39,2017-07-14,2474.29,2.11,2446.25,95.34,95.34,95.34,95.34,calc,merkel3,952
2017-09-20,2017-09-22,DE0001102432,Bund,fixed,0.0125,2048-08-15,Auk,True,2000.0,1630.6,369.4,99.41,1.27,1.27,2017-09-20,1621.09,0.11,1630.6,639.36,639.36,639.36,639.36,calc,merkel3,953
2017-09-26,2017-09-28,DE0001104693,Schatz,fixed,0.0,2019-09-13,Auk,False,4000.0,3191.7,808.3,101.42,-0.72,-0.72,2017-08-31,3237.02,0.0,3191.7,-45.32,-45.32,-45.32,-45.32,calc,merkel3,954
2017-10-04,2017-10-06,DE0001102424,Bund,fixed,0.005,2027-08-15,Auk,False,3000.0,2413.55,586.45,100.53,0.44,0.44,2017-07-14,2429.12,2.78,2413.55,106.17,106.17,106.17,106.17,calc,merkel3,955
2017-10-09,2017-10-11,DE0001137701,Bubill,zero,0.0,2018-04-11,Auk,True,2000.0,1015.0,985.0,100.37153,-0.7322,-0.732,2017-10-11,1018.77,0.0,1015.0,-3.77,-3.77,-3.77,-3.77,calc,merkel3,956
2017-10-10,2017-10-12,DE0001030567,ILB,inflation_linked,0.001,2026-04-15,Auk,False,1000.0,799.0,201.0,110.18,-1.04,-1.04,2015-03-12,898.51,0.4,1032.8,142.51,142.51,142.51,142.51,calc,merkel3,957
2017-10-11,2017-10-13,DE0001141760,Bobl,fixed,0.0,2022-10-07,Auk,False,3000.0,2395.4,604.6,101.32,-0.26,-0.26,2017-07-07,2427.02,0.0,2395.4,-31.62,-31.62,-31.62,-31.62,calc,merkel3,958
2017-10-17,2017-10-19,DE0001104693,Schatz,fixed,0.0,2019-09-13,Auk,False,4000.0,3220.4,779.6,101.435,-0.75,-0.75,2017-08-31,3266.61,0.0,3220.4,-46.21,-46.21,-46.21,-46.21,calc,merkel3,959
2017-10-18,2017-10-20,DE0001102432,Bund,fixed,0.0125,2048-08-15,Auk,False,1000.0,807.4,192.6,100.66,1.22,1.22,2017-09-20,813.56,0.83,807.4,305.71,305.71,305.71,305.71,calc,merkel3,960
2017-10-25,2017-10-27,DE0001102424,Bund,fixed,0.005,2027-08-15,Auk,False,3000.0,2385.1,614.9,100.16,0.48,0.48,2017-07-14,2392.35,3.43,2385.1,113.05,113.05,113.05,113.05,calc,merkel3,961
2017-11-07,2017-11-09,DE0001030559,ILB,inflation_linked,0.005,2030-04-15,Auk,False,500.0,389.0,111.0,116.26,-0.74,-0.74,2014-04-10,465.07,1.14,557.85,123.68,86.4,162.79,-45.95,proj,merkel3,962
2017-11-08,2017-11-10,DE0001141760,Bobl,fixed,0.0,2022-10-07,Auk,False,3000.0,2466.6,533.4,101.92,-0.39,-0.39,2017-07-07,2513.96,0.0,2466.6,-47.36,-47.36,-47.36,-47.36,calc,merkel3,963
2017-11-13,2017-11-15,DE0001137719,Bubill,zero,0.0,2018-05-16,Auk,True,2000.0,1322.0,678.0,100.38167,-0.7521,-0.752,2017-11-15,1327.05,0.0,1322.0,-5.05,-5.05,-5.05,-5.05,calc,merkel3,964
2017-11-14,2017-11-16,DE0001104701,Schatz,fixed,0.0,2019-12-13,Auk,True,5000.0,4010.25,989.75,101.489,-0.71,-0.71,2017-11-16,4069.96,0.0,4010.25,-59.71,-59.71,-59.71,-59.71,calc,merkel3,965
2017-11-15,2017-11-17,DE0001102424,Bund,fixed,0.005,2027-08-15,Auk,False,3000.0,2475.0,525.0,101.31,0.36,0.36,2017-07-14,2511.69,4.27,2475.0,88.14,88.14,88.14,88.14,calc,merkel3,966
2017-11-22,2017-11-24,DE0001102432,Bund,fixed,0.0125,2048-08-15,Auk,False,1000.0,838.6,161.4,101.17,1.2,1.2,2017-09-20,850.28,1.87,838.6,312.25,312.25,312.25,312.25,calc,merkel3,967
2017-12-06,2017-12-08,DE0001102424,Bund,fixed,0.005,2027-08-15,Auk,False,2000.0,1620.0,380.0,101.9,0.3,0.3,2017-07-14,1654.04,3.26,1620.0,47.67,47.67,47.67,47.67,calc,merkel3,968
2017-12-12,2017-12-14,DE0001104701,Schatz,fixed,0.0,2019-12-13,Auk,False,3000.0,2411.6,588.4,101.495,-0.74,-0.74,2017-11-16,2447.65,0.0,2411.6,-36.05,-36.05,-36.05,-36.05,calc,merkel3,969
2018-01-09,2018-01-11,DE0001030575,ILB,inflation_linked,0.001,2046-04-15,Auk,False,500.0,379.0,121.0,116.65,-0.45,-0.45,2015-06-09,457.99,0.29,749.73,308.17,66.19,655.23,-61.69,proj,merkel3,970
2018-01-10,2018-01-12,DE0001102440,Bund,fixed,0.005,2028-02-15,Auk,True,5000.0,4025.95,974.05,99.63,0.54,0.54,2018-01-12,4011.05,0.0,4025.95,218.07,218.07,218.07,218.07,calc,merkel3,971
2018-01-17,2018-01-19,DE0001102432,Bund,fixed,0.0125,2048-08-15,Auk,False,1500.0,1261.4,238.6,99.2,1.28,1.28,2017-09-20,1256.54,5.23,1261.4,492.1,492.1,492.1,492.1,calc,merkel3,972
2018-01-23,2018-01-25,DE0001104701,Schatz,fixed,0.0,2019-12-13,Auk,False,5000.0,4032.5,967.5,101.154,-0.61,-0.61,2017-11-16,4079.04,0.0,4032.5,-46.54,-46.54,-46.54,-46.54,calc,merkel3,973
2018-01-31,2018-02-02,DE0001141778,Bobl,fixed,0.0,2023-04-14,Auk,True,4000.0,3203.95,796.05,99.6,0.08,0.08,2018-02-02,3191.13,0.0,3203.95,12.82,12.82,12.82,12.82,calc,merkel3,974
2018-02-06,2018-02-08,DE0001030567,ILB,inflation_linked,0.001,2026-04-15,Auk,False,1000.0,800.5,199.5,108.54,-0.9,-0.9,2015-03-12,894.65,0.67,1034.73,148.33,148.33,148.33,148.33,calc,merkel3,975
2018-02-07,2018-02-09,DE0001102440,Bund,fixed,0.005,2028-02-15,Auk,False,3000.0,2492.2,507.8,98.17,0.69,0.69,2018-01-12,2447.55,0.96,2492.2,170.42,170.42,170.42,170.42,calc,merkel3,976
2018-02-12,2018-02-14,DE0001137727,Bubill,zero,0.0,2018-08-15,Auk,True,3000.0,2285.0,715.0,100.32373,-0.6383,-0.638,,2292.4,0.0,2285.0,-7.4,-7.4,-7.4,-7.4,calc,merkel3,977
2018-02-14,2018-02-16,DE0001135481,Bund,fixed,0.025,2044-07-04,Auk,False,1500.0,1273.1,226.9,125.93,1.33,1.33,2012-04-27,1623.01,19.79,1273.1,509.43,509.43,509.43,509.43,calc,merkel3,978
2018-02-20,2018-02-22,DE0001104719,Schatz,fixed,0.0,2020-03-13,Auk,True,5000.0,3991.0,1009.0,101.065,-0.51,-0.51,2018-02-22,4033.5,0.0,3991.0,-42.5,-42.5,-42.5,-42.5,calc,merkel3,979
2018-02-28,2018-03-02,DE0001102440,Bund,fixed,0.005,2028-02-15,Auk,False,3000.0,2412.75,587.25,98.32,0.67,0.67,2018-01-12,2372.71,0.5,2412.75,160.68,160.68,160.68,160.68,calc,merkel3,980
2018-03-06,2018-03-08,DE0001030559,ILB,inflation_linked,0.005,2030-04-15,M-A,False,500.0,389.0,111.0,113.12,-0.55,-0.55,2014-04-10,456.05,1.8,557.85,132.7,95.42,171.8,-34.41,proj,merkel3,982
2018-03-06,2018-03-08,DE0001030567,ILB,inflation_linked,0.001,2026-04-15,M-A,False,500.0,401.5,98.5,108.15,-0.87,-0.87,2015-03-12,447.44,0.37,518.98,75.68,75.68,75.68,75.68,calc,merkel3,981
2018-03-07,2018-03-09,DE0001141778,Bobl,fixed,0.0,2023-04-14,Auk,False,4000.0,3225.0,775.0,99.77,0.05,0.05,2018-02-02,3217.58,0.0,3225.0,7.42,7.42,7.42,7.42,calc,merkel3,983
2018-03-12,2018-03-14,DE0001137727,Bubill,zero,0.0,2018-08-15,Auk,False,2000.0,1945.0,55.0,100.28936,-0.6745,-0.674,,1950.63,0.0,1945.0,-5.63,-5.63,-5.63,-5.63,calc,merkel3,984
2018-03-14,2018-03-16,DE0001102432,Bund,fixed,0.0125,2048-08-15,Auk,False,1500.0,1211.0,289.0,99.39,1.27,1.27,2017-09-20,1210.95,7.34,1211.0,467.82,467.82,467.82,467.82,calc,merkel3,985
2018-03-20,2018-03-22,DE0001104719,Schatz,fixed,0.0,2020-03-13,Auk,False,4000.0,3240.0,760.0,101.184,-0.59,-0.59,2018-02-22,3278.36,0.0,3240.0,-38.36,-38.36,-38.36,-38.36,calc,merkel3,986
2018-03-21,2018-03-23,DE0001102440,Bund,fixed,0.005,2028-02-15,Auk,False,3000.0,2446.5,553.5,99.08,0.6,0.6,2018-01-12,2425.2,1.21,2446.5,143.63,143.63,143.63,143.63,calc,merkel3,987
2018-04-04,2018-04-06,DE0001141778,Bobl,fixed,0.0,2023-04-14,Auk,False,3000.0,2457.6,542.4,100.5,-0.1,-0.1,2018-02-02,2469.89,0.0,2457.6,-12.29,-12.29,-12.29,-12.29,calc,merkel3,988
2018-04-09,2018-04-11,DE0001137735,Bubill,zero,0.0,2018-10-10,Auk,True,3000.0,2745.0,255.0,100.33665,-0.6637,-0.664,,2754.24,0.0,2745.0,-9.24,-9.24,-9.24,-9.24,calc,merkel3,989
2018-04-10,2018-04-12,DE0001030567,ILB,inflation_linked,0.001,2026-04-15,Auk,False,500.0,407.0,93.0,110.16,-1.11,-1.11,2015-03-12,459.11,0.41,526.09,71.17,71.17,71.17,71.17,calc,merkel3,990
2018-04-11,2018-04-13,DE0001102341,Bund,fixed,0.025,2046-08-15,Auk,False,1500.0,1043.0,457.0,133.25,1.12,1.12,2014-02-28,1407.01,17.22,1043.0,392.16,392.16,392.16,392.16,calc,merkel3,991
2018-04-18,2018-04-20,DE0001102440,Bund,fixed,0.005,2028-02-15,Auk,False,3000.0,2455.8,544.2,99.94,0.51,0.51,2018-01-12,2456.48,2.15,2455.8,122.11,122.11,122.11,122.11,calc,merkel3,992
2018-04-24,2018-04-26,DE0001104719,Schatz,fixed,0.0,2020-03-13,Auk,False,4000.0,3198.0,802.0,101.056,-0.56,-0.56,2018-02-22,3231.77,0.0,3198.0,-33.77,-33.77,-33.77,-33.77,calc,merkel3,993
2018-05-02,2018-05-04,DE0001141778,Bobl,fixed,0.0,2023-04-14,Auk,False,3000.0,2476.0,524.0,100.22,-0.04,-0.04,2018-02-02,2481.45,0.0,2476.0,-5.45,-5.45,-5.45,-5.45,calc,merkel3,994
2018-05-08,2018-05-10,DE0001030559,ILB,inflation_linked,0.005,2030-04-15,M-A,False,500.0,407.0,93.0,115.92,-0.77,-0.77,2014-04-10,486.08,0.14,583.66,127.83,88.83,168.74,-47.97,proj,merkel3,995
2018-05-08,2018-05-10,DE0001030575,ILB,inflation_linked,0.001,2046-04-15,M-A,False,250.0,200.0,50.0,116.84,-0.46,-0.46,2015-06-09,241.86,0.01,395.64,162.24,34.54,345.38,-33.0,proj,merkel3,996
2018-05-09,2018-05-11,DE0001102432,Bund,fixed,0.0125,2048-08-15,Auk,False,1500.0,1008.0,492.0,99.69,1.26,1.26,2017-09-20,1012.92,8.04,1008.0,384.44,384.44,384.44,384.44,calc,merkel3,997
2018-05-14,2018-05-16,DE0001137735,Bubill,zero,0.0,2018-10-10,Auk,False,2000.0,1990.0,10.0,100.25209,-0.6158,-0.616,,1995.02,0.0,1990.0,-5.02,-5.02,-5.02,-5.02,calc,merkel3,998
2018-05-16,2018-05-18,DE0001102440,Bund,fixed,0.005,2028-02-15,Auk,False,2000.0,1589.6,410.4,98.88,0.62,0.62,2018-01-12,1573.8,2.0,1589.6,95.28,95.28,95.28,95.28,calc,merkel3,999
2018-05-23,2018-05-25,DE0001104727,Schatz,fixed,0.0,2020-06-12,Auk,True,5000.0,3856.0,1144.0,101.198,-0.58,-0.58,2018-05-25,3902.19,0.0,3856.0,-46.19,-46.19,-46.19,-46.19,calc,merkel3,1000
2018-05-28,2018-05-30,DE0001137727,Bubill,zero,0.0,2018-08-15,Auk,False,2000.0,950.0,1050.0,100.1295,-0.6047,-0.605,,951.23,0.0,950.0,-1.23,-1.23,-1.23,-1.23,calc,merkel3,1001
2018-06-05,2018-06-07,DE0001030559,ILB,inflation_linked,0.005,2030-04-15,M-A,False,500.0,409.2,90.8,117.68,-0.91,-0.91,2014-04-10,499.97,0.31,586.81,117.25,78.04,158.39,-56.36,proj,merkel3,1002
2018-06-05,2018-06-07,DE0001030575,ILB,inflation_linked,0.001,2046-04-15,M-A,False,250.0,194.0,56.0,121.6,-0.61,-0.61,2015-06-09,245.99,0.03,383.77,145.98,22.12,323.63,-41.91,proj,merkel3,1003
2018-06-06,2018-06-08,DE0001141778,Bobl,fixed,0.0,2023-04-14,Auk,False,2000.0,1601.5,398.5,100.92,-0.19,-0.19,2018-02-02,1616.23,0.0,1601.5,-14.73,-14.73,-14.73,-14.73,calc,merkel3,1004
2018-06-11,2018-06-13,DE0001137743,Bubill,zero,0.0,2018-12-05,Auk,True,3000.0,2875.0,125.0,100.30065,-0.6166,-0.617,,2883.64,0.0,2875.0,-8.64,-8.64,-8.64,-8.64,calc,merkel3,1005
2018-06-13,2018-06-15,DE0001102440,Bund,fixed,0.005,2028-02-15,Auk,False,2000.0,1535.0,465.0,100.17,0.48,0.48,2018-01-12,1540.13,2.52,1535.0,71.62,71.62,71.62,71.62,calc,merkel3,1006
2018-06-19,2018-06-21,DE0001104727,Schatz,fixed,0.0,2020-06-12,Auk,False,4000.0,3218.0,782.0,101.266,-0.63,-0.63,2018-05-25,3258.74,0.0,3218.0,-40.74,-40.74,-40.74,-40.74,calc,merkel3,1007
2018-06-20,2018-06-22,DE0001135481,Bund,fixed,0.025,2044-07-04,Auk,False,1500.0,1011.0,489.0,132.64,1.06,1.06,2012-04-27,1365.43,24.44,1011.0,327.99,327.99,327.99,327.99,calc,merkel3,1008
2018-07-09,2018-07-11,DE0001137743,Bubill,zero,0.0,2018-12-05,Auk,False,2000.0,1560.0,440.0,100.25375,-0.6199,-0.62,,1563.96,0.0,1560.0,-3.96,-3.96,-3.96,-3.96,calc,merkel3,1009
2018-07-10,2018-07-12,DE0001030559,ILB,inflation_linked,0.005,2030-04-15,M-A,False,500.0,399.5,100.5,118.76,-1.0,-1.0,2014-04-10,494.77,0.5,572.9,107.83,69.54,147.99,-60.01,proj,merkel3,1010
2018-07-10,2018-07-12,DE0001030575,ILB,inflation_linked,0.001,2046-04-15,M-A,False,250.0,190.0,60.0,124.04,-0.68,-0.68,2015-06-09,246.76,0.05,375.85,137.14,15.83,311.13,-46.09,proj,merkel3,1011
2018-07-11,2018-07-13,DE0001102457,Bund,fixed,0.0025,2028-08-15,Auk,True,4000.0,3188.25,811.75,98.9,0.36,0.36,2018-07-13,3153.18,0.0,3188.25,115.5,115.5,115.5,115.5,calc,merkel3,1012
2018-07-17,2018-07-19,DE0001104727,Schatz,fixed,0.0,2020-06-12,Auk,False,3000.0,2403.55,596.45,101.201,-0.63,-0.63,2018-05-25,2432.42,0.0,2403.55,-28.87,-28.87,-28.87,-28.87,calc,merkel3,1013
2018-07-18,2018-07-20,DE0001102432,Bund,fixed,0.0125,2048-08-15,Auk,False,1000.0,822.4,177.6,105.98,1.02,1.02,2017-09-20,880.11,8.53,822.4,259.95,259.95,259.95,259.95,calc,merkel3,1014
2018-07-23,2018-07-25,DE0001137735,Bubill,zero,0.0,2018-10-10,Auk,False,2000.0,1874.0,126.0,100.12902,-0.6024,-0.602,,1876.42,0.0,1874.0,-2.42,-2.42,-2.42,-2.42,calc,merkel3,1015
2018-07-25,2018-07-27,DE0001141786,Bobl,fixed,0.0,2023-10-13,Auk,True,4000.0,3201.0,799.0,100.97,-0.18,-0.19,2018-07-27,3232.05,0.0,3201.0,-31.05,-31.05,-31.05,-31.05,calc,merkel3,1016
2018-08-01,2018-08-03,DE0001102457,Bund,fixed,0.0025,2028-08-15,Auk,False,3000.0,2373.45,626.55,97.84,0.47,0.47,2018-07-13,2322.52,0.34,2373.45,110.8,110.8,110.8,110.8,calc,merkel3,1017
2018-08-13,2018-08-15,DE0001137750,Bubill,zero,0.0,2019-02-13,Auk,True,3000.0,2075.0,925.0,100.32036,-0.6317,-0.632,2018-08-15,2081.65,0.0,2075.0,-6.65,-6.65,-6.65,-6.65,calc,merkel3,1018
2018-08-15,2018-08-17,DE0001102341,Bund,fixed,0.025,2046-08-15,Auk,False,1000.0,839.25,160.75,138.12,0.94,0.94,2014-02-28,1159.29,0.11,839.25,267.44,267.44,267.44,267.44,calc,merkel3,1019
2018-08-21,2018-08-23,DE0001104735,Schatz,fixed,0.0,2020-09-11,Auk,True,4000.0,3185.75,814.25,101.265,-0.61,-0.61,2018-08-23,3226.05,0.0,3185.75,-40.3,-40.3,-40.3,-40.3,calc,merkel3,1020
2018-08-22,2018-08-24,DE0001102457,Bund,fixed,0.0025,2028-08-15,Auk,False,3000.0,2423.75,576.25,99.22,0.33,0.33,2018-07-13,2405.54,0.7,2423.75,79.35,79.35,79.35,79.35,calc,merkel3,1021
2018-08-29,2018-08-31,DE0001141786,Bobl,fixed,0.0,2023-10-13,Auk,False,3000.0,2504.6,495.4,100.95,-0.18,-0.18,2018-07-27,2528.39,0.0,2504.6,-23.79,-23.79,-23.79,-23.79,calc,merkel3,1022
2018-09-04,2018-09-06,DE0001030559,ILB,inflation_linked,0.005,2030-04-15,M-A,False,550.0,453.8,96.2,118.12,-0.97,-0.97,2014-04-10,561.54,0.94,650.77,122.96,79.47,168.58,-65.85,proj,merkel3,1023
2018-09-04,2018-09-06,DE0001030575,ILB,inflation_linked,0.001,2046-04-15,M-A,False,200.0,154.0,46.0,123.43,-0.67,-0.67,2015-06-09,199.82,0.06,304.64,111.34,13.01,252.36,-36.54,proj,merkel3,1024
2018-09-10,2018-09-12,DE0001137750,Bubill,zero,0.0,2019-02-13,Auk,False,2000.0,1572.0,428.0,100.26614,-0.6205,-0.62,2018-08-15,1576.18,0.0,1572.0,-4.18,-4.18,-4.18,-4.18,calc,merkel3,1025
2018-09-12,2018-09-14,DE0001102432,Bund,fixed,0.0125,2048-08-15,Auk,False,1000.0,768.0,232.0,103.77,1.1,1.1,2017-09-20,806.4,9.44,768.0,258.26,258.26,258.26,258.26,calc,merkel3,1026
2018-09-18,2018-09-20,DE0001104735,Schatz,fixed,0.0,2020-09-11,Auk,False,4000.0,3102.0,898.0,101.066,-0.54,-0.53,2018-08-23,3135.07,0.0,3102.0,-33.07,-33.07,-33.07,-33.07,calc,merkel3,1027
2018-09-19,2018-09-21,DE0001102457,Bund,fixed,0.0025,2028-08-15,Auk,False,3000.0,2426.4,573.6,97.71,0.49,0.49,2018-07-13,2372.0,1.16,2426.4,115.61,115.61,115.61,115.61,calc,merkel3,1028
2018-09-24,2018-09-26,DE0001137743,Bubill,zero,0.0,2018-12-05,Auk,False,2000.0,1390.0,610.0,100.11546,-0.5931,-0.593,,1391.6,0.0,1390.0,-1.6,-1.6,-1.6,-1.6,calc,merkel3,1029
2018-09-26,2018-09-28,DE0001141786,Bobl,fixed,0.0,2023-10-13,Auk,False,3000.0,2424.25,575.75,100.19,-0.04,-0.04,2018-07-27,2428.86,0.0,2424.25,-4.61,-4.61,-4.61,-4.61,calc,merkel3,1030
2018-10-08,2018-10-10,DE0001137768,Bubill,zero,0.0,2019-04-10,Auk,True,3000.0,2435.0,565.0,100.31811,-0.6272,-0.627,2018-10-10,2442.75,0.0,2435.0,-7.75,-7.75,-7.75,-7.75,calc,merkel3,1031
2018-10-09,2018-10-11,DE0001030567,ILB,inflation_linked,0.001,2026-04-15,Auk,False,500.0,399.0,101.0,109.64,-1.12,-1.12,2015-03-12,455.47,0.2,515.75,63.98,63.98,63.98,63.98,calc,merkel3,1032
2018-10-10,2018-10-12,DE0001102457,Bund,fixed,0.0025,2028-08-15,Auk,False,3000.0,2409.0,591.0,97.1,0.55,0.55,2018-07-13,2340.64,1.5,2409.0,129.13,129.13,129.13,129.13,calc,merkel3,1033
2018-10-16,2018-10-18,DE0001104735,Schatz,fixed,0.0,2020-09-11,Auk,False,4000.0,3028.8,971.2,101.077,-0.56,-0.56,2018-08-23,3061.42,0.0,3028.8,-32.62,-32.62,-32.62,-32.62,calc,merkel3,1034
2018-10-17,2018-10-19,DE0001135481,Bund,fixed,0.025,2044-07-04,Auk,False,1500.0,1154.8,345.2,132.86,1.04,1.04,2012-04-27,1542.73,8.46,1154.8,362.69,362.69,362.69,362.69,calc,merkel3,1035
2018-10-24,2018-10-26,DE0001141786,Bobl,fixed,0.0,2023-10-13,Auk,False,3000.0,2425.25,574.75,100.92,-0.18,-0.18,2018-07-27,2447.56,0.0,2425.25,-22.31,-22.31,-22.31,-22.31,calc,merkel3,1036
2018-11-07,2018-11-09,DE0001102457,Bund,fixed,0.0025,2028-08-15,Auk,False,3000.0,2396.8,603.2,98.33,0.42,0.42,2018-07-13,2358.73,1.95,2396.8,98.53,98.53,98.53,98.53,calc,merkel3,1037
2018-11-12,2018-11-14,DE0001137768,Bubill,zero,0.0,2019-04-10,Auk,False,2000.0,1830.0,170.0,100.27933,-0.6822,-0.682,2018-10-10,1835.11,0.0,1830.0,-5.11,-5.11,-5.11,-5.11,calc,merkel3,1038
2018-11-13,2018-11-15,DE0001104743,Schatz,fixed,0.0,2020-12-11,Auk,True,4000.0,3146.4,853.6,101.218,-0.58,-0.58,2018-11-15,3184.72,0.0,3146.4,-38.32,-38.32,-38.32,-38.32,calc,merkel3,1039
2018-11-14,2018-11-16,DE0001102432,Bund,fixed,0.0125,2048-08-15,Auk,False,1500.0,1185.0,315.0,105.26,1.04,1.04,2017-09-20,1264.46,17.13,1185.0,378.27,378.27,378.27,378.27,calc,merkel3,1040
2018-11-21,2018-11-23,DE0001141786,Bobl,fixed,0.0,2023-10-13,Auk,False,3000.0,2447.4,552.6,101.08,-0.22,-0.22,2018-07-27,2473.83,0.0,2447.4,-26.43,-26.43,-26.43,-26.43,calc,merkel3,1041
2018-11-26,2018-11-28,DE0001137750,Bubill,zero,0.0,2019-02-13,Auk,False,2000.0,1699.55,300.45,100.1683,-0.7855,-0.786,2018-08-15,1702.41,0.0,1699.55,-2.86,-2.86,-2.86,-2.86,calc,merkel3,1042
2018-11-28,2018-11-30,DE0001102457,Bund,fixed,0.0025,2028-08-15,Auk,False,2000.0,1683.0,317.0,99.18,0.34,0.34,2018-07-13,1670.81,1.61,1683.0,54.64,54.64,54.64,54.64,calc,merkel3,1043
2018-12-03,2018-12-05,DE0001137776,Bubill,zero,0.0,2019-06-19,Auk,True,2000.0,1932.0,68.0,100.35892,-0.6569,-0.657,2018-12-05,1938.93,0.0,1932.0,-6.93,-6.93,-6.93,-6.93,calc,merkel3,1044
2018-12-11,2018-12-13,DE0001104743,Schatz,fixed,0.0,2020-12-11,Auk,False,3000.0,2410.4,589.6,101.165,-0.58,-0.58,2018-11-15,2438.48,0.0,2410.4,-28.08,-28.08,-28.08,-28.08,calc,merkel3,1045
2019-01-08,2019-01-10,DE0001030559,ILB,inflation_linked,0.005,2030-04-15,Auk,False,500.0,398.0,102.0,115.74,-0.83,-0.83,2014-04-10,485.82,1.55,570.75,114.51,76.37,154.52,-48.91,proj,merkel3,1046
2019-01-09,2019-01-11,DE0001102465,Bund,fixed,0.0025,2029-02-15,Auk,True,4000.0,3178.75,821.25,99.57,0.29,0.29,2019-01-11,3165.08,0.0,3178.75,93.9,93.9,93.9,93.9,calc,merkel3,1047
2019-01-14,2019-01-16,DE0001137776,Bubill,zero,0.0,2019-06-19,Auk,False,3000.0,1801.0,1199.0,100.26267,-0.6124,-0.612,2018-12-05,1805.73,0.0,1801.0,-4.73,-4.73,-4.73,-4.73,calc,merkel3,1048
2019-01-16,2019-01-18,DE0001102432,Bund,fixed,0.0125,2048-08-15,Auk,False,1500.0,1211.0,289.0,110.53,0.85,0.85,2017-09-20,1358.63,20.11,1211.0,320.14,320.14,320.14,320.14,calc,merkel3,1049
2019-01-23,2019-01-25,DE0001141794,Bobl,fixed,0.0,2024-04-05,Auk,True,4000.0,3199.4,800.6,101.51,-0.29,-0.29,2019-01-25,3247.71,0.0,3199.4,-48.31,-48.31,-48.31,-48.31,calc,merkel3,1050
2019-01-28,2019-01-30,DE0001137768,Bubill,zero,0.0,2019-04-10,Auk,False,2000.0,1205.0,795.0,100.10918,-0.5609,-0.561,2018-10-10,1206.32,0.0,1205.0,-1.32,-1.32,-1.32,-1.32,calc,merkel3,1051
2019-01-29,2019-01-31,DE0001104743,Schatz,fixed,0.0,2020-12-11,Auk,False,5000.0,3976.0,1024.0,101.087,-0.58,-0.58,2018-11-15,4019.22,0.0,3976.0,-43.22,-43.22,-43.22,-43.22,calc,merkel3,1052
2019-01-30,2019-02-01,DE0001102465,Bund,fixed,0.0025,2029-02-15,Auk,False,3000.0,2334.3,665.7,100.49,0.2,0.2,2019-01-11,2346.07,0.34,2334.3,47.14,47.14,47.14,47.14,calc,merkel3,1053
2019-02-05,2019-02-07,DE0001030567,ILB,inflation_linked,0.001,2026-04-15,M-A,False,550.0,465.4,84.6,109.07,-1.11,-1.11,2015-03-12,531.91,0.4,601.58,73.99,73.99,73.99,73.99,calc,merkel3,1054
2019-02-05,2019-02-07,DE0001030575,ILB,inflation_linked,0.001,2046-04-15,M-A,False,200.0,126.0,74.0,123.67,-0.69,-0.69,2015-06-09,164.5,0.11,249.25,90.09,9.64,205.47,-30.39,proj,merkel3,1055
2019-02-11,2019-02-13,DE0001137784,Bubill,zero,0.0,2019-08-14,Auk,True,3000.0,2490.0,510.0,100.27202,-0.5366,-0.537,,2496.77,0.0,2490.0,-6.77,-6.77,-6.77,-6.77,calc,merkel3,1056
2019-02-13,2019-02-15,DE0001102341,Bund,fixed,0.025,2046-08-15,Auk,False,1500.0,1179.6,320.4,144.38,0.72,0.72,2014-02-28,1717.97,14.87,1179.6,287.35,287.35,287.35,287.35,calc,merkel3,1057
2019-02-20,2019-02-22,DE0001141794,Bobl,fixed,0.0,2024-04-05,Auk,False,4000.0,3161.6,838.4,101.84,-0.36,-0.36,2019-01-25,3219.77,0.0,3161.6,-58.17,-58.17,-58.17,-58.17,calc,merkel3,1058
2019-02-26,2019-02-28,DE0001104750,Schatz,fixed,0.0,2021-03-12,Auk,True,5000.0,4004.0,996.0,101.112,-0.54,-0.54,2019-02-28,4048.52,0.0,4004.0,-44.52,-44.52,-44.52,-44.52,calc,merkel3,1059
2019-02-27,2019-03-01,DE0001102465,Bund,fixed,0.0025,2029-02-15,Auk,False,3000.0,2425.0,575.0,101.33,0.12,0.12,2019-01-11,2458.07,0.81,2425.0,28.14,28.14,28.14,28.14,calc,merkel3,1060
2019-03-05,2019-03-07,DE0001030567,ILB,inflation_linked,0.001,2026-04-15,Auk,False,750.0,599.25,150.75,109.11,-1.12,-1.12,2015-03-12,683.44,0.56,774.6,96.71,96.71,96.71,96.71,calc,merkel3,1061
2019-03-11,2019-03-13,DE0001137784,Bubill,zero,0.0,2019-08-14,Auk,False,2000.0,1730.0,270.0,100.24311,-0.5669,-0.567,,1734.21,0.0,1730.0,-4.21,-4.21,-4.21,-4.21,calc,merkel3,1062
2019-03-13,2019-03-15,DE0001102432,Bund,fixed,0.0125,2048-08-15,Auk,False,1000.0,833.25,166.75,113.45,0.74,0.74,2017-09-20,960.76,15.44,833.25,194.35,194.35,194.35,194.35,calc,merkel3,1063
2019-03-20,2019-03-22,DE0001141794,Bobl,fixed,0.0,2024-04-05,Auk,False,4000.0,3208.6,791.4,101.61,-0.32,-0.32,2019-01-25,3260.26,0.0,3208.6,-51.66,-51.66,-51.66,-51.66,calc,merkel3,1064
2019-03-25,2019-03-27,DE0001137776,Bubill,zero,0.0,2019-06-19,Auk,False,2000.0,1400.0,600.0,100.12932,-0.5535,-0.554,2018-12-05,1401.81,0.0,1400.0,-1.81,-1.81,-1.81,-1.81,calc,merkel3,1065
2019-03-26,2019-03-28,DE0001104750,Schatz,fixed,0.0,2021-03-12,Auk,False,4000.0,3154.0,846.0,101.118,-0.57,-0.57,2019-02-28,3189.26,0.0,3154.0,-35.26,-35.26,-35.26,-35.26,calc,merkel3,1066
2019-03-27,2019-03-29,DE0001102465,Bund,fixed,0.0025,2029-02-15,Auk,False,3000.0,2433.2,566.8,103.0,-0.05,-0.05,2019-01-11,2507.48,1.28,2433.2,-12.87,-12.87,-12.87,-12.87,calc,merkel3,1067
2019-04-08,2019-04-10,DE0001137792,Bubill,zero,0.0,2019-10-16,Auk,True,3000.0,2986.0,14.0,100.28651,-0.5442,-0.544,,2994.56,0.0,2986.0,-8.56,-8.56,-8.56,-8.56,calc,merkel3,1068
2019-04-09,2019-04-11,DE0001030559,ILB,inflation_linked,0.005,2030-04-15,Auk,False,750.0,562.0,188.0,119.13,-1.12,-1.12,2014-04-10,697.27,2.88,805.94,150.44,96.58,206.93,-88.27,proj,merkel3,1069
2019-04-10,2019-04-12,DE0001141794,Bobl,fixed,0.0,2024-04-05,Auk,False,3000.0,2479.8,520.2,102.07,-0.41,-0.41,2019-01-25,2531.13,0.0,2479.8,-51.33,-51.33,-51.33,-51.33,calc,merkel3,1070
2019-04-17,2019-04-23,DE0001135481,Bund,fixed,0.025,2044-07-04,Auk,False,1000.0,776.45,223.55,142.03,0.68,0.68,2012-04-27,1118.37,15.58,776.45,162.77,162.77,162.77,162.77,calc,merkel3,1071
2019-04-24,2019-04-26,DE0001102465,Bund,fixed,0.0025,2029-02-15,Auk,False,3000.0,2449.8,550.2,102.26,0.02,0.02,2019-01-11,2506.93,1.76,2449.8,4.7,4.7,4.7,4.7,calc,merkel3,1072
2019-04-30,2019-05-03,DE0001104750,Schatz,fixed,0.0,2021-03-12,Auk,False,4000.0,3122.9,877.1,101.086,-0.58,-0.58,2019-02-28,3156.81,0.0,3122.9,-33.91,-33.91,-33.91,-33.91,calc,merkel3,1073
2019-05-07,2019-05-09,DE0001030567,ILB,inflation_linked,0.001,2026-04-15,M-A,False,500.0,397.1,102.9,110.36,-1.32,-1.32,2015-03-12,455.49,0.03,513.3,61.08,61.08,61.08,61.08,calc,merkel3,1074
2019-05-07,2019-05-09,DE0001030575,ILB,inflation_linked,0.001,2046-04-15,M-A,False,200.0,170.0,30.0,125.74,-0.76,-0.76,2015-06-09,223.84,0.01,336.29,119.47,10.93,275.14,-44.42,proj,merkel3,1075
2019-05-08,2019-05-10,DE0001141794,Bobl,fixed,0.0,2024-04-05,Auk,False,3000.0,2380.1,619.9,102.28,-0.46,-0.46,2019-01-25,2434.37,0.0,2380.1,-54.27,-54.27,-54.27,-54.27,calc,merkel3,1076
2019-05-13,2019-05-15,DE0001137792,Bubill,zero,0.0,2019-10-16,Auk,False,2000.0,1571.0,429.0,100.24237,-0.5652,-0.565,,1574.81,0.0,1571.0,-3.81,-3.81,-3.81,-3.81,calc,merkel3,1077
2019-05-15,2019-05-17,DE0001102432,Bund,fixed,0.0125,2048-08-15,Auk,False,1000.0,806.1,193.9,119.51,0.53,0.53,2017-09-20,980.04,16.67,806.1,137.43,137.43,137.43,137.43,calc,merkel3,1078
2019-05-22,2019-05-24,DE0001102465,Bund,fixed,0.0025,2029-02-15,Auk,False,3000.0,2436.7,563.3,103.11,-0.07,-0.07,2019-01-11,2514.7,2.22,2436.7,-16.5,-16.5,-16.5,-16.5,calc,merkel3,1079
2019-05-27,2019-05-29,DE0001137784,Bubill,zero,0.0,2019-08-14,Auk,False,2000.0,1705.0,295.0,100.12017,-0.5612,-0.561,,1707.05,0.0,1705.0,-2.05,-2.05,-2.05,-2.05,calc,merkel3,1080
2019-05-28,2019-05-30,DE0001104768,Schatz,fixed,0.0,2021-06-11,Auk,True,5000.0,3908.75,1091.25,101.331,-0.65,-0.65,2019-05-30,3960.78,0.0,3908.75,-52.03,-52.03,-52.03,-52.03,calc,merkel3,1081
2019-05-29,2019-05-31,DE0001141794,Bobl,fixed,0.0,2024-04-05,Auk,False,3000.0,2537.0,463.0,102.75,-0.56,-0.56,2019-01-25,2606.77,0.0,2537.0,-69.77,-69.77,-69.77,-69.77,calc,merkel3,1082
2019-06-04,2019-06-06,DE0001030559,ILB,inflation_linked,0.005,2030-04-15,Auk,False,500.0,367.6,132.4,119.21,-1.15,-1.15,2014-04-10,460.86,0.27,527.16,91.71,56.48,128.67,-59.32,proj,merkel3,1083
2019-06-12,2019-06-14,DE0001102465,Bund,fixed,0.0025,2029-02-15,Auk,False,3000.0,2550.1,449.9,104.76,-0.24,-0.24,2019-01-11,2674.17,2.69,2550.1,-59.71,-59.71,-59.71,-59.71,calc,merkel3,1084
2019-06-17,2019-06-19,DE0001137800,Bubill,zero,0.0,2019-12-11,Auk,True,3000.0,2626.0,374.0,100.27303,-0.5601,-0.56,,2633.17,0.0,2626.0,-7.17,-7.17,-7.17,-7.17,calc,merkel3,1085
2019-06-19,2019-06-21,DE0001102341,Bund,fixed,0.025,2046-08-15,Auk,False,1000.0,833.6,166.4,158.8,0.26,0.26,2014-02-28,1341.46,17.7,833.6,75.66,75.66,75.66,75.66,calc,merkel3,1086
2019-06-25,2019-06-27,DE0001104768,Schatz,fixed,0.0,2021-06-11,Auk,False,5000.0,3985.5,1014.5,101.466,-0.74,-0.74,2019-05-30,4043.93,0.0,3985.5,-58.43,-58.43,-58.43,-58.43,calc,merkel3,1087
2019-07-03,2019-07-05,DE0001141802,Bobl,fixed,0.0,2024-10-18,Auk,True,4000.0,3166.5,833.5,103.59,-0.66,-0.66,2019-07-05,3280.18,0.0,3166.5,-113.68,-113.68,-113.68,-113.68,calc,merkel3,1088
2019-07-08,2019-07-10,DE0001137800,Bubill,zero,0.0,2019-12-11,Auk,False,2000.0,1310.0,690.0,100.26218,-0.6113,-0.611,,1313.43,0.0,1310.0,-3.43,-3.43,-3.43,-3.43,calc,merkel3,1089
2019-07-09,2019-07-11,DE0001030542,ILB,inflation_linked,0.001,2023-04-15,M-A,False,500.0,384.7,115.3,105.38,-1.29,-1.29,2012-03-23,439.55,0.1,478.74,40.94,40.94,40.94,40.94,calc,merkel3,1090
2019-07-09,2019-07-11,DE0001030559,ILB,inflation_linked,0.005,2030-04-15,M-A,False,250.0,184.0,66.0,119.95,-1.22,-1.22,2014-04-10,233.71,0.23,263.87,42.88,25.24,61.38,-31.47,proj,merkel3,1091
2019-07-10,2019-07-12,DE0001102473,Bund,fixed,0.0,2029-08-15,Auk,True,4000.0,3154.6,845.4,102.64,-0.26,-0.26,2019-07-12,3237.88,0.0,3154.6,-83.28,-83.28,-83.28,-83.28,calc,merkel3,1092
2019-07-17,2019-07-19,DE0001102432,Bund,fixed,0.0125,2048-08-15,Auk,False,1000.0,807.0,193.0,126.57,0.3,0.3,2017-09-20,1039.85,18.43,807.0,78.86,78.86,78.86,78.86,calc,merkel3,1093
2019-07-22,2019-07-24,DE0001137792,Bubill,zero,0.0,2019-10-16,Auk,False,2000.0,1713.0,287.0,100.14051,-0.6013,-0.601,,1715.41,0.0,1713.0,-2.41,-2.41,-2.41,-2.41,calc,merkel3,1094
2019-07-30,2019-08-01,DE0001104768,Schatz,fixed,0.0,2021-06-11,Auk,False,4000.0,3274.0,726.0,101.434,-0.76,-0.76,2019-05-30,3320.95,0.0,3274.0,-46.95,-46.95,-46.95,-46.95,calc,merkel3,1095
2019-07-31,2019-08-02,DE0001102473,Bund,fixed,0.0,2029-08-15,Auk,False,3000.0,2344.6,655.4,104.18,-0.41,-0.41,2019-07-12,2442.6,0.0,2344.6,-98.0,-98.0,-98.0,-98.0,calc,merkel3,1096
2019-08-07,2019-08-09,DE0001141802,Bobl,fixed,0.0,2024-10-18,Auk,False,4000.0,2646.0,1354.0,104.21,-0.79,-0.79,2019-07-05,2757.4,0.0,2646.0,-111.4,-111.4,-111.4,-111.4,calc,merkel3,1097
2019-08-12,2019-08-14,DE0001137818,Bubill,zero,0.0,2020-02-12,Auk,True,3000.0,2160.0,840.0,100.3697,-0.7286,-0.729,2019-08-14,2167.99,0.0,2160.0,-7.99,-7.99,-7.99,-7.99,calc,merkel3,1098
2019-08-21,2019-08-23,DE0001102481,Bund,fixed,0.0,2050-08-15,Auk,True,2000.0,824.0,1176.0,103.61,-0.11,-0.11,2019-08-21,853.75,0.0,824.0,-29.75,-29.75,-29.75,-29.75,calc,merkel3,1099
2019-08-27,2019-08-29,DE0001104776,Schatz,fixed,0.0,2021-09-10,Auk,True,5000.0,3952.0,1048.0,101.825,-0.89,-0.89,2019-08-29,4024.12,0.0,3952.0,-72.12,-72.12,-72.12,-72.12,calc,merkel3,1100
2019-08-28,2019-08-30,DE0001102473,Bund,fixed,0.0,2029-08-15,Auk,False,3000.0,2335.6,664.4,107.28,-0.7,-0.7,2019-07-12,2505.63,0.0,2335.6,-170.03,-170.03,-170.03,-170.03,calc,merkel3,1101
2019-09-04,2019-09-06,DE0001141802,Bobl,fixed,0.0,2024-10-18,Auk,False,3000.0,2353.25,646.75,104.64,-0.88,-0.88,2019-07-05,2462.44,0.0,2353.25,-109.19,-109.19,-109.19,-109.19,calc,merkel3,1102
2019-09-09,2019-09-11,DE0001137818,Bubill,zero,0.0,2020-02-12,Auk,False,2000.0,1440.0,560.0,100.32252,-0.7515,-0.752,2019-08-14,1444.64,0.0,1440.0,-4.64,-4.64,-4.64,-4.64,calc,merkel3,1103
2019-09-10,2019-09-12,DE0001030575,ILB,inflation_linked,0.001,2046-04-15,Auk,False,500.0,207.0,293.0,143.63,-1.27,-1.27,2015-06-09,316.34,0.09,409.48,101.69,-30.48,291.24,-94.44,proj,merkel3,1104
2019-09-18,2019-09-20,DE0001102481,Bund,fixed,0.0,2050-08-15,Auk,False,1500.0,948.0,552.0,98.47,0.05,0.05,2019-08-21,933.5,0.0,948.0,14.5,14.5,14.5,14.5,calc,merkel3,1105
2019-09-23,2019-09-25,DE0001137800,Bubill,zero,0.0,2019-12-11,Auk,False,2000.0,1165.0,835.0,100.12723,-0.5941,-0.594,,1166.48,0.0,1165.0,-1.48,-1.48,-1.48,-1.48,calc,merkel3,1106
2019-09-24,2019-09-26,DE0001104776,Schatz,fixed,0.0,2021-09-10,Auk,False,4000.0,3200.5,799.5,101.438,-0.73,-0.73,2019-08-29,3246.52,0.0,3200.5,-46.02,-46.02,-46.02,-46.02,calc,merkel3,1107
2019-09-25,2019-09-27,DE0001102473,Bund,fixed,0.0,2029-08-15,Auk,False,3000.0,2381.6,618.4,106.22,-0.61,-0.61,2019-07-12,2529.74,0.0,2381.6,-148.14,-148.14,-148.14,-148.14,calc,merkel3,1108
2019-10-02,2019-10-04,DE0001141802,Bobl,fixed,0.0,2024-10-18,Auk,False,3000.0,2322.9,677.1,103.97,-0.77,-0.77,2019-07-05,2415.12,0.0,2322.9,-92.22,-92.22,-92.22,-92.22,calc,merkel3,1109
2019-10-08,2019-10-10,DE0001030559,ILB,inflation_linked,0.005,2030-04-15,Auk,False,500.0,385.0,115.0,121.71,-1.4,-1.4,2014-04-10,495.7,0.99,552.11,83.03,46.13,121.73,-73.34,proj,merkel3,1110
2019-10-14,2019-10-16,DE0001137826,Bubill,zero,0.0,2020-04-08,Auk,True,3000.0,2600.0,400.0,100.29411,-0.6033,-0.603,2019-10-16,2607.65,0.0,2600.0,-7.65,-7.65,-7.65,-7.65,calc,merkel3,1111
2019-10-15,2019-10-17,DE0001104776,Schatz,fixed,0.0,2021-09-10,Auk,False,4000.0,3165.5,834.5,101.35,-0.7,-0.7,2019-08-29,3208.23,0.0,3165.5,-42.73,-42.73,-42.73,-42.73,calc,merkel3,1112
2019-10-16,2019-10-18,DE0001102432,Bund,fixed,0.0125,2048-08-15,Auk,False,1000.0,785.4,214.6,133.68,0.07,0.07,2017-09-20,1051.64,1.72,785.4,18.47,18.47,18.47,18.47,calc,merkel3,1113
2019-10-23,2019-10-25,DE0001102473,Bund,fixed,0.0,2029-08-15,Auk,False,3000.0,2503.95,496.05,104.1,-0.41,-0.41,2019-07-12,2606.61,0.0,2503.95,-102.66,-102.66,-102.66,-102.66,calc,merkel3,1114
2019-10-30,2019-11-01,DE0001141802,Bobl,fixed,0.0,2024-10-18,Auk,False,3000.0,2464.0,536.0,102.95,-0.58,-0.58,2019-07-05,2536.69,0.0,2464.0,-72.69,-72.69,-72.69,-72.69,calc,merkel3,1115
2019-11-05,2019-11-07,DE0001030559,ILB,inflation_linked,0.005,2030-04-15,Auk,False,500.0,381.0,119.0,119.96,-1.28,-1.28,2014-04-10,484.36,1.13,546.37,88.35,51.84,126.65,-65.81,proj,merkel3,1116
2019-11-11,2019-11-13,DE0001137826,Bubill,zero,0.0,2020-04-08,Auk,False,2000.0,1660.0,340.0,100.242,-0.5912,-0.591,2019-10-16,1664.02,0.0,1660.0,-4.02,-4.02,-4.02,-4.02,calc,merkel3,1117
2019-11-12,2019-11-14,DE0001104784,Schatz,fixed,0.0,2021-12-10,Auk,True,5000.0,4007.7,992.3,101.293,-0.62,-0.62,2019-11-14,4059.52,0.0,4007.7,-51.82,-51.82,-51.82,-51.82,calc,merkel3,1118
2019-11-13,2019-11-15,DE0001102473,Bund,fixed,0.0,2029-08-15,Auk,False,3000.0,2434.2,565.8,102.85,-0.29,-0.29,2019-07-12,2503.57,0.0,2434.2,-69.37,-69.37,-69.37,-69.37,calc,merkel3,1119
2019-11-20,2019-11-22,DE0001102481,Bund,fixed,0.0,2050-08-15,Auk,False,1500.0,1170.0,330.0,95.79,0.14,0.14,2019-08-21,1120.74,0.0,1170.0,49.26,49.26,49.26,49.26,calc,merkel3,1120
2019-11-25,2019-11-27,DE0001137818,Bubill,zero,0.0,2020-02-12,Auk,False,2000.0,935.8,1064.2,100.13066,-0.6101,-0.61,2019-08-14,937.02,0.0,935.8,-1.22,-1.22,-1.22,-1.22,calc,merkel3,1121
2019-11-27,2019-11-29,DE0001141802,Bobl,fixed,0.0,2024-10-18,Auk,False,3000.0,2425.2,574.8,102.98,-0.6,-0.6,2019-07-05,2497.47,0.0,2425.2,-72.27,-72.27,-72.27,-72.27,calc,merkel3,1122
2019-12-04,2019-12-06,DE0001102473,Bund,fixed,0.0,2029-08-15,Auk,False,3000.0,2474.35,525.65,103.29,-0.33,-0.33,2019-07-12,2555.76,0.0,2474.35,-81.41,-81.41,-81.41,-81.41,calc,merkel3,1123
2019-12-09,2019-12-11,DE0001137834,Bubill,zero,0.0,2020-06-10,Auk,True,3000.0,1509.0,1491.0,100.32207,-0.635,-0.635,2019-12-11,1513.86,0.0,1509.0,-4.86,-4.86,-4.86,-4.86,calc,merkel3,1124
2019-12-10,2019-12-12,DE0001104784,Schatz,fixed,0.0,2021-12-10,Auk,False,4000.0,3193.8,806.2,101.293,-0.64,-0.64,2019-11-14,3235.1,0.0,3193.8,-41.3,-41.3,-41.3,-41.3,calc,merkel3,1125
2020-01-06,2020-01-08,DE0001137842,Bubill,zero,0.0,2020-07-08,Auk,True,3000.0,2051.0,949.0,100.31218,-0.6156,-0.616,,2057.4,0.0,2051.0,-6.4,-6.4,-6.4,-6.4,calc,merkel3,1126
2020-01-07,2020-01-09,DE0001030559,ILB,inflation_linked,0.005,2030-04-15,Auk,False,500.0,418.0,82.0,119.81,-1.29,-1.29,2014-04-10,532.28,1.63,599.43,96.05,56.0,138.07,-72.11,proj,merkel3,1127
2020-01-08,2020-01-10,DE0001102499,Bund,fixed,0.0,2030-02-15,Auk,True,5000.0,3534.0,1466.0,102.57,-0.25,-0.25,2020-01-10,3624.82,0.0,3534.0,-90.82,-90.82,-90.82,-90.82,calc,merkel3,1128
2020-01-13,2020-01-15,DE0001137826,Bubill,zero,0.0,2020-04-08,Auk,False,2000.0,1885.0,115.0,100.13714,-0.5869,-0.587,2019-10-16,1887.59,0.0,1885.0,-2.59,-2.59,-2.59,-2.59,calc,merkel3,1129
2020-01-15,2020-01-17,DE0001102481,Bund,fixed,0.0,2050-08-15,Auk,False,1500.0,1114.0,386.0,90.94,0.31,0.31,2019-08-21,1013.07,0.0,1114.0,100.93,100.93,100.93,100.93,calc,merkel3,1130
2020-01-20,2020-01-22,DE0001137834,Bubill,zero,0.0,2020-06-10,Auk,False,1500.0,1235.0,265.0,100.2231,-0.5724,-0.572,2019-12-11,1237.76,0.0,1235.0,-2.76,-2.76,-2.76,-2.76,calc,merkel3,1131
2020-01-21,2020-01-23,DE0001104784,Schatz,fixed,0.0,2021-12-10,Auk,False,4000.0,3224.5,775.5,101.108,-0.58,-0.58,2019-11-14,3260.23,0.0,3224.5,-35.73,-35.73,-35.73,-35.73,calc,merkel3,1132
2020-01-29,2020-01-31,DE0001141810,Bobl,fixed,0.0,2025-04-11,Auk,True,4000.0,3215.3,784.7,103.14,-0.59,-0.59,2020-01-31,3316.26,0.0,3215.3,-100.96,-100.96,-100.96,-100.96,calc,merkel3,1133
2020-02-04,2020-02-06,DE0001030559,ILB,inflation_linked,0.005,2030-04-15,M-A,False,250.0,186.9,63.1,121.04,-1.41,-1.41,2014-04-10,240.01,0.8,268.02,40.93,23.02,59.72,-34.67,proj,merkel3,1134
2020-02-04,2020-02-06,DE0001030575,ILB,inflation_linked,0.001,2046-04-15,M-A,False,250.0,179.0,71.0,141.87,-1.24,-1.24,2015-06-09,269.98,0.15,354.09,91.5,-22.79,255.42,-78.3,proj,merkel3,1135
2020-02-10,2020-02-12,DE0001137859,Bubill,zero,0.0,2020-08-05,Auk,True,3000.0,2700.0,300.0,100.28503,-0.5847,-0.585,2020-02-12,2707.7,0.0,2700.0,-7.7,-7.7,-7.7,-7.7,calc,merkel3,1136
2020-02-12,2020-02-14,DE0001102499,Bund,fixed,0.0,2030-02-15,Auk,False,4000.0,3181.0,819.0,103.84,-0.38,-0.38,2020-01-10,3303.15,0.0,3181.0,-122.15,-122.15,-122.15,-122.15,calc,merkel3,1137
2020-02-17,2020-02-19,DE0001137842,Bubill,zero,0.0,2020-07-08,Auk,False,1500.0,1391.0,109.0,100.22603,-0.5799,-0.58,,1394.14,0.0,1391.0,-3.14,-3.14,-3.14,-3.14,calc,merkel3,1138
2020-02-18,2020-02-20,DE0001104792,Schatz,fixed,0.0,2022-03-11,Auk,True,5000.0,4064.0,936.0,101.362,-0.66,-0.66,2020-02-20,4119.35,0.0,4064.0,-55.35,-55.35,-55.35,-55.35,calc,merkel3,1139
2020-02-19,2020-02-21,DE0001102432,Bund,fixed,0.0125,2048-08-15,Auk,False,1500.0,975.0,525.0,133.2,0.07,0.07,2017-09-20,1305.03,6.33,975.0,23.41,23.41,23.41,23.41,calc,merkel3,1140
2020-02-26,2020-02-28,DE0001141810,Bobl,fixed,0.0,2025-04-11,Auk,False,4000.0,3223.0,777.0,103.62,-0.69,-0.69,2020-01-31,3339.67,0.0,3223.0,-116.67,-116.67,-116.67,-116.67,calc,merkel3,1141
2020-03-02,2020-03-04,DE0001137867,Bubill,zero,0.0,2020-09-09,Auk,True,3000.0,1910.0,1090.0,100.3297,-0.6259,-0.626,,1916.3,0.0,1910.0,-6.3,-6.3,-6.3,-6.3,calc,merkel3,1142
2020-03-03,2020-03-05,DE0001030559,ILB,inflation_linked,0.005,2030-04-15,M-A,False,250.0,181.5,68.5,120.9,-1.41,-1.41,2014-04-10,233.2,0.85,260.28,39.63,22.24,57.87,-33.53,proj,merkel3,1144
2020-03-03,2020-03-05,DE0001030567,ILB,inflation_linked,0.001,2026-04-15,M-A,False,250.0,184.1,65.9,109.64,-1.4,-1.4,2015-03-12,213.33,0.17,237.97,26.15,26.15,26.15,26.15,calc,merkel3,1143
2020-03-11,2020-03-13,DE0001102499,Bund,fixed,0.0,2030-02-15,Auk,False,4000.0,2802.0,1198.0,107.93,-0.77,-0.77,2020-01-10,3024.2,0.0,2802.0,-222.2,-222.2,-222.2,-222.2,calc,merkel3,1145
2020-03-18,2020-03-20,DE0001102481,Bund,fixed,0.0,2050-08-15,Auk,False,1500.0,1176.0,324.0,99.81,0.01,0.01,2019-08-21,1173.77,0.0,1176.0,2.23,2.23,2.23,2.23,calc,merkel3,1146
2020-03-23,2020-03-25,DE0001137859,Bubill,zero,0.0,2020-08-05,Auk,False,1500.0,1430.0,70.0,100.23567,-0.6364,-0.636,2020-02-12,1433.37,0.0,1430.0,-3.37,-3.37,-3.37,-3.37,calc,merkel3,1147
2020-03-24,2020-03-26,DE0001104792,Schatz,fixed,0.0,2022-03-11,Auk,False,4000.0,2893.0,1107.0,101.294,-0.65,-0.65,2020-02-20,2930.44,0.0,2893.0,-37.44,-37.44,-37.44,-37.44,calc,merkel3,1148
2020-04-01,2020-04-03,DE0001102317,Bund,fixed,0.015,2023-05-15,EB,False,2000.0,0.0,2000.0,,,,2013-05-22,,,,,,,,none,merkel3,1150
2020-04-01,2020-04-03,DE0001102325,Bund,fixed,0.02,2023-08-15,EB,False,2000.0,0.0,2000.0,,,,2013-09-11,,,,,,,,none,merkel3,1151
2020-04-01,2020-04-03,DE0001102333,Bund,fixed,0.0175,2024-02-15,EB,False,2000.0,0.0,2000.0,,,,2014-01-31,,,,,,,,none,merkel3,1152
2020-04-01,2020-04-03,DE0001102358,Bund,fixed,0.015,2024-05-15,EB,False,2000.0,0.0,2000.0,,,,2014-05-21,,,,,,,,none,merkel3,1153
2020-04-01,2020-04-03,DE0001102366,Bund,fixed,0.01,2024-08-15,EB,False,2000.0,0.0,2000.0,,,,2014-09-10,,,,,,,,none,merkel3,1154
2020-04-01,2020-04-03,DE0001102374,Bund,fixed,0.005,2025-02-15,EB,False,2000.0,0.0,2000.0,,,,2015-01-16,,,,,,,,none,merkel3,1155
2020-04-01,2020-04-03,DE0001102382,Bund,fixed,0.01,2025-08-15,EB,False,2000.0,0.0,2000.0,,,,2015-07-17,,,,,,,,none,merkel3,1156
2020-04-01,2020-04-03,DE0001102390,Bund,fixed,0.005,2026-02-15,EB,False,2000.0,0.0,2000.0,,,,2016-01-15,,,,,,,,none,merkel3,1157
2020-04-01,2020-04-03,DE0001102408,Bund,fixed,0.0,2026-08-15,EB,False,2000.0,0.0,2000.0,,,,2016-07-15,,,,,,,,none,merkel3,1158
2020-04-01,2020-04-03,DE0001102416,Bund,fixed,0.0025,2027-02-15,EB,False,2000.0,0.0,2000.0,,,,2017-01-13,,,,,,,,none,merkel3,1159
2020-04-01,2020-04-03,DE0001102424,Bund,fixed,0.005,2027-08-15,EB,False,2000.0,0.0,2000.0,,,,2017-07-14,,,,,,,,none,merkel3,1160
2020-04-01,2020-04-03,DE0001102440,Bund,fixed,0.005,2028-02-15,EB,False,2000.0,0.0,2000.0,,,,2018-01-12,,,,,,,,none,merkel3,1161
2020-04-01,2020-04-03,DE0001102457,Bund,fixed,0.0025,2028-08-15,EB,False,2000.0,0.0,2000.0,,,,2018-07-13,,,,,,,,none,merkel3,1162
2020-04-01,2020-04-03,DE0001102465,Bund,fixed,0.0025,2029-02-15,EB,False,2000.0,0.0,2000.0,,,,2019-01-11,,,,,,,,none,merkel3,1163
2020-04-01,2020-04-03,DE0001102473,Bund,fixed,0.0,2029-08-15,EB,False,2000.0,0.0,2000.0,,,,2019-07-12,,,,,,,,none,merkel3,1164
2020-04-01,2020-04-03,DE0001135176,Bund,fixed,0.055,2031-01-04,EB,False,2000.0,0.0,2000.0,,,,2000-10-27,,,,,,,,none,merkel3,1165
2020-04-01,2020-04-03,DE0001135226,Bund,fixed,0.0475,2034-07-04,EB,False,2000.0,0.0,2000.0,,,,2003-01-31,,,,,,,,none,merkel3,1166
2020-04-01,2020-04-03,DE0001135275,Bund,fixed,0.04,2037-01-04,EB,False,2000.0,0.0,2000.0,,,,2005-01-26,,,,,,,,none,merkel3,1167
2020-04-01,2020-04-03,DE0001135325,Bund,fixed,0.0425,2039-07-04,EB,False,2000.0,0.0,2000.0,,,,2007-01-26,,,,,,,,none,merkel3,1168
2020-04-01,2020-04-03,DE0001135366,Bund,fixed,0.0475,2040-07-04,EB,False,2000.0,0.0,2000.0,,,,2008-07-23,,,,,,,,none,merkel3,1169
2020-04-01,2020-04-03,DE0001135432,Bund,fixed,0.0325,2042-07-04,EB,False,2000.0,0.0,2000.0,,,,2010-07-21,,,,,,,,none,merkel3,1170
2020-04-01,2020-04-03,DE0001141810,Bobl,fixed,0.0,2025-04-11,Auk,False,4000.0,2719.0,1281.0,103.37,-0.66,-0.66,2020-01-31,2810.63,0.0,2719.0,-91.63,-91.63,-91.63,-91.63,calc,merkel3,1149
2020-04-06,2020-04-08,DE0001137875,Bubill,zero,0.0,2020-10-07,Auk,True,4000.0,2600.0,1400.0,100.28783,-0.5677,-0.568,,2607.48,0.0,2600.0,-7.48,-7.48,-7.48,-7.48,calc,merkel3,1171
2020-04-07,2020-04-09,DE0001030559,ILB,inflation_linked,0.005,2030-04-15,M-A,False,400.0,323.0,77.0,114.82,-0.91,-0.91,2014-04-10,391.02,1.67,463.2,94.51,63.55,126.98,-38.59,proj,merkel3,1172
2020-04-07,2020-04-09,DE0001030575,ILB,inflation_linked,0.001,2046-04-15,M-A,False,100.0,77.0,23.0,130.29,-0.92,-0.92,2015-06-09,105.91,0.08,152.32,49.59,0.42,120.1,-24.05,proj,merkel3,1173
2020-04-08,2020-04-14,DE0001102499,Bund,fixed,0.0,2030-02-15,Auk,False,4000.0,3255.8,744.2,103.36,-0.34,-0.34,2020-01-10,3365.19,0.0,3255.8,-109.39,-109.39,-109.39,-109.39,calc,merkel3,1174
2020-04-14,2020-04-16,DE0001030203,Bubill,zero,0.0,2021-04-14,Auk,True,4000.0,1790.0,2210.0,100.54923,-0.5417,-0.542,2020-04-16,1799.83,0.0,1790.0,-9.83,-9.83,-9.83,-9.83,calc,merkel3,1175
2020-04-15,2020-04-17,DE0001135481,Bund,fixed,0.025,2044-07-04,Auk,False,1000.0,820.5,179.5,163.27,-0.09,-0.09,2012-04-27,1355.77,16.14,820.5,-22.46,-22.46,-22.46,-22.46,calc,merkel3,1176
2020-04-16,2020-04-20,DE0001102309,Bund,fixed,0.015,2023-02-15,EB,False,2500.0,0.0,2500.0,,,,2013-01-18,,,,,,,,none,merkel3,1180
2020-04-16,2020-04-20,DE0001102317,Bund,fixed,0.015,2023-05-15,EB,False,2500.0,0.0,2500.0,,,,2013-05-22,,,,,,,,none,merkel3,1181
2020-04-16,2020-04-20,DE0001102325,Bund,fixed,0.02,2023-08-15,EB,False,2500.0,0.0,2500.0,,,,2013-09-11,,,,,,,,none,merkel3,1182
2020-04-16,2020-04-20,DE0001102333,Bund,fixed,0.0175,2024-02-15,EB,False,2500.0,0.0,2500.0,,,,2014-01-31,,,,,,,,none,merkel3,1183
2020-04-16,2020-04-20,DE0001102341,Bund,fixed,0.025,2046-08-15,EB,False,2500.0,0.0,2500.0,,,,2014-02-28,,,,,,,,none,merkel3,1208
2020-04-16,2020-04-20,DE0001102358,Bund,fixed,0.015,2024-05-15,EB,False,2500.0,0.0,2500.0,,,,2014-05-21,,,,,,,,none,merkel3,1184
2020-04-16,2020-04-20,DE0001102366,Bund,fixed,0.01,2024-08-15,EB,False,2500.0,0.0,2500.0,,,,2014-09-10,,,,,,,,none,merkel3,1185
2020-04-16,2020-04-20,DE0001102374,Bund,fixed,0.005,2025-02-15,EB,False,2500.0,0.0,2500.0,,,,2015-01-16,,,,,,,,none,merkel3,1186
2020-04-16,2020-04-20,DE0001102382,Bund,fixed,0.01,2025-08-15,EB,False,2500.0,0.0,2500.0,,,,2015-07-17,,,,,,,,none,merkel3,1187
2020-04-16,2020-04-20,DE0001102390,Bund,fixed,0.005,2026-02-15,EB,False,2500.0,0.0,2500.0,,,,2016-01-15,,,,,,,,none,merkel3,1188
2020-04-16,2020-04-20,DE0001102408,Bund,fixed,0.0,2026-08-15,EB,False,2500.0,0.0,2500.0,,,,2016-07-15,,,,,,,,none,merkel3,1189
2020-04-16,2020-04-20,DE0001102416,Bund,fixed,0.0025,2027-02-15,EB,False,2500.0,0.0,2500.0,,,,2017-01-13,,,,,,,,none,merkel3,1190
2020-04-16,2020-04-20,DE0001102424,Bund,fixed,0.005,2027-08-15,EB,False,2500.0,0.0,2500.0,,,,2017-07-14,,,,,,,,none,merkel3,1191
2020-04-16,2020-04-20,DE0001102432,Bund,fixed,0.0125,2048-08-15,EB,False,2500.0,0.0,2500.0,,,,2017-09-20,,,,,,,,none,merkel3,1209
2020-04-16,2020-04-20,DE0001102440,Bund,fixed,0.005,2028-02-15,EB,False,2500.0,0.0,2500.0,,,,2018-01-12,,,,,,,,none,merkel3,1192
2020-04-16,2020-04-20,DE0001102457,Bund,fixed,0.0025,2028-08-15,EB,False,2500.0,0.0,2500.0,,,,2018-07-13,,,,,,,,none,merkel3,1193
2020-04-16,2020-04-20,DE0001102465,Bund,fixed,0.0025,2029-02-15,EB,False,2500.0,0.0,2500.0,,,,2019-01-11,,,,,,,,none,merkel3,1194
2020-04-16,2020-04-20,DE0001102473,Bund,fixed,0.0,2029-08-15,EB,False,2500.0,0.0,2500.0,,,,2019-07-12,,,,,,,,none,merkel3,1195
2020-04-16,2020-04-20,DE0001104784,Schatz,fixed,0.0,2021-12-10,EB,False,2500.0,0.0,2500.0,,,,2019-11-14,,,,,,,,none,merkel3,1196
2020-04-16,2020-04-20,DE0001134922,Bund,fixed,0.0625,2024-01-04,EB,False,2500.0,0.0,2500.0,,,,1994-01-04,,,,,,,,none,merkel3,1197
2020-04-16,2020-04-20,DE0001135044,Bund,fixed,0.065,2027-07-04,EB,False,2500.0,0.0,2500.0,,,,1997-07-04,,,,,,,,none,merkel3,1198
2020-04-16,2020-04-20,DE0001135069,Bund,fixed,0.05625,2028-01-04,EB,False,2500.0,0.0,2500.0,,,,1998-01-04,,,,,,,,none,merkel3,1199
2020-04-16,2020-04-20,DE0001135085,Bund,fixed,0.0475,2028-07-04,EB,False,2500.0,0.0,2500.0,,,,1998-07-04,,,,,,,,none,merkel3,1200
2020-04-16,2020-04-20,DE0001135143,Bund,fixed,0.0625,2030-01-04,EB,False,2500.0,0.0,2500.0,,,,2000-01-04,,,,,,,,none,merkel3,1201
2020-04-16,2020-04-20,DE0001135176,Bund,fixed,0.055,2031-01-04,EB,False,2500.0,0.0,2500.0,,,,2000-10-27,,,,,,,,none,merkel3,1202
2020-04-16,2020-04-20,DE0001135226,Bund,fixed,0.0475,2034-07-04,EB,False,2500.0,0.0,2500.0,,,,2003-01-31,,,,,,,,none,merkel3,1203
2020-04-16,2020-04-20,DE0001135275,Bund,fixed,0.04,2037-01-04,EB,False,2500.0,0.0,2500.0,,,,2005-01-26,,,,,,,,none,merkel3,1204
2020-04-16,2020-04-20,DE0001135325,Bund,fixed,0.0425,2039-07-04,EB,False,2500.0,0.0,2500.0,,,,2007-01-26,,,,,,,,none,merkel3,1205
2020-04-16,2020-04-20,DE0001135366,Bund,fixed,0.0475,2040-07-04,EB,False,2500.0,0.0,2500.0,,,,2008-07-23,,,,,,,,none,merkel3,1206
2020-04-16,2020-04-20,DE0001135432,Bund,fixed,0.0325,2042-07-04,EB,False,2500.0,0.0,2500.0,,,,2010-07-21,,,,,,,,none,merkel3,1207
2020-04-16,2020-04-20,DE0001135465,Bund,fixed,0.02,2022-01-04,EB,False,2500.0,0.0,2500.0,,,,2011-11-25,,,,,,,,none,merkel3,1177
2020-04-16,2020-04-20,DE0001135473,Bund,fixed,0.0175,2022-07-04,EB,False,2500.0,0.0,2500.0,,,,2012-04-13,,,,,,,,none,merkel3,1178
2020-04-16,2020-04-20,DE0001135499,Bund,fixed,0.015,2022-09-04,EB,False,2500.0,0.0,2500.0,,,,2012-09-04,,,,,,,,none,merkel3,1179
2020-04-16,2020-04-20,DE0001141745,Bobl,fixed,0.0,2021-10-08,EB,False,2500.0,0.0,2500.0,,,,2016-07-22,,,,,,,,none,merkel3,1210
2020-04-16,2020-04-20,DE0001141752,Bobl,fixed,0.0,2022-04-08,EB,False,2500.0,0.0,2500.0,,,,2017-02-03,,,,,,,,none,merkel3,1211
2020-04-16,2020-04-20,DE0001141760,Bobl,fixed,0.0,2022-10-07,EB,False,2500.0,0.0,2500.0,,,,2017-07-07,,,,,,,,none,merkel3,1212
2020-04-16,2020-04-20,DE0001141778,Bobl,fixed,0.0,2023-04-14,EB,False,2500.0,0.0,2500.0,,,,2018-02-02,,,,,,,,none,merkel3,1213
2020-04-16,2020-04-20,DE0001141786,Bobl,fixed,0.0,2023-10-13,EB,False,2500.0,0.0,2500.0,,,,2018-07-27,,,,,,,,none,merkel3,1214
2020-04-16,2020-04-20,DE0001141794,Bobl,fixed,0.0,2024-04-05,EB,False,2500.0,0.0,2500.0,,,,2019-01-25,,,,,,,,none,merkel3,1215
2020-04-16,2020-04-20,DE0001141802,Bobl,fixed,0.0,2024-10-18,EB,False,2500.0,0.0,2500.0,,,,2019-07-05,,,,,,,,none,merkel3,1216
2020-04-20,2020-04-22,DE0001030294,Bubill,zero,0.0,2021-01-20,M-A,True,4000.0,3185.0,815.0,100.40441,-0.5311,-0.531,2020-04-22,3197.88,0.0,3185.0,-12.88,-12.88,-12.88,-12.88,calc,merkel3,1217
2020-04-20,2020-04-22,DE0001137842,Bubill,zero,0.0,2020-07-08,M-A,False,4000.0,2707.0,1293.0,100.11951,-0.5581,-0.558,,2710.24,0.0,2707.0,-3.24,-3.24,-3.24,-3.24,calc,merkel3,1218
2020-04-21,2020-04-23,DE0001104792,Schatz,fixed,0.0,2022-03-11,Auk,False,5000.0,4085.2,914.8,101.291,-0.68,-0.68,2020-02-20,4137.94,0.0,4085.2,-52.74,-52.74,-52.74,-52.74,calc,merkel3,1219
2020-04-27,2020-04-29,DE0001030302,Bubill,zero,0.0,2021-03-03,M-A,True,4000.0,1875.0,2125.0,100.45904,-0.5341,-0.534,2020-04-29,1883.61,0.0,1875.0,-8.61,-8.61,-8.61,-8.61,calc,merkel3,1220
2020-04-27,2020-04-29,DE0001137867,Bubill,zero,0.0,2020-09-09,M-A,False,4000.0,2835.0,1165.0,100.2024,-0.5467,-0.547,,2840.74,0.0,2835.0,-5.74,-5.74,-5.74,-5.74,calc,merkel3,1221
2020-04-29,2020-05-04,DE0001102499,Bund,fixed,0.0,2030-02-15,Auk,False,4000.0,3381.7,618.3,104.87,-0.48,-0.48,2020-01-10,3546.39,0.0,3381.7,-164.69,-164.69,-164.69,-164.69,calc,merkel3,1222
2020-05-04,2020-05-06,DE0001030310,Bubill,zero,0.0,2021-02-03,M-A,True,4000.0,2865.0,1135.0,100.41408,-0.5438,-0.544,2020-05-06,2876.86,0.0,2865.0,-11.86,-11.86,-11.86,-11.86,calc,merkel3,1223
2020-05-04,2020-05-06,DE0001137859,Bubill,zero,0.0,2020-08-05,M-A,False,4000.0,2715.0,1285.0,100.14144,-0.5588,-0.559,2020-02-12,2718.84,0.0,2715.0,-3.84,-3.84,-3.84,-3.84,calc,merkel3,1224
2020-05-05,2020-05-07,DE0001030559,ILB,inflation_linked,0.005,2030-04-15,M-A,False,400.0,379.25,20.75,116.19,-1.04,-1.04,2014-04-10,463.79,0.12,543.86,104.3,67.96,142.43,-51.06,proj,merkel3,1225
2020-05-05,2020-05-07,DE0001030575,ILB,inflation_linked,0.001,2046-04-15,M-A,False,100.0,69.0,31.0,134.9,-1.06,-1.06,2015-06-09,98.42,0.0,136.49,40.85,-3.21,104.03,-24.97,proj,merkel3,1226
2020-05-06,2020-05-13,DE0001102515,Bund,fixed,0.0,2035-05-15,Syn,True,7500.0,7000.0,500.0,104.659,-0.303,-0.3,2020-05-13,7326.13,0.0,7000.0,-326.13,-326.13,-326.13,-326.13,calc,merkel3,1228
2020-05-06,2020-05-08,DE0001141810,Bobl,fixed,0.0,2025-04-11,Auk,False,4000.0,3202.6,797.4,103.74,-0.74,-0.74,2020-01-31,3322.38,0.0,3202.6,-119.78,-119.78,-119.78,-119.78,calc,merkel3,1227
2020-05-11,2020-05-13,DE0001137883,Bubill,zero,0.0,2020-11-04,Auk,True,4000.0,1931.0,2069.0,100.26344,-0.5405,-0.541,,1936.09,0.0,1931.0,-5.09,-5.09,-5.09,-5.09,calc,merkel3,1229
2020-05-12,2020-05-14,DE0001102523,Bund,fixed,0.0,2027-11-15,Auk,True,4000.0,3255.75,744.25,104.81,-0.62,-0.62,2020-05-14,3412.35,0.0,3255.75,-156.6,-156.6,-156.6,-156.6,calc,merkel3,1230
2020-05-13,2020-05-15,DE0001102432,Bund,fixed,0.0125,2048-08-15,Auk,False,1000.0,863.4,136.6,139.9,-0.13,-0.13,2017-09-20,1215.98,8.08,863.4,-39.59,-39.59,-39.59,-39.59,calc,merkel3,1231
2020-05-18,2020-05-20,DE0001030211,Bubill,zero,0.0,2021-05-05,Auk,True,4000.0,3810.0,190.0,100.55426,-0.567,-0.567,2020-05-20,3831.12,0.0,3810.0,-21.12,-21.12,-21.12,-21.12,calc,merkel3,1232
2020-05-20,2020-05-22,DE0001102499,Bund,fixed,0.0,2030-02-15,Auk,False,4000.0,3407.5,592.5,104.67,-0.47,-0.47,2020-01-10,3566.63,0.0,3407.5,-159.13,-159.13,-159.13,-159.13,calc,merkel3,1233
2020-05-25,2020-05-27,DE0001030203,Bubill,zero,0.0,2021-04-14,M-A,False,4000.0,3765.0,235.0,100.52228,-0.5809,-0.581,2020-04-16,3784.66,0.0,3765.0,-19.66,-19.66,-19.66,-19.66,calc,merkel3,1234
2020-05-25,2020-05-27,DE0001137875,Bubill,zero,0.0,2020-10-07,M-A,False,4000.0,2825.0,1175.0,100.21325,-0.576,-0.576,,2831.02,0.0,2825.0,-6.02,-6.02,-6.02,-6.02,calc,merkel3,1235
2020-05-26,2020-05-28,DE0001104800,Schatz,fixed,0.0,2022-06-10,Auk,True,5000.0,4070.0,930.0,101.356,-0.66,-0.66,2020-05-28,4125.19,0.0,4070.0,-55.19,-55.19,-55.19,-55.19,calc,merkel3,1236
2020-06-02,2020-06-04,DE0001030559,ILB,inflation_linked,0.005,2030-04-15,Auk,False,500.0,354.5,145.5,115.47,-0.99,-0.99,2014-04-10,432.89,0.26,508.37,98.12,64.15,133.76,-45.45,proj,merkel3,1237
2020-06-03,2020-06-05,DE0001141810,Bobl,fixed,0.0,2025-04-11,Auk,False,4000.0,3419.0,581.0,103.04,-0.62,-0.62,2020-01-31,3522.94,0.0,3419.0,-103.94,-103.94,-103.94,-103.94,calc,merkel3,1238
2020-06-08,2020-06-10,DE0001030302,Bubill,zero,0.0,2021-03-03,M-A,False,4000.0,2341.0,1659.0,100.42194,-0.5686,-0.569,2020-04-29,2350.88,0.0,2341.0,-9.88,-9.88,-9.88,-9.88,calc,merkel3,1239
2020-06-08,2020-06-10,DE0001137867,Bubill,zero,0.0,2020-09-09,M-A,False,4000.0,3371.0,629.0,100.13907,-0.5494,-0.549,,3375.69,0.0,3371.0,-4.69,-4.69,-4.69,-4.69,calc,merkel3,1240
2020-06-09,2020-06-11,DE0001102523,Bund,fixed,0.0,2027-11-15,Auk,False,3000.0,2488.5,511.5,103.56,-0.47,-0.47,2020-05-14,2577.09,0.0,2488.5,-88.59,-88.59,-88.59,-88.59,calc,merkel3,1241
2020-06-10,2020-06-12,DE0001102481,Bund,fixed,0.0,2050-08-15,Syn,False,6000.0,6000.0,0.0,94.51,0.187,0.19,2019-08-21,5670.6,0.0,6000.0,329.4,329.4,329.4,329.4,calc,merkel3,1242
2020-06-15,2020-06-17,DE0001137891,Bubill,zero,0.0,2020-12-09,Auk,True,4000.0,3090.0,910.0,100.26601,-0.5458,-0.546,,3098.22,0.0,3090.0,-8.22,-8.22,-8.22,-8.22,calc,merkel3,1243
2020-06-17,2020-06-19,DE0001102507,Bund,fixed,0.0,2030-08-15,Auk,True,5000.0,4139.65,860.35,103.89,-0.38,-0.38,2020-06-19,4300.68,0.0,4139.65,-161.03,-161.03,-161.03,-161.03,calc,merkel3,1244
2020-06-22,2020-06-24,DE0001030211,Bubill,zero,0.0,2021-05-05,M-A,False,4000.0,3295.0,705.0,100.50467,-0.5739,-0.574,2020-05-20,3311.63,0.0,3295.0,-16.63,-16.63,-16.63,-16.63,calc,merkel3,1245
2020-06-22,2020-06-24,DE0001137883,Bubill,zero,0.0,2020-11-04,M-A,False,4000.0,3635.0,365.0,100.20617,-0.5569,-0.557,,3642.49,0.0,3635.0,-7.49,-7.49,-7.49,-7.49,calc,merkel3,1246
2020-06-23,2020-06-25,DE0001104800,Schatz,fixed,0.0,2022-06-10,Auk,False,5000.0,4034.5,965.5,101.373,-0.69,-0.69,2020-05-28,4089.89,0.0,4034.5,-55.39,-55.39,-55.39,-55.39,calc,merkel3,1247
2020-06-24,2020-06-26,DE0001102515,Bund,fixed,0.0,2035-05-15,Auk,False,2500.0,2126.65,373.35,103.32,-0.22,-0.22,2020-05-13,2197.25,0.0,2126.65,-70.6,-70.6,-70.6,-70.6,calc,merkel3,1248
2020-06-29,2020-07-01,DE0001030229,Bubill,zero,0.0,2021-06-09,Auk,True,4000.0,3681.0,319.0,100.55739,-0.5818,-0.582,2020-07-01,3701.52,0.0,3681.0,-20.52,-20.52,-20.52,-20.52,calc,merkel3,1249
2020-06-30,2020-07-02,DE0001102523,Bund,fixed,0.0,2027-11-15,Auk,False,3000.0,2520.3,479.7,104.7,-0.62,-0.62,2020-05-14,2638.75,0.0,2520.3,-118.45,-118.45,-118.45,-118.45,calc,merkel3,1250
2020-07-06,2020-07-08,DE0001030294,Bubill,zero,0.0,2021-01-20,Auk,False,4000.0,2640.0,1360.0,100.34945,-0.6396,-0.64,2020-04-22,2649.23,0.0,2640.0,-9.23,-9.23,-9.23,-9.23,calc,merkel3,1251
2020-07-07,2020-07-09,DE0001030559,ILB,inflation_linked,0.005,2030-04-15,Auk,False,750.0,585.4,164.6,117.21,-1.15,-1.15,2014-04-10,727.51,0.72,839.49,149.38,93.28,208.23,-86.34,proj,merkel3,1252
2020-07-08,2020-07-10,DE0001141828,Bobl,fixed,0.0,2025-10-10,Auk,True,5000.0,4215.4,784.6,103.56,-0.66,-0.66,2020-07-10,4365.47,0.0,4215.4,-150.07,-150.07,-150.07,-150.07,calc,merkel3,1253
2020-07-13,2020-07-15,DE0001030203,Bubill,zero,0.0,2021-04-14,M-A,False,4000.0,2969.0,1031.0,100.44503,-0.5843,-0.584,2020-04-16,2982.21,0.0,2969.0,-13.21,-13.21,-13.21,-13.21,calc,merkel3,1254
2020-07-13,2020-07-15,DE0001137875,Bubill,zero,0.0,2020-10-07,M-A,False,4000.0,2676.0,1324.0,100.13517,-0.5785,-0.579,,2679.62,0.0,2676.0,-3.62,-3.62,-3.62,-3.62,calc,merkel3,1255
2020-07-15,2020-07-17,DE0001102507,Bund,fixed,0.0,2030-08-15,Auk,False,5000.0,4139.8,860.2,104.76,-0.46,-0.46,2020-06-19,4336.85,0.0,4139.8,-197.05,-197.05,-197.05,-197.05,calc,merkel3,1256
2020-07-20,2020-07-22,DE0001030229,Bubill,zero,0.0,2021-06-09,M-A,False,4000.0,1852.0,2148.0,100.52198,-0.5805,-0.581,2020-07-01,1861.67,0.0,1852.0,-9.67,-9.67,-9.67,-9.67,calc,merkel3,1257
2020-07-20,2020-07-22,DE0001137891,Bubill,zero,0.0,2020-12-09,M-A,False,4000.0,2100.0,1900.0,100.22245,-0.5707,-0.571,,2104.67,0.0,2100.0,-4.67,-4.67,-4.67,-4.67,calc,merkel3,1258
2020-07-21,2020-07-23,DE0001104800,Schatz,fixed,0.0,2022-06-10,Auk,False,5000.0,4081.25,918.75,101.283,-0.68,-0.68,2020-05-28,4133.61,0.0,4081.25,-52.36,-52.36,-52.36,-52.36,calc,merkel3,1259
2020-07-22,2020-07-24,DE0001102432,Bund,fixed,0.0125,2048-08-15,Auk,False,1500.0,1261.35,238.65,137.15,-0.06,-0.06,2017-09-20,1744.76,14.82,1261.35,-26.17,-26.17,-26.17,-26.17,calc,merkel3,1260
2020-07-27,2020-07-29,DE0001030237,Bubill,zero,0.0,2021-07-28,Auk,True,4000.0,3580.0,420.0,100.59017,-0.5803,-0.58,2020-07-29,3601.13,0.0,3580.0,-21.13,-21.13,-21.13,-21.13,calc,merkel3,1261
2020-07-28,2020-07-30,DE0001102523,Bund,fixed,0.0,2027-11-15,Auk,False,4000.0,3281.0,719.0,104.62,-0.62,-0.62,2020-05-14,3432.58,0.0,3281.0,-151.58,-151.58,-151.58,-151.58,calc,merkel3,1262
2020-07-29,2020-07-31,DE0001102515,Bund,fixed,0.0,2035-05-15,Auk,False,3500.0,2923.6,576.4,104.94,-0.33,-0.33,2020-05-13,3068.03,0.0,2923.6,-144.43,-144.43,-144.43,-144.43,calc,merkel3,1263
2020-08-03,2020-08-05,DE0001030310,Bubill,zero,0.0,2021-02-03,Auk,False,4000.0,3564.0,436.0,100.30476,-0.601,-0.601,2020-05-06,3574.86,0.0,3564.0,-10.86,-10.86,-10.86,-10.86,calc,merkel3,1264
2020-08-05,2020-08-07,DE0001141828,Bobl,fixed,0.0,2025-10-10,Auk,False,5000.0,4033.15,966.85,103.83,-0.72,-0.72,2020-07-10,4187.62,0.0,4033.15,-154.47,-154.47,-154.47,-154.47,calc,merkel3,1265
2020-08-10,2020-08-12,DE0001030211,Bubill,zero,0.0,2021-05-05,M-A,False,4000.0,2836.0,1164.0,100.42864,-0.5776,-0.578,2020-05-20,2848.16,0.0,2836.0,-12.16,-12.16,-12.16,-12.16,calc,merkel3,1266
2020-08-10,2020-08-12,DE0001137883,Bubill,zero,0.0,2020-11-04,M-A,False,4000.0,2944.0,1056.0,100.13226,-0.5661,-0.566,,2947.89,0.0,2944.0,-3.89,-3.89,-3.89,-3.89,calc,merkel3,1267
2020-08-12,2020-08-14,DE0001102507,Bund,fixed,0.0,2030-08-15,Auk,False,4000.0,3161.2,838.8,104.71,-0.46,-0.46,2020-06-19,3310.09,0.0,3161.2,-148.89,-148.89,-148.89,-148.89,calc,merkel3,1268
2020-08-17,2020-08-19,DE0001030237,Bubill,zero,0.0,2021-07-28,M-A,False,4000.0,3034.0,966.0,100.54782,-0.5718,-0.572,2020-07-29,3050.62,0.0,3034.0,-16.62,-16.62,-16.62,-16.62,calc,merkel3,1270
2020-08-17,2020-08-19,DE0001030294,Bubill,zero,0.0,2021-01-20,M-A,False,4000.0,2745.0,1255.0,100.25583,-0.5965,-0.597,2020-04-22,2752.02,0.0,2745.0,-7.02,-7.02,-7.02,-7.02,calc,merkel3,1269
2020-08-18,2020-08-20,DE0001102523,Bund,fixed,0.0,2027-11-15,Auk,False,4000.0,3251.95,748.05,104.46,-0.6,-0.6,2020-05-14,3396.99,0.0,3251.95,-145.04,-145.04,-145.04,-145.04,calc,merkel3,1271
2020-08-19,2020-08-21,DE0001102481,Bund,fixed,0.0,2050-08-15,Auk,False,1500.0,1249.1,250.9,101.53,-0.05,-0.05,2019-08-21,1268.21,0.0,1249.1,-19.11,-19.11,-19.11,-19.11,calc,merkel3,1272
2020-08-24,2020-08-26,DE0001030245,Bubill,zero,0.0,2021-08-25,Auk,True,4000.0,2950.0,1050.0,100.58447,-0.5747,-0.575,2020-08-26,2967.24,0.0,2950.0,-17.24,-17.24,-17.24,-17.24,calc,merkel3,1273
2020-08-25,2020-08-27,DE0001104818,Schatz,fixed,0.0,2022-09-16,Auk,True,6000.0,4916.0,1084.0,101.428,-0.69,-0.69,2020-08-27,4986.2,0.0,4916.0,-70.2,-70.2,-70.2,-70.2,calc,merkel3,1274
2020-08-26,2020-08-28,DE0001102515,Bund,fixed,0.0,2035-05-15,Auk,False,3500.0,2990.0,510.0,103.24,-0.22,-0.22,2020-05-13,3086.88,0.0,2990.0,-96.88,-96.88,-96.88,-96.88,calc,merkel3,1275
2020-09-01,2020-09-03,DE0001030567,ILB,inflation_linked,0.001,2026-04-15,M-A,False,250.0,183.0,67.0,107.27,-1.15,-1.15,2015-03-12,207.92,0.07,236.55,29.94,29.94,29.94,29.94,calc,merkel3,1276
2020-09-01,2020-09-03,DE0001030575,ILB,inflation_linked,0.001,2046-04-15,M-A,False,250.0,144.0,106.0,138.2,-1.17,-1.17,2015-06-09,212.35,0.06,284.86,78.3,-13.64,210.16,-57.7,proj,merkel3,1277
2020-09-02,2020-09-09,DE0001030708,Green,fixed,0.0,2030-08-15,Syn,True,6500.0,6000.0,500.0,104.717,-0.463,-0.46,2020-09-09,6283.02,0.0,6000.0,-283.02,-283.02,-283.02,-283.02,calc,merkel3,1280
2020-09-02,2020-09-04,DE0001102507,Bund,fixed,0.0,2030-08-15,EB,False,6500.0,0.0,6500.0,,,,2020-06-19,,,,,,,,none,merkel3,1279
2020-09-02,2020-09-04,DE0001141828,Bobl,fixed,0.0,2025-10-10,Auk,False,4000.0,3315.5,684.5,103.6,-0.69,-0.69,2020-07-10,3434.86,0.0,3315.5,-119.36,-119.36,-119.36,-119.36,calc,merkel3,1278
2020-09-07,2020-09-09,DE0001030302,Bubill,zero,0.0,2021-03-03,Auk,False,4000.0,3768.0,232.0,100.28344,-0.5814,-0.581,2020-04-29,3778.68,0.0,3768.0,-10.68,-10.68,-10.68,-10.68,calc,merkel3,1281
2020-09-09,2020-09-11,DE0001102507,Bund,fixed,0.0,2030-08-15,Auk,False,4000.0,3391.2,608.8,105.13,-0.5,-0.5,2020-06-19,3565.17,0.0,3391.2,-173.97,-173.97,-173.97,-173.97,calc,merkel3,1282
2020-09-14,2020-09-16,DE0001030229,Bubill,zero,0.0,2021-06-09,M-A,False,4000.0,3655.0,345.0,100.43283,-0.5833,-0.583,2020-07-01,3670.82,0.0,3655.0,-15.82,-15.82,-15.82,-15.82,calc,merkel3,1283
2020-09-14,2020-09-16,DE0001137891,Bubill,zero,0.0,2020-12-09,M-A,False,4000.0,3838.0,162.0,100.13704,-0.5865,-0.587,,3843.26,0.0,3838.0,-5.26,-5.26,-5.26,-5.26,calc,merkel3,1284
2020-09-15,2020-09-17,DE0001102523,Bund,fixed,0.0,2027-11-15,Auk,False,4000.0,3279.0,721.0,104.52,-0.62,-0.62,2020-05-14,3427.21,0.0,3279.0,-148.21,-148.21,-148.21,-148.21,calc,merkel3,1285
2020-09-16,2020-09-18,DE0001102432,Bund,fixed,0.0125,2048-08-15,Auk,False,1500.0,1333.9,166.1,137.31,-0.07,-0.07,2017-09-20,1833.13,1.55,1333.9,-32.37,-32.37,-32.37,-32.37,calc,merkel3,1286
2020-09-21,2020-09-23,DE0001030245,Bubill,zero,0.0,2021-08-25,M-A,False,4000.0,3260.0,740.0,100.54968,-0.5857,-0.586,2020-08-26,3277.92,0.0,3260.0,-17.92,-17.92,-17.92,-17.92,calc,merkel3,1288
2020-09-21,2020-09-23,DE0001030310,Bubill,zero,0.0,2021-02-03,M-A,False,4000.0,3065.0,935.0,100.21666,-0.5852,-0.585,2020-05-06,3071.64,0.0,3065.0,-6.64,-6.64,-6.64,-6.64,calc,merkel3,1287
2020-09-22,2020-09-24,DE0001104818,Schatz,fixed,0.0,2022-09-16,Auk,False,5000.0,4021.75,978.25,101.462,-0.73,-0.73,2020-08-27,4080.55,0.0,4021.75,-58.8,-58.8,-58.8,-58.8,calc,merkel3,1289
2020-09-23,2020-09-25,DE0001102515,Bund,fixed,0.0,2035-05-15,Auk,False,3500.0,2974.75,525.25,104.64,-0.31,-0.31,2020-05-13,3112.78,0.0,2974.75,-138.03,-138.03,-138.03,-138.03,calc,merkel3,1290
2020-09-28,2020-09-30,DE0001030252,Bubill,zero,0.0,2021-09-29,Auk,True,4000.0,3415.0,585.0,100.61055,-0.6002,-0.6,2020-09-30,3435.85,0.0,3415.0,-20.85,-20.85,-20.85,-20.85,calc,merkel3,1291
2020-09-30,2020-10-02,DE0001141828,Bobl,fixed,0.0,2025-10-10,Auk,False,4000.0,3297.05,702.95,103.77,-0.73,-0.73,2020-07-10,3421.35,0.0,3297.05,-124.3,-124.3,-124.3,-124.3,calc,merkel3,1292
2020-10-05,2020-10-07,DE0001030203,Bubill,zero,0.0,2021-04-14,Auk,False,1500.0,1431.25,68.75,100.3256,-0.6182,-0.618,2020-04-16,1435.91,0.0,1431.25,-4.66,-4.66,-4.66,-4.66,calc,merkel3,1293
2020-10-06,2020-10-08,DE0001030559,ILB,inflation_linked,0.005,2030-04-15,M-A,False,500.0,285.0,215.0,117.83,-1.25,-1.25,2014-04-10,355.65,0.73,408.7,71.26,43.95,99.91,-44.16,proj,merkel3,1294
2020-10-06,2020-10-08,DE0001030575,ILB,inflation_linked,0.001,2046-04-15,M-A,False,250.0,83.0,167.0,140.85,-1.25,-1.25,2015-06-09,124.2,0.04,164.19,43.33,-9.67,119.33,-35.45,proj,merkel3,1295
2020-10-07,2020-10-09,DE0001102507,Bund,fixed,0.0,2030-08-15,Auk,False,3000.0,2478.75,521.25,105.21,-0.51,-0.51,2020-06-19,2607.89,0.0,2478.75,-129.14,-129.14,-129.14,-129.14,calc,merkel3,1296
2020-10-12,2020-10-14,DE0001030237,Bubill,zero,0.0,2021-07-28,M-A,False,1500.0,1432.5,67.5,100.521,-0.6501,-0.65,2020-07-29,1439.96,0.0,1432.5,-7.46,-7.46,-7.46,-7.46,calc,merkel3,1298
2020-10-12,2020-10-14,DE0001030294,Bubill,zero,0.0,2021-01-20,M-A,False,1500.0,1424.0,76.0,100.18203,-0.6675,-0.667,2020-04-22,1426.59,0.0,1424.0,-2.59,-2.59,-2.59,-2.59,calc,merkel3,1297
2020-10-14,2020-10-16,DE0001102481,Bund,fixed,0.0,2050-08-15,Auk,False,1000.0,897.4,102.6,104.95,-0.16,-0.16,2019-08-21,941.82,0.0,897.4,-44.42,-44.42,-44.42,-44.42,calc,merkel3,1299
2020-10-19,2020-10-21,DE0001030252,Bubill,zero,0.0,2021-09-29,M-A,False,1500.0,1453.75,46.25,100.68343,-0.7124,-0.712,2020-09-30,1463.69,0.0,1453.75,-9.94,-9.94,-9.94,-9.94,calc,merkel3,1301
2020-10-19,2020-10-21,DE0001030302,Bubill,zero,0.0,2021-03-03,M-A,False,1500.0,1472.0,28.0,100.26673,-0.7201,-0.72,2020-04-29,1475.93,0.0,1472.0,-3.93,-3.93,-3.93,-3.93,calc,merkel3,1300
2020-10-20,2020-10-22,DE0001104818,Schatz,fixed,0.0,2022-09-16,Auk,False,4000.0,3366.5,633.5,101.534,-0.8,-0.8,2020-08-27,3418.14,0.0,3366.5,-51.64,-51.64,-51.64,-51.64,calc,merkel3,1302
2020-10-26,2020-10-28,DE0001030260,Bubill,zero,0.0,2021-10-27,Auk,True,3000.0,2505.0,495.0,100.72773,-0.7145,-0.715,2020-10-28,2523.23,0.0,2505.0,-18.23,-18.23,-18.23,-18.23,calc,merkel3,1303
2020-10-28,2020-10-30,DE0001102515,Bund,fixed,0.0,2035-05-15,Auk,False,2000.0,1649.2,350.8,106.99,-0.46,-0.46,2020-05-13,1764.48,0.0,1649.2,-115.28,-115.28,-115.28,-115.28,calc,merkel3,1304
2020-11-02,2020-11-04,DE0001030211,Bubill,zero,0.0,2021-05-05,Auk,False,1500.0,1402.4,97.6,100.38203,-0.7528,-0.753,2020-05-20,1407.76,0.0,1402.4,-5.36,-5.36,-5.36,-5.36,calc,merkel3,1305
2020-11-03,2020-11-05,DE0001030559,ILB,inflation_linked,0.005,2030-04-15,Auk,False,500.0,380.0,120.0,118.71,-1.35,-1.35,2014-04-10,476.35,1.12,544.94,92.86,56.44,131.06,-62.33,proj,merkel3,1306
2020-11-04,2020-11-06,DE0001030716,Green,fixed,0.0,2025-10-10,Auk,True,5000.0,4620.75,379.25,104.27,-0.85,-0.85,2020-11-06,4818.06,0.0,4620.75,-197.31,-197.31,-197.31,-197.31,calc,merkel3,1307
2020-11-04,2020-11-06,DE0001141828,Bobl,fixed,0.0,2025-10-10,EB,False,5000.0,0.0,5000.0,,,,2020-07-10,,,,,,,,none,merkel3,1308
2020-11-11,2020-11-13,DE0001102481,Bund,fixed,0.0,2050-08-15,Auk,False,1000.0,848.6,151.4,101.7,-0.06,-0.06,2019-08-21,863.03,0.0,848.6,-14.43,-14.43,-14.43,-14.43,calc,merkel3,1309
2020-11-16,2020-11-18,DE0001030245,Bubill,zero,0.0,2021-08-25,M-A,False,1500.0,1260.0,240.0,100.53732,-0.6871,-0.687,2020-08-26,1266.77,0.0,1260.0,-6.77,-6.77,-6.77,-6.77,calc,merkel3,1311
2020-11-16,2020-11-18,DE0001030310,Bubill,zero,0.0,2021-02-03,M-A,False,1500.0,1335.0,165.0,100.15491,-0.7231,-0.723,2020-05-06,1337.07,0.0,1335.0,-2.07,-2.07,-2.07,-2.07,calc,merkel3,1310
2020-11-17,2020-11-19,DE0001104826,Schatz,fixed,0.0,2022-12-15,Auk,True,5000.0,4124.5,875.5,101.545,-0.74,-0.74,2020-11-19,4188.22,0.0,4124.5,-63.72,-63.72,-63.72,-63.72,calc,merkel3,1312
2020-11-18,2020-11-20,DE0001102507,Bund,fixed,0.0,2030-08-15,Auk,False,3000.0,2428.5,571.5,105.71,-0.57,-0.57,2020-06-19,2567.17,0.0,2428.5,-138.67,-138.67,-138.67,-138.67,calc,merkel3,1313
2020-11-23,2020-11-25,DE0001030203,Bubill,zero,0.0,2021-04-14,M-A,False,1500.0,1480.0,20.0,100.26768,-0.6865,-0.686,2020-04-16,1483.96,0.0,1480.0,-3.96,-3.96,-3.96,-3.96,calc,merkel3,1314
2020-11-23,2020-11-25,DE0001030260,Bubill,zero,0.0,2021-10-27,M-A,False,1500.0,1100.0,400.0,100.63149,-0.6724,-0.672,2020-10-28,1106.95,0.0,1100.0,-6.95,-6.95,-6.95,-6.95,calc,merkel3,1315
2020-11-30,2020-12-02,DE0001030278,Bubill,zero,0.0,2021-11-24,Auk,True,2000.0,1780.0,220.0,100.68425,-0.6853,-0.685,2020-12-02,1792.18,0.0,1780.0,-12.18,-12.18,-12.18,-12.18,calc,merkel3,1316
2020-12-02,2020-12-04,DE0001141828,Bobl,fixed,0.0,2025-10-10,Auk,False,2000.0,1636.5,363.5,103.58,-0.72,-0.72,2020-07-10,1695.09,0.0,1636.5,-58.59,-58.59,-58.59,-58.59,calc,merkel3,1317
2020-12-07,2020-12-09,DE0001030229,Bubill,zero,0.0,2021-06-09,Auk,False,1500.0,1285.0,215.0,100.38144,-0.7516,-0.752,2020-07-01,1289.9,0.0,1285.0,-4.9,-4.9,-4.9,-4.9,calc,merkel3,1318
2020-12-09,2020-12-11,DE0001104826,Schatz,fixed,0.0,2022-12-15,Auk,False,3000.0,2411.1,588.9,101.591,-0.78,-0.78,2020-11-19,2449.46,0.0,2411.1,-38.36,-38.36,-38.36,-38.36,calc,merkel3,1319
2021-01-04,2021-01-06,DE0001030237,Bubill,zero,0.0,2021-07-28,Auk,False,4000.0,1510.0,2490.0,100.36229,-0.6402,-0.64,2020-07-29,1515.47,0.0,1510.0,-5.47,-5.47,-5.47,-5.47,calc,merkel3,1320
2021-01-05,2021-01-07,DE0001104826,Schatz,fixed,0.0,2022-12-15,Auk,False,6000.0,4838.25,1161.75,101.423,-0.73,-0.73,2020-11-19,4907.1,0.0,4838.25,-68.85,-68.85,-68.85,-68.85,calc,merkel3,1321
2021-01-06,2021-01-08,DE0001102531,Bund,fixed,0.0,2031-02-15,Auk,True,5000.0,4120.7,879.3,105.36,-0.52,-0.52,2021-01-08,4341.57,0.0,4120.7,-220.87,-220.87,-220.87,-220.87,calc,merkel3,1322
2021-01-11,2021-01-13,DE0001030229,Bubill,zero,0.0,2021-06-09,M-A,False,3000.0,2115.0,885.0,100.26633,-0.6505,-0.651,2020-07-01,2120.63,0.0,2115.0,-5.63,-5.63,-5.63,-5.63,calc,merkel3,1323
2021-01-11,2021-01-13,DE0001030328,Bubill,zero,0.0,2021-12-15,M-A,True,4000.0,2150.0,1850.0,100.63904,-0.6803,-0.68,,2163.74,0.0,2150.0,-13.74,-13.74,-13.74,-13.74,calc,merkel3,1324
2021-01-12,2021-01-14,DE0001030559,ILB,inflation_linked,0.005,2030-04-15,M-A,False,400.0,330.0,70.0,120.55,-1.55,-1.55,2014-04-10,420.85,1.31,473.24,73.47,41.85,106.65,-60.93,proj,merkel3,1325
2021-01-12,2021-01-14,DE0001030575,ILB,inflation_linked,0.001,2046-04-15,M-A,False,200.0,113.0,87.0,148.69,-1.48,-1.48,2015-06-09,178.14,0.09,223.53,49.94,-22.21,153.41,-57.58,proj,merkel3,1326
2021-01-13,2021-01-15,DE0001141836,Bobl,fixed,0.0,2026-04-10,Auk,True,5000.0,4065.8,934.2,103.72,-0.7,-0.7,2021-01-15,4217.05,0.0,4065.8,-151.25,-151.25,-151.25,-151.25,calc,merkel3,1327
2021-01-18,2021-01-20,DE0001030203,Bubill,zero,0.0,2021-04-14,M-A,False,3000.0,2381.0,619.0,100.148,-0.6333,-0.633,2020-04-16,2384.52,0.0,2381.0,-3.52,-3.52,-3.52,-3.52,calc,merkel3,1328
2021-01-18,2021-01-20,DE0001030260,Bubill,zero,0.0,2021-10-27,M-A,False,3000.0,2486.0,514.0,100.49712,-0.636,-0.636,2020-10-28,2498.36,0.0,2486.0,-12.36,-12.36,-12.36,-12.36,calc,merkel3,1329
2021-01-20,2021-01-22,DE0001102481,Bund,fixed,0.0,2050-08-15,Auk,False,1500.0,1263.6,236.4,103.92,-0.13,-0.13,2019-08-21,1313.13,0.0,1263.6,-49.53,-49.53,-49.53,-49.53,calc,merkel3,1330
2021-01-25,2021-01-27,DE0001030336,Bubill,zero,0.0,2022-01-19,Auk,True,4000.0,3596.0,404.0,100.6419,-0.6432,-0.643,2021-01-27,3619.08,0.0,3596.0,-23.08,-23.08,-23.08,-23.08,calc,merkel3,1331
2021-01-27,2021-01-29,DE0001102531,Bund,fixed,0.0,2031-02-15,Auk,False,4000.0,3306.75,693.25,105.54,-0.54,-0.54,2021-01-08,3489.94,0.0,3306.75,-183.19,-183.19,-183.19,-183.19,calc,merkel3,1332
2021-02-01,2021-02-03,DE0001030211,Bubill,zero,0.0,2021-05-05,M-A,False,3000.0,2693.4,306.6,100.16261,-0.6422,-0.642,2020-05-20,2697.78,0.0,2693.4,-4.38,-4.38,-4.38,-4.38,calc,merkel3,1333
2021-02-01,2021-02-03,DE0001030278,Bubill,zero,0.0,2021-11-24,M-A,False,3000.0,2424.0,576.0,100.52676,-0.6416,-0.642,2020-12-02,2436.77,0.0,2424.0,-12.77,-12.77,-12.77,-12.77,calc,merkel3,1334
2021-02-02,2021-02-04,DE0001104834,Schatz,fixed,0.0,2023-03-10,Auk,True,6000.0,4731.5,1268.5,101.555,-0.73,-0.73,2021-02-04,4805.07,0.0,4731.5,-73.57,-73.57,-73.57,-73.57,calc,merkel3,1335
2021-02-08,2021-02-10,DE0001030245,Bubill,zero,0.0,2021-08-25,Auk,False,4000.0,3680.0,320.0,100.34707,-0.6353,-0.635,2020-08-26,3692.77,0.0,3680.0,-12.77,-12.77,-12.77,-12.77,calc,merkel3,1336
2021-02-09,2021-02-11,DE0001030583,ILB,inflation_linked,0.001,2033-04-15,Auk,True,1500.0,1111.0,389.0,121.68,-1.51,-1.51,2021-02-11,1351.86,0.0,1604.68,270.1,76.89,485.07,-234.18,proj,merkel3,1337
2021-02-10,2021-02-12,DE0001141836,Bobl,fixed,0.0,2026-04-10,Auk,False,4000.0,3269.2,730.8,103.65,-0.69,-0.69,2021-01-15,3388.53,0.0,3269.2,-119.33,-119.33,-119.33,-119.33,calc,merkel3,1338
2021-02-15,2021-02-17,DE0001030237,Bubill,zero,0.0,2021-07-28,M-A,False,3000.0,2830.0,170.0,100.28539,-0.6363,-0.636,2020-07-29,2838.08,0.0,2830.0,-8.08,-8.08,-8.08,-8.08,calc,merkel3,1339
2021-02-15,2021-02-17,DE0001030336,Bubill,zero,0.0,2022-01-19,M-A,False,3000.0,2290.0,710.0,100.61116,-0.6508,-0.651,2021-01-27,2304.0,0.0,2290.0,-14.0,-14.0,-14.0,-14.0,calc,merkel3,1340
2021-02-17,2021-02-19,DE0001102432,Bund,fixed,0.0125,2048-08-15,Auk,False,1500.0,1232.4,267.6,131.08,0.1,0.1,2017-09-20,1623.36,7.93,1232.4,40.38,40.38,40.38,40.38,calc,merkel3,1341
2021-02-22,2021-02-24,DE0001030344,Bubill,zero,0.0,2022-02-23,Auk,True,4000.0,2736.0,1264.0,100.6388,-0.6278,-0.628,2021-02-24,2753.48,0.0,2736.0,-17.48,-17.48,-17.48,-17.48,calc,merkel3,1342
2021-02-24,2021-02-26,DE0001102531,Bund,fixed,0.0,2031-02-15,Auk,False,4000.0,3320.0,680.0,103.27,-0.32,-0.32,2021-01-08,3428.56,0.0,3320.0,-108.56,-108.56,-108.56,-108.56,calc,merkel3,1343
2021-03-01,2021-03-03,DE0001030229,Bubill,zero,0.0,2021-06-09,M-A,False,3000.0,2720.0,280.0,100.16833,-0.6173,-0.617,2020-07-01,2724.58,0.0,2720.0,-4.58,-4.58,-4.58,-4.58,calc,merkel3,1344
2021-03-01,2021-03-03,DE0001030328,Bubill,zero,0.0,2021-12-15,M-A,False,3000.0,2360.0,640.0,100.48997,-0.6116,-0.612,,2371.56,0.0,2360.0,-11.56,-11.56,-11.56,-11.56,calc,merkel3,1345
2021-03-02,2021-03-04,DE0001030559,ILB,inflation_linked,0.005,2030-04-15,M-A,False,400.0,370.25,29.75,119.48,-1.48,-1.48,2014-04-10,468.92,1.73,530.96,85.69,50.21,122.91,-64.56,proj,merkel3,1346
2021-03-02,2021-03-04,DE0001030575,ILB,inflation_linked,0.001,2046-04-15,M-A,False,200.0,137.0,63.0,141.44,-1.29,-1.29,2015-06-09,205.76,0.13,271.01,70.76,-16.71,196.21,-59.38,proj,merkel3,1347
2021-03-03,2021-03-05,DE0001102549,Bund,fixed,0.0,2036-05-15,Auk,True,3000.0,2539.5,460.5,100.9,-0.06,-0.06,2021-03-05,2562.36,0.0,2539.5,-22.86,-22.86,-22.86,-22.86,calc,merkel3,1348
2021-03-08,2021-03-10,DE0001030252,Bubill,zero,0.0,2021-09-29,Auk,False,4000.0,3859.0,141.0,100.34831,-0.6155,-0.616,2020-09-30,3872.44,0.0,3859.0,-13.44,-13.44,-13.44,-13.44,calc,merkel3,1349
2021-03-10,2021-03-12,DE0001141836,Bobl,fixed,0.0,2026-04-10,Auk,False,4000.0,3259.5,740.5,103.19,-0.62,-0.62,2021-01-15,3363.48,0.0,3259.5,-103.98,-103.98,-103.98,-103.98,calc,merkel3,1350
2021-03-15,2021-03-17,DE0001030245,Bubill,zero,0.0,2021-08-25,M-A,False,2000.0,1857.0,143.0,100.27659,-0.6168,-0.617,2020-08-26,1862.14,0.0,1857.0,-5.14,-5.14,-5.14,-5.14,calc,merkel3,1351
2021-03-15,2021-03-17,DE0001030344,Bubill,zero,0.0,2022-02-23,M-A,False,4000.0,3845.0,155.0,100.6063,-0.6325,-0.633,2021-02-24,3868.31,0.0,3845.0,-23.31,-23.31,-23.31,-23.31,calc,merkel3,1352
2021-03-16,2021-03-18,DE0001104834,Schatz,fixed,0.0,2023-03-10,Auk,False,5000.0,3932.0,1068.0,101.4,-0.7,-0.7,2021-02-04,3987.05,0.0,3932.0,-55.05,-55.05,-55.05,-55.05,calc,merkel3,1353
2021-03-17,2021-03-19,DE0001102481,Bund,fixed,0.0,2050-08-15,Auk,False,1500.0,1222.0,278.0,94.02,0.21,0.21,2019-08-21,1148.92,0.0,1222.0,73.08,73.08,73.08,73.08,calc,merkel3,1354
2021-03-22,2021-03-24,DE0001030351,Bubill,zero,0.0,2022-03-23,Auk,True,4000.0,3426.0,574.0,100.6452,-0.634,-0.634,2021-03-24,3448.1,0.0,3426.0,-22.1,-22.1,-22.1,-22.1,calc,merkel3,1355
2021-03-24,2021-03-26,DE0001102531,Bund,fixed,0.0,2031-02-15,Auk,False,4000.0,3281.1,718.9,103.59,-0.36,-0.36,2021-01-08,3398.89,0.0,3281.1,-117.79,-117.79,-117.79,-117.79,calc,merkel3,1356
2021-03-31,2021-04-06,DE0001102549,Bund,fixed,0.0,2036-05-15,Auk,False,2500.0,2070.35,429.65,99.68,0.02,0.02,2021-03-05,2063.72,0.0,2070.35,6.63,6.63,6.63,6.63,calc,merkel3,1357
2021-04-06,2021-04-08,DE0001030237,Bubill,zero,0.0,2021-07-28,M-A,False,3000.0,2334.0,666.0,100.19687,-0.6372,-0.637,2020-07-29,2338.59,0.0,2334.0,-4.59,-4.59,-4.59,-4.59,calc,merkel3,1358
2021-04-06,2021-04-08,DE0001030336,Bubill,zero,0.0,2022-01-19,M-A,False,3000.0,2771.0,229.0,100.51682,-0.6472,-0.647,2021-01-27,2785.32,0.0,2771.0,-14.32,-14.32,-14.32,-14.32,calc,merkel3,1359
2021-04-07,2021-04-09,DE0001141836,Bobl,fixed,0.0,2026-04-10,Auk,False,4000.0,3307.0,693.0,103.39,-0.66,-0.66,2021-01-15,3419.11,0.0,3307.0,-112.11,-112.11,-112.11,-112.11,calc,merkel3,1360
2021-04-12,2021-04-14,DE0001030260,Bubill,zero,0.0,2021-10-27,Auk,False,4000.0,3239.0,761.0,100.35015,-0.6409,-0.641,2020-10-28,3250.34,0.0,3239.0,-11.34,-11.34,-11.34,-11.34,calc,merkel3,1361
2021-04-13,2021-04-15,DE0001030583,ILB,inflation_linked,0.001,2033-04-15,Auk,False,700.0,387.0,313.0,122.21,-1.57,-1.57,2021-02-11,475.32,0.07,558.97,89.67,22.37,164.55,-84.11,proj,merkel3,1362
2021-04-14,2021-04-16,DE0001102432,Bund,fixed,0.0125,2048-08-15,Auk,False,1500.0,1287.0,213.0,127.32,0.22,0.22,2017-09-20,1649.36,10.75,1287.0,88.09,88.09,88.09,88.09,calc,merkel3,1363
2021-04-19,2021-04-21,DE0001030252,Bubill,zero,0.0,2021-09-29,M-A,False,3000.0,2556.0,444.0,100.28381,-0.6328,-0.633,2020-09-30,2563.25,0.0,2556.0,-7.25,-7.25,-7.25,-7.25,calc,merkel3,1364
2021-04-19,2021-04-21,DE0001030351,Bubill,zero,0.0,2022-03-23,M-A,False,3000.0,2367.0,633.0,100.60297,-0.6422,-0.642,2021-03-24,2381.27,0.0,2367.0,-14.27,-14.27,-14.27,-14.27,calc,merkel3,1365
2021-04-20,2021-04-22,DE0001104834,Schatz,fixed,0.0,2023-03-10,Auk,False,5000.0,4085.0,915.0,101.309,-0.69,-0.69,2021-02-04,4138.47,0.0,4085.0,-53.47,-53.47,-53.47,-53.47,calc,merkel3,1366
2021-04-21,2021-04-23,DE0001102531,Bund,fixed,0.0,2031-02-15,Auk,False,4000.0,3417.25,582.75,102.51,-0.25,-0.25,2021-01-08,3503.02,0.0,3417.25,-85.77,-85.77,-85.77,-85.77,calc,merkel3,1367
2021-04-26,2021-04-28,DE0001030369,Bubill,zero,0.0,2022-04-21,Auk,True,4000.0,3746.0,254.0,100.6392,-0.6387,-0.639,2021-04-28,3769.94,0.0,3746.0,-23.94,-23.94,-23.94,-23.94,calc,merkel3,1368
2021-04-27,2021-04-29,DE0001102556,Bund,fixed,0.0,2028-11-15,Auk,True,4000.0,3253.4,746.6,103.13,-0.41,-0.41,2021-04-29,3355.23,0.0,3253.4,-101.83,-101.83,-101.83,-101.83,calc,merkel3,1369
2021-04-28,2021-04-30,DE0001102549,Bund,fixed,0.0,2036-05-15,Auk,False,2500.0,2131.5,368.5,99.03,0.06,0.06,2021-03-05,2110.82,0.0,2131.5,20.68,20.68,20.68,20.68,calc,merkel3,1370
2021-05-03,2021-05-05,DE0001030245,Bubill,zero,0.0,2021-08-25,M-A,False,3000.0,2941.0,59.0,100.19553,-0.6273,-0.627,2020-08-26,2946.75,0.0,2941.0,-5.75,-5.75,-5.75,-5.75,calc,merkel3,1371
2021-05-03,2021-05-05,DE0001030344,Bubill,zero,0.0,2022-02-23,M-A,False,3000.0,2852.0,148.0,100.52245,-0.6364,-0.636,2021-02-24,2866.9,0.0,2852.0,-14.9,-14.9,-14.9,-14.9,calc,merkel3,1372
2021-05-04,2021-05-06,DE0001030567,ILB,inflation_linked,0.001,2026-04-15,M-A,False,500.0,423.25,76.75,110.36,-1.88,-1.88,2015-03-12,494.57,0.03,547.1,55.13,55.13,55.13,55.13,calc,merkel3,1373
2021-05-04,2021-05-06,DE0001030575,ILB,inflation_linked,0.001,2046-04-15,M-A,False,200.0,155.0,45.0,140.48,-1.27,-1.27,2015-06-09,232.28,0.01,306.62,80.41,-18.55,222.35,-65.98,proj,merkel3,1374
2021-05-05,2021-05-07,DE0001141836,Bobl,fixed,0.0,2026-04-10,Auk,False,4000.0,3328.0,672.0,103.04,-0.61,-0.61,2021-01-15,3429.17,0.0,3328.0,-101.17,-101.17,-101.17,-101.17,calc,merkel3,1375
2021-05-10,2021-05-12,DE0001030278,Bubill,zero,0.0,2021-11-24,Auk,False,4000.0,3901.0,99.0,100.34824,-0.6374,-0.637,2020-12-02,3914.58,0.0,3901.0,-13.58,-13.58,-13.58,-13.58,calc,merkel3,1376
2021-05-11,2021-05-18,DE0001030724,Green,fixed,0.0,2050-08-15,Syn,True,6000.0,5500.0,500.0,89.215,0.391,0.39,2021-05-18,4906.82,0.0,5500.0,593.18,593.18,593.18,593.18,calc,merkel3,1378
2021-05-11,2021-05-13,DE0001102481,Bund,fixed,0.0,2050-08-15,EB,False,6000.0,0.0,6000.0,,,,2019-08-21,,,,,,,,none,merkel3,1377
2021-05-17,2021-05-19,DE0001030260,Bubill,zero,0.0,2021-10-27,M-A,False,3000.0,2951.0,49.0,100.28313,-0.6313,-0.631,2020-10-28,2959.36,0.0,2951.0,-8.36,-8.36,-8.36,-8.36,calc,merkel3,1379
2021-05-17,2021-05-19,DE0001030369,Bubill,zero,0.0,2022-04-21,M-A,False,3000.0,2941.05,58.95,100.59904,-0.6361,-0.636,2021-04-28,2958.67,0.0,2941.05,-17.62,-17.62,-17.62,-17.62,calc,merkel3,1380
2021-05-18,2021-05-20,DE0001104842,Schatz,fixed,0.0,2023-06-16,Auk,True,6000.0,4848.5,1151.5,101.379,-0.66,-0.66,2021-05-20,4915.36,0.0,4848.5,-66.86,-66.86,-66.86,-66.86,calc,merkel3,1381
2021-05-19,2021-05-21,DE0001102531,Bund,fixed,0.0,2031-02-15,Auk,False,4000.0,3359.8,640.2,100.9,-0.09,-0.09,2021-01-08,3390.04,0.0,3359.8,-30.24,-30.24,-30.24,-30.24,calc,merkel3,1382
2021-05-25,2021-05-27,DE0001030377,Bubill,zero,0.0,2022-05-18,Auk,True,4000.0,3614.0,386.0,100.63504,-0.6381,-0.638,2021-05-27,3636.95,0.0,3614.0,-22.95,-22.95,-22.95,-22.95,calc,merkel3,1383
2021-05-26,2021-05-28,DE0001102549,Bund,fixed,0.0,2036-05-15,Auk,False,2500.0,1730.0,770.0,98.43,0.11,0.11,2021-03-05,1702.84,0.0,1730.0,27.16,27.16,27.16,27.16,calc,merkel3,1384
2021-06-01,2021-06-03,DE0001030559,ILB,inflation_linked,0.005,2030-04-15,M-A,False,400.0,355.0,45.0,121.1,-1.69,-1.69,2014-04-10,460.4,0.26,509.09,69.49,35.47,105.18,-69.52,proj,merkel3,1385
2021-06-01,2021-06-03,DE0001030583,ILB,inflation_linked,0.001,2033-04-15,M-A,False,400.0,310.0,90.0,121.09,-1.51,-1.51,2021-02-11,381.42,0.1,447.75,71.15,17.24,131.13,-64.65,proj,merkel3,1386
2021-06-02,2021-06-04,DE0001141836,Bobl,fixed,0.0,2026-04-10,Auk,False,4000.0,3316.9,683.1,102.82,-0.57,-0.57,2021-01-15,3410.44,0.0,3316.9,-93.54,-93.54,-93.54,-93.54,calc,merkel3,1387
2021-06-07,2021-06-09,DE0001030252,Bubill,zero,0.0,2021-09-29,M-A,False,3000.0,2773.0,227.0,100.2008,-0.6441,-0.644,2020-09-30,2778.57,0.0,2773.0,-5.57,-5.57,-5.57,-5.57,calc,merkel3,1388
2021-06-07,2021-06-09,DE0001030351,Bubill,zero,0.0,2022-03-23,M-A,False,3000.0,2813.0,187.0,100.5169,-0.645,-0.645,2021-03-24,2827.54,0.0,2813.0,-14.54,-14.54,-14.54,-14.54,calc,merkel3,1389
2021-06-08,2021-06-10,DE0001102556,Bund,fixed,0.0,2028-11-15,Auk,False,4000.0,3259.0,741.0,102.83,-0.37,-0.37,2021-04-29,3351.23,0.0,3259.0,-92.23,-92.23,-92.23,-92.23,calc,merkel3,1390
2021-06-09,2021-06-11,DE0001102481,Bund,fixed,0.0,2050-08-15,Auk,False,1500.0,1260.0,240.0,91.28,0.31,0.31,2019-08-21,1150.13,0.0,1260.0,109.87,109.87,109.87,109.87,calc,merkel3,1391
2021-06-14,2021-06-16,DE0001030328,Bubill,zero,0.0,2021-12-15,Auk,False,4000.0,3569.0,431.0,100.32584,-0.6424,-0.642,,3580.63,0.0,3569.0,-11.63,-11.63,-11.63,-11.63,calc,merkel3,1392
2021-06-15,2021-06-17,DE0001104842,Schatz,fixed,0.0,2023-06-16,Auk,False,5000.0,4068.0,932.0,101.373,-0.68,-0.68,2021-05-20,4123.85,0.0,4068.0,-55.85,-55.85,-55.85,-55.85,calc,merkel3,1393
2021-06-16,2021-06-18,DE0001102564,Bund,fixed,0.0,2031-08-15,Auk,True,5000.0,4084.9,915.1,101.99,-0.19,-0.19,2021-06-18,4166.19,0.0,4084.9,-81.29,-81.29,-81.29,-81.29,calc,merkel3,1394
2021-06-21,2021-06-23,DE0001030278,Bubill,zero,0.0,2021-11-24,M-A,False,3000.0,2672.0,328.0,100.27535,-0.6419,-0.642,2020-12-02,2679.36,0.0,2672.0,-7.36,-7.36,-7.36,-7.36,calc,merkel3,1395
2021-06-21,2021-06-23,DE0001030377,Bubill,zero,0.0,2022-05-18,M-A,False,3000.0,2602.0,398.0,100.59289,-0.6449,-0.645,2021-05-27,2617.43,0.0,2602.0,-15.43,-15.43,-15.43,-15.43,calc,merkel3,1396
2021-06-23,2021-06-25,DE0001102549,Bund,fixed,0.0,2036-05-15,Auk,False,2500.0,2063.15,436.85,98.75,0.08,0.08,2021-03-05,2037.36,0.0,2063.15,25.79,25.79,25.79,25.79,calc,merkel3,1397
2021-06-28,2021-06-30,DE0001030385,Bubill,zero,0.0,2022-06-22,Auk,True,4000.0,3521.0,479.0,100.63291,-0.6342,-0.634,2021-06-30,3543.28,0.0,3521.0,-22.28,-22.28,-22.28,-22.28,calc,merkel3,1398
2021-07-05,2021-07-07,DE0001030260,Bubill,zero,0.0,2021-10-27,M-A,False,3000.0,2716.0,284.0,100.19944,-0.6398,-0.64,2020-10-28,2721.42,0.0,2716.0,-5.42,-5.42,-5.42,-5.42,calc,merkel3,1399
2021-07-05,2021-07-07,DE0001030369,Bubill,zero,0.0,2022-04-21,M-A,False,3000.0,2535.0,465.0,100.5152,-0.6407,-0.641,2021-04-28,2548.06,0.0,2535.0,-13.06,-13.06,-13.06,-13.06,calc,merkel3,1400
2021-07-06,2021-07-08,DE0001030575,ILB,inflation_linked,0.001,2046-04-15,M-A,False,200.0,165.0,35.0,144.03,-1.38,-1.38,2015-06-09,257.14,0.04,326.4,75.72,-29.63,226.82,-77.62,proj,merkel3,1402
2021-07-06,2021-07-08,DE0001030583,ILB,inflation_linked,0.001,2033-04-15,M-A,False,400.0,310.0,90.0,121.96,-1.58,-1.58,2021-02-11,386.45,0.13,447.75,66.12,12.21,126.11,-67.82,proj,merkel3,1401
2021-07-07,2021-07-09,DE0001141844,Bobl,fixed,0.0,2026-10-09,Auk,True,5000.0,3949.0,1051.0,103.15,-0.59,-0.59,2021-07-09,4073.39,0.0,3949.0,-124.39,-124.39,-124.39,-124.39,calc,merkel3,1403
2021-07-12,2021-07-14,DE0001030336,Bubill,zero,0.0,2022-01-19,Auk,False,4000.0,3466.0,534.0,100.34743,-0.6595,-0.659,2021-01-27,3478.04,0.0,3466.0,-12.04,-12.04,-12.04,-12.04,calc,merkel3,1404
2021-07-13,2021-07-15,DE0001104842,Schatz,fixed,0.0,2023-06-16,Auk,False,5000.0,3999.0,1001.0,101.308,-0.67,-0.67,2021-05-20,4051.31,0.0,3999.0,-52.31,-52.31,-52.31,-52.31,calc,merkel3,1405
2021-07-14,2021-07-16,DE0001102564,Bund,fixed,0.0,2031-08-15,Auk,False,4000.0,3392.0,608.0,103.03,-0.3,-0.3,2021-06-18,3494.78,0.0,3392.0,-102.78,-102.78,-102.78,-102.78,calc,merkel3,1406
2021-07-19,2021-07-21,DE0001030328,Bubill,zero,0.0,2021-12-15,M-A,False,2500.0,2114.0,386.0,100.26442,-0.6459,-0.646,,2119.59,0.0,2114.0,-5.59,-5.59,-5.59,-5.59,calc,merkel3,1407
2021-07-19,2021-07-21,DE0001030385,Bubill,zero,0.0,2022-06-22,M-A,False,3500.0,3431.0,69.0,100.61265,-0.6524,-0.652,2021-06-30,3452.02,0.0,3431.0,-21.02,-21.02,-21.02,-21.02,calc,merkel3,1408
2021-07-20,2021-07-22,DE0001102556,Bund,fixed,0.0,2028-11-15,Auk,False,4000.0,3349.0,651.0,104.35,-0.58,-0.58,2021-04-29,3494.68,0.0,3349.0,-145.68,-145.68,-145.68,-145.68,calc,merkel3,1409
2021-07-21,2021-07-23,DE0001102432,Bund,fixed,0.0125,2048-08-15,Auk,False,1500.0,1229.55,270.45,132.74,0.03,0.03,2017-09-20,1646.51,14.4,1229.55,13.39,13.39,13.39,13.39,calc,merkel3,1410
2021-07-26,2021-07-28,DE0001030393,Bubill,zero,0.0,2022-07-20,Auk,True,4000.0,3587.0,413.0,100.65341,-0.6546,-0.655,2021-07-28,3610.44,0.0,3587.0,-23.44,-23.44,-23.44,-23.44,calc,merkel3,1411
2021-07-28,2021-07-30,DE0001102549,Bund,fixed,0.0,2036-05-15,Auk,False,2500.0,1790.0,710.0,102.69,-0.18,-0.18,2021-03-05,1838.15,0.0,1790.0,-48.15,-48.15,-48.15,-48.15,calc,merkel3,1412
2021-08-02,2021-08-04,DE0001030278,Bubill,zero,0.0,2021-11-24,M-A,False,3000.0,2084.0,916.0,100.20481,-0.657,-0.657,2020-12-02,2088.27,0.0,2084.0,-4.27,-4.27,-4.27,-4.27,calc,merkel3,1413
2021-08-02,2021-08-04,DE0001030377,Bubill,zero,0.0,2022-05-18,M-A,False,3000.0,2768.0,232.0,100.52557,-0.6558,-0.656,2021-05-27,2782.55,0.0,2768.0,-14.55,-14.55,-14.55,-14.55,calc,merkel3,1414
2021-08-04,2021-08-06,DE0001141844,Bobl,fixed,0.0,2026-10-09,Auk,False,4000.0,3273.0,727.0,104.01,-0.76,-0.76,2021-07-09,3404.25,0.0,3273.0,-131.25,-131.25,-131.25,-131.25,calc,merkel3,1415
2021-08-09,2021-08-11,DE0001030344,Bubill,zero,0.0,2022-02-23,Auk,False,4000.0,3695.0,305.0,100.36169,-0.6619,-0.662,2021-02-24,3708.36,0.0,3695.0,-13.36,-13.36,-13.36,-13.36,calc,merkel3,1416
2021-08-11,2021-08-13,DE0001102564,Bund,fixed,0.0,2031-08-15,Auk,False,4000.0,3316.0,684.0,104.56,-0.44,-0.44,2021-06-18,3467.21,0.0,3316.0,-151.21,-151.21,-151.21,-151.21,calc,merkel3,1417
2021-08-16,2021-08-18,DE0001030336,Bubill,zero,0.0,2022-01-19,M-A,False,3000.0,2544.0,456.0,100.2886,-0.6727,-0.673,2021-01-27,2551.34,0.0,2544.0,-7.34,-7.34,-7.34,-7.34,calc,merkel3,1418
2021-08-16,2021-08-18,DE0001030393,Bubill,zero,0.0,2022-07-20,M-A,False,3000.0,2716.0,284.0,100.62145,-0.6617,-0.662,2021-07-28,2732.88,0.0,2716.0,-16.88,-16.88,-16.88,-16.88,calc,merkel3,1419
2021-08-17,2021-08-19,DE0001104859,Schatz,fixed,0.0,2023-09-15,Auk,True,6000.0,4809.25,1190.75,101.564,-0.75,-0.75,2021-08-19,4884.47,0.0,4809.25,-75.22,-75.22,-75.22,-75.22,calc,merkel3,1420
2021-08-18,2021-08-20,DE0001102481,Bund,fixed,0.0,2050-08-15,Auk,False,1000.0,826.7,173.3,101.04,-0.04,-0.04,2019-08-21,835.3,0.0,826.7,-8.6,-8.6,-8.6,-8.6,calc,merkel3,1421
2021-08-23,2021-08-25,DE0001030401,Bubill,zero,0.0,2022-08-24,Auk,True,4000.0,3045.0,955.0,100.67372,-0.6619,-0.662,2021-08-25,3065.51,0.0,3045.0,-20.51,-20.51,-20.51,-20.51,calc,merkel3,1422
2021-08-24,2021-08-26,DE0001102556,Bund,fixed,0.0,2028-11-15,Auk,False,3000.0,2479.7,520.3,104.85,-0.65,-0.65,2021-04-29,2599.97,0.0,2479.7,-120.27,-120.27,-120.27,-120.27,calc,merkel3,1423
2021-09-01,2021-09-08,DE0001102572,Bund,fixed,0.0,2052-08-15,Syn,True,5500.0,5000.0,500.0,95.204,0.159,0.16,2021-09-08,4760.2,0.0,5000.0,239.8,239.8,239.8,239.8,calc,merkel3,1425
2021-09-01,2021-09-03,DE0001141844,Bobl,fixed,0.0,2026-10-09,Auk,False,4000.0,3296.2,703.8,103.57,-0.69,-0.69,2021-07-09,3413.87,0.0,3296.2,-117.67,-117.67,-117.67,-117.67,calc,merkel3,1424
2021-09-06,2021-09-08,DE0001030328,Bubill,zero,0.0,2021-12-15,M-A,False,3000.0,2558.0,442.0,100.17978,-0.6592,-0.659,,2562.6,0.0,2558.0,-4.6,-4.6,-4.6,-4.6,calc,merkel3,1426
2021-09-06,2021-09-08,DE0001030385,Bubill,zero,0.0,2022-06-22,M-A,False,3000.0,2780.0,220.0,100.53111,-0.6627,-0.663,2021-06-30,2794.76,0.0,2780.0,-14.76,-14.76,-14.76,-14.76,calc,merkel3,1427
2021-09-07,2021-09-09,DE0001030559,ILB,inflation_linked,0.005,2030-04-15,M-A,False,600.0,490.0,110.0,124.34,-2.06,-2.06,2014-04-10,659.96,1.07,702.68,71.43,24.47,120.69,-114.99,proj,merkel3,1428
2021-09-07,2021-09-09,DE0001030575,ILB,inflation_linked,0.001,2046-04-15,M-A,False,100.0,66.0,34.0,154.88,-1.68,-1.68,2015-06-09,111.11,0.03,130.56,22.03,-20.11,82.47,-38.98,proj,merkel3,1429
2021-09-08,2021-09-10,DE0001030732,Green,fixed,0.0,2031-08-15,Auk,True,3500.0,3198.0,302.0,103.81,-0.38,-0.38,2021-09-10,3319.84,0.0,3198.0,-121.84,-121.84,-121.84,-121.84,calc,merkel3,1430
2021-09-08,2021-09-10,DE0001102564,Bund,fixed,0.0,2031-08-15,EB,False,3500.0,0.0,3500.0,,,,2021-06-18,,,,,,,,none,merkel3,1431
2021-09-13,2021-09-15,DE0001030351,Bubill,zero,0.0,2022-03-23,Auk,False,4000.0,3867.0,133.0,100.35623,-0.6761,-0.676,2021-03-24,3880.78,0.0,3867.0,-13.78,-13.78,-13.78,-13.78,calc,merkel3,1432
2021-09-14,2021-09-16,DE0001104859,Schatz,fixed,0.0,2023-09-15,Auk,False,5000.0,3908.4,1091.6,101.42,-0.7,-0.7,2021-08-19,3963.9,0.0,3908.4,-55.5,-55.5,-55.5,-55.5,calc,merkel3,1433
2021-09-20,2021-09-22,DE0001030344,Bubill,zero,0.0,2022-02-23,M-A,False,3000.0,2986.0,14.0,100.29356,-0.6842,-0.684,2021-02-24,2994.77,0.0,2986.0,-8.77,-8.77,-8.77,-8.77,calc,merkel3,1434
2021-09-20,2021-09-22,DE0001030401,Bubill,zero,0.0,2022-08-24,M-A,False,3000.0,2903.0,97.0,100.63525,-0.6763,-0.676,2021-08-25,2921.44,0.0,2903.0,-18.44,-18.44,-18.44,-18.44,calc,merkel3,1435
2021-09-21,2021-09-23,DE0001102556,Bund,fixed,0.0,2028-11-15,Auk,False,3000.0,2469.2,530.8,103.63,-0.5,-0.5,2021-04-29,2558.83,0.0,2469.2,-89.63,-89.63,-89.63,-89.63,calc,merkel3,1436
2021-09-22,2021-09-24,DE0001102549,Bund,fixed,0.0,2036-05-15,Auk,False,2500.0,1862.0,638.0,100.87,-0.06,-0.06,2021-03-05,1878.2,0.0,1862.0,-16.2,-16.2,-16.2,-16.2,calc,merkel3,1437
2021-09-27,2021-09-29,DE0001030419,Bubill,zero,0.0,2022-09-21,Auk,True,4000.0,3076.0,924.0,100.67009,-0.6712,-0.671,2021-09-29,3096.61,0.0,3076.0,-20.61,-20.61,-20.61,-20.61,calc,merkel3,1438
2021-09-29,2021-10-01,DE0001102564,Bund,fixed,0.0,2031-08-15,Auk,False,4000.0,3052.0,948.0,102.16,-0.22,-0.22,2021-06-18,3117.92,0.0,3052.0,-65.92,-65.92,-65.92,-65.92,calc,merkel3,1439
2021-10-04,2021-10-06,DE0001030336,Bubill,zero,0.0,2022-01-19,M-A,False,3500.0,3442.0,58.0,100.22092,-0.7558,-0.756,2021-01-27,3449.6,0.0,3442.0,-7.6,-7.6,-7.6,-7.6,calc,merkel3,1440
2021-10-04,2021-10-06,DE0001030393,Bubill,zero,0.0,2022-07-20,M-A,False,2500.0,2472.0,28.0,100.54275,-0.6771,-0.677,2021-07-28,2485.42,0.0,2472.0,-13.42,-13.42,-13.42,-13.42,calc,merkel3,1441
2021-10-05,2021-10-07,DE0001030575,ILB,inflation_linked,0.001,2046-04-15,M-A,False,200.0,95.0,105.0,155.46,-1.7,-1.7,2015-06-09,160.54,0.05,187.93,31.11,-29.55,118.1,-56.72,proj,merkel3,1443
2021-10-05,2021-10-07,DE0001030583,ILB,inflation_linked,0.001,2033-04-15,M-A,False,500.0,405.0,95.0,126.18,-1.91,-1.91,2021-02-11,524.79,0.27,584.97,66.47,-3.96,144.84,-106.66,proj,merkel3,1442
2021-10-06,2021-10-08,DE0001141844,Bobl,fixed,0.0,2026-10-09,Auk,False,4000.0,3235.25,764.75,102.75,-0.54,-0.54,2021-07-09,3324.22,0.0,3235.25,-88.97,-88.97,-88.97,-88.97,calc,merkel3,1444
2021-10-11,2021-10-13,DE0001030369,Bubill,zero,0.0,2022-04-21,Auk,False,4000.0,3371.0,629.0,100.36945,-0.6974,-0.697,2021-04-28,3383.45,0.0,3371.0,-12.45,-12.45,-12.45,-12.45,calc,merkel3,1445
2021-10-12,2021-10-14,DE0001104859,Schatz,fixed,0.0,2023-09-15,Auk,False,5000.0,3915.6,1084.4,101.332,-0.69,-0.69,2021-08-19,3967.76,0.0,3915.6,-52.16,-52.16,-52.16,-52.16,calc,merkel3,1446
2021-10-13,2021-10-15,DE0001102572,Bund,fixed,0.0,2052-08-15,Auk,False,1000.0,815.9,184.1,89.82,0.35,0.35,2021-09-08,732.84,0.0,815.9,83.06,83.06,83.06,83.06,calc,merkel3,1447
2021-10-18,2021-10-20,DE0001030351,Bubill,zero,0.0,2022-03-23,M-A,False,3000.0,2583.0,417.0,100.29507,-0.6877,-0.688,2021-03-24,2590.62,0.0,2583.0,-7.62,-7.62,-7.62,-7.62,calc,merkel3,1448
2021-10-18,2021-10-20,DE0001030419,Bubill,zero,0.0,2022-09-21,M-A,False,3000.0,2728.0,272.0,100.62708,-0.6677,-0.668,2021-09-29,2745.11,0.0,2728.0,-17.11,-17.11,-17.11,-17.11,calc,merkel3,1449
2021-10-20,2021-10-22,DE0001030732,Green,fixed,0.0,2031-08-15,Auk,False,3000.0,1649.0,1351.0,101.54,-0.16,-0.16,2021-09-10,1674.39,0.0,1649.0,-25.39,-25.39,-25.39,-25.39,calc,merkel3,1450
2021-10-20,2021-10-22,DE0001102564,Bund,fixed,0.0,2031-08-15,EB,False,3000.0,0.0,3000.0,,,,2021-06-18,,,,,,,,none,merkel3,1451
2021-10-25,2021-10-27,DE0001030427,Bubill,zero,0.0,2022-10-19,Auk,True,4000.0,2030.0,1970.0,100.65136,-0.6526,-0.653,2021-10-27,2043.22,0.0,2030.0,-13.22,-13.22,-13.22,-13.22,calc,merkel3,1452
2021-10-26,2021-10-28,DE0001102556,Bund,fixed,0.0,2028-11-15,Auk,False,3000.0,2360.75,639.25,102.24,-0.31,-0.31,2021-04-29,2413.63,0.0,2360.75,-52.88,-52.88,-52.88,-52.88,calc,merkel3,1453
2021-10-27,2021-10-29,DE0001102549,Bund,fixed,0.0,2036-05-15,Auk,False,2000.0,1509.0,491.0,99.73,0.02,0.02,2021-03-05,1504.93,0.0,1509.0,4.07,4.07,4.07,4.07,calc,merkel3,1454
2021-11-01,2021-11-03,DE0001030344,Bubill,zero,0.0,2022-02-23,M-A,False,4500.0,4318.0,182.0,100.2354,-0.7549,-0.755,2021-02-24,4328.16,0.0,4318.0,-10.16,-10.16,-10.16,-10.16,calc,merkel3,1455
2021-11-01,2021-11-03,DE0001030401,Bubill,zero,0.0,2022-08-24,M-A,False,1500.0,1465.0,35.0,100.548,-0.6674,-0.667,2021-08-25,1473.03,0.0,1465.0,-8.03,-8.03,-8.03,-8.03,calc,merkel3,1456
2021-11-02,2021-11-04,DE0001030559,ILB,inflation_linked,0.005,2030-04-15,M-A,False,400.0,344.0,56.0,123.52,-2.03,-2.03,2014-04-10,462.1,1.04,493.31,51.37,18.4,85.95,-78.26,proj,merkel3,1457
2021-11-02,2021-11-04,DE0001030583,ILB,inflation_linked,0.001,2033-04-15,M-A,False,400.0,274.0,126.0,125.32,-1.86,-1.86,2021-02-11,353.83,0.21,395.75,46.19,-1.46,99.21,-70.0,proj,merkel3,1458
2021-11-03,2021-11-05,DE0001141844,Bobl,fixed,0.0,2026-10-09,Auk,False,4000.0,3270.0,730.0,102.51,-0.5,-0.5,2021-07-09,3352.08,0.0,3270.0,-82.08,-82.08,-82.08,-82.08,calc,merkel3,1459
2021-11-08,2021-11-10,DE0001030377,Bubill,zero,0.0,2022-05-18,Auk,False,4000.0,3819.0,181.0,100.3864,-0.7332,-0.733,2021-05-27,3833.76,0.0,3819.0,-14.76,-14.76,-14.76,-14.76,calc,merkel3,1460
2021-11-09,2021-11-11,DE0001104867,Schatz,fixed,0.0,2023-12-15,Auk,True,6000.0,4777.0,1223.0,101.493,-0.71,-0.71,2021-11-11,4848.32,0.0,4777.0,-71.32,-71.32,-71.32,-71.32,calc,merkel3,1461
2021-11-10,2021-11-12,DE0001102564,Bund,fixed,0.0,2031-08-15,Auk,False,3000.0,2462.0,538.0,102.84,-0.29,-0.29,2021-06-18,2531.92,0.0,2462.0,-69.92,-69.92,-69.92,-69.92,calc,merkel3,1462
2021-11-15,2021-11-17,DE0001030369,Bubill,zero,0.0,2022-04-21,M-A,False,3000.0,2681.0,319.0,100.34668,-0.8024,-0.802,2021-04-28,2690.29,0.0,2681.0,-9.29,-9.29,-9.29,-9.29,calc,merkel3,1463
2021-11-15,2021-11-17,DE0001030427,Bubill,zero,0.0,2022-10-19,M-A,False,3000.0,2201.0,799.0,100.69777,-0.7424,-0.742,2021-10-27,2216.36,0.0,2201.0,-15.36,-15.36,-15.36,-15.36,calc,merkel3,1464
2021-11-17,2021-11-19,DE0001102572,Bund,fixed,0.0,2052-08-15,Auk,False,1000.0,693.0,307.0,97.49,0.08,0.08,2021-09-08,675.61,0.0,693.0,17.39,17.39,17.39,17.39,calc,merkel3,1465
2021-11-22,2021-11-24,DE0001030435,Bubill,zero,0.0,2022-11-23,Auk,True,3000.0,2792.0,208.0,100.76989,-0.7556,-0.756,2021-11-24,2813.5,0.0,2792.0,-21.5,-21.5,-21.5,-21.5,calc,merkel3,1466
2021-11-24,2021-11-26,DE0001102549,Bund,fixed,0.0,2036-05-15,Auk,False,2000.0,980.0,1020.0,100.83,-0.06,-0.06,2021-03-05,988.13,0.0,980.0,-8.13,-8.13,-8.13,-8.13,calc,merkel3,1467
2021-11-29,2021-12-01,DE0001030385,Bubill,zero,0.0,2022-06-22,M-A,False,3000.0,2730.0,270.0,100.47499,-0.8384,-0.838,2021-06-30,2742.97,0.0,2730.0,-12.97,-12.97,-12.97,-12.97,calc,merkel3,1468
2021-11-29,2021-12-01,DE0001030419,Bubill,zero,0.0,2022-09-21,M-A,False,3000.0,2402.0,598.0,100.62616,-0.762,-0.762,2021-09-29,2417.04,0.0,2402.0,-15.04,-15.04,-15.04,-15.04,calc,merkel3,1469
2021-11-30,2021-12-02,DE0001102556,Bund,fixed,0.0,2028-11-15,Auk,False,3000.0,2308.0,692.0,103.73,-0.53,-0.53,2021-04-29,2394.09,0.0,2308.0,-86.09,-86.09,-86.09,-86.09,calc,merkel3,1470
2021-12-01,2021-12-03,DE0001141844,Bobl,fixed,0.0,2026-10-09,Auk,False,3000.0,2464.05,535.95,102.88,-0.58,-0.58,2021-07-09,2535.01,0.0,2464.05,-70.96,-70.96,-70.96,-70.96,calc,merkel3,1471
2021-12-06,2021-12-08,DE0001030377,Bubill,zero,0.0,2022-05-18,M-A,False,2000.0,1451.0,549.0,100.35439,-0.7896,-0.79,2021-05-27,1456.14,0.0,1451.0,-5.14,-5.14,-5.14,-5.14,calc,merkel3,1472
2021-12-06,2021-12-08,DE0001030435,Bubill,zero,0.0,2022-11-23,M-A,False,4000.0,3509.0,491.0,100.72296,-0.7383,-0.738,2021-11-24,3534.37,0.0,3509.0,-25.37,-25.37,-25.37,-25.37,calc,merkel3,1473
2021-12-07,2021-12-09,DE0001104867,Schatz,fixed,0.0,2023-12-15,Auk,False,4000.0,3277.0,723.0,101.446,-0.71,-0.71,2021-11-11,3324.39,0.0,3277.0,-47.39,-47.39,-47.39,-47.39,calc,merkel3,1474
2021-12-08,2021-12-10,DE0001102564,Bund,fixed,0.0,2031-08-15,Auk,False,3000.0,2496.85,503.15,103.8,-0.38,-0.38,2021-06-18,2591.73,0.0,2496.85,-94.88,-94.88,-94.88,-94.88,calc,scholz,1475
2021-12-13,2021-12-15,DE0001030351,Bubill,zero,0.0,2022-03-23,M-A,False,3000.0,2216.0,784.0,100.19546,-0.7166,-0.717,2021-03-24,2220.33,0.0,2216.0,-4.33,-4.33,-4.33,-4.33,calc,scholz,1476
2021-12-13,2021-12-15,DE0001030443,Bubill,zero,0.0,2022-12-14,M-A,True,3000.0,930.0,2070.0,100.69687,-0.6844,-0.684,2021-12-15,936.48,0.0,930.0,-6.48,-6.48,-6.48,-6.48,calc,scholz,1477
2022-01-03,2022-01-05,DE0001030393,Bubill,zero,0.0,2022-07-20,Auk,False,3000.0,1815.0,1185.0,100.34037,-0.623,-0.623,2021-07-28,1821.18,0.0,1815.0,-6.18,-6.18,-6.18,-6.18,calc,scholz,1478
2022-01-04,2022-01-06,DE0001104867,Schatz,fixed,0.0,2023-12-15,Auk,False,5000.0,3957.0,1043.0,101.212,-0.62,-0.62,2021-11-11,4004.96,0.0,3957.0,-47.96,-47.96,-47.96,-47.96,calc,scholz,1479
2022-01-05,2022-01-07,DE0001030575,ILB,inflation_linked,0.001,2046-04-15,EB,False,500.0,0.0,500.0,,,,2015-06-09,,,,,,,,none,scholz,1481
2022-01-05,2022-01-07,DE0001102580,Bund,fixed,0.0,2032-02-15,Auk,True,4000.0,3129.8,870.2,100.95,-0.09,-0.09,2022-01-07,3159.53,0.0,3129.8,-29.73,-29.73,-29.73,-29.73,calc,scholz,1480
2022-01-10,2022-01-12,DE0001030369,Bubill,zero,0.0,2022-04-21,M-A,False,4000.0,3830.0,170.0,100.17677,-0.6417,-0.642,2021-04-28,3836.77,0.0,3830.0,-6.77,-6.77,-6.77,-6.77,calc,scholz,1482
2022-01-10,2022-01-12,DE0001030427,Bubill,zero,0.0,2022-10-19,M-A,False,2000.0,1863.0,137.0,100.49212,-0.6296,-0.63,2021-10-27,1872.17,0.0,1863.0,-9.17,-9.17,-9.17,-9.17,calc,scholz,1483
2022-01-11,2022-01-13,DE0001030583,ILB,inflation_linked,0.001,2033-04-15,Auk,False,750.0,630.0,120.0,123.93,-1.8,-1.8,2021-02-11,816.55,0.61,909.95,103.19,-6.37,225.09,-154.37,proj,scholz,1484
2022-01-12,2022-01-14,DE0001102572,Bund,fixed,0.0,2052-08-15,Auk,False,1500.0,1256.0,244.0,91.86,0.28,0.28,2021-09-08,1153.76,0.0,1256.0,102.24,102.24,102.24,102.24,calc,scholz,1485
2022-01-17,2022-01-19,DE0001030807,Bubill,zero,0.0,2023-01-18,Auk,True,3000.0,2726.0,274.0,100.65293,-0.6416,-0.642,2022-01-19,2743.8,0.0,2726.0,-17.8,-17.8,-17.8,-17.8,calc,scholz,1486
2022-01-18,2022-01-20,DE0001141851,Bobl,fixed,0.0,2027-04-16,Auk,True,4000.0,3220.0,780.0,101.54,-0.29,-0.29,2022-01-20,3269.59,0.0,3220.0,-49.59,-49.59,-49.59,-49.59,calc,scholz,1487
2022-01-19,2022-01-21,DE0001102549,Bund,fixed,0.0,2036-05-15,Auk,False,1500.0,1325.8,174.2,97.84,0.15,0.15,2021-03-05,1297.16,0.0,1325.8,28.64,28.64,28.64,28.64,calc,scholz,1488
2022-01-24,2022-01-26,DE0001030385,Bubill,zero,0.0,2022-06-22,M-A,False,3000.0,2960.0,40.0,100.2789,-0.6811,-0.681,2021-06-30,2968.26,0.0,2960.0,-8.26,-8.26,-8.26,-8.26,calc,scholz,1489
2022-01-24,2022-01-26,DE0001030443,Bubill,zero,0.0,2022-12-14,M-A,False,3000.0,2915.0,85.0,100.60916,-0.6769,-0.677,2021-12-15,2932.76,0.0,2915.0,-17.76,-17.76,-17.76,-17.76,calc,scholz,1490
2022-01-26,2022-01-28,DE0001102580,Bund,fixed,0.0,2032-02-15,Auk,False,4000.0,3344.0,656.0,100.78,-0.08,-0.08,2022-01-07,3370.08,0.0,3344.0,-26.08,-26.08,-26.08,-26.08,calc,scholz,1491
2022-02-01,2022-02-03,DE0001104875,Schatz,fixed,0.0,2024-03-15,Auk,True,6000.0,4846.0,1154.0,101.066,-0.5,-0.5,2022-02-03,4897.66,0.0,4846.0,-51.66,-51.66,-51.66,-51.66,calc,scholz,1492
2022-02-07,2022-02-09,DE0001030377,Bubill,zero,0.0,2022-05-18,M-A,False,3000.0,2929.0,71.0,100.18651,-0.6839,-0.684,2021-05-27,2934.46,0.0,2929.0,-5.46,-5.46,-5.46,-5.46,calc,scholz,1493
2022-02-07,2022-02-09,DE0001030435,Bubill,zero,0.0,2022-11-23,M-A,False,3000.0,1215.0,1785.0,100.46104,-0.5757,-0.576,2021-11-24,1220.6,0.0,1215.0,-5.6,-5.6,-5.6,-5.6,calc,scholz,1494
2022-02-08,2022-02-10,DE0001030567,ILB,inflation_linked,0.001,2026-04-15,M-A,False,500.0,412.8,87.2,109.35,-2.02,-2.02,2015-03-12,498.2,0.38,533.59,37.92,37.92,37.92,37.92,calc,scholz,1495
2022-02-08,2022-02-10,DE0001030575,ILB,inflation_linked,0.001,2046-04-15,M-A,False,200.0,176.65,23.35,150.83,-1.6,-1.6,2015-06-09,296.22,0.16,349.45,60.15,-52.64,221.91,-98.84,proj,scholz,1496
2022-02-09,2022-02-11,DE0001102481,Bund,fixed,0.0,2050-08-15,Auk,False,1500.0,1266.0,234.0,89.43,0.39,0.39,2019-08-21,1132.18,0.0,1266.0,133.82,133.82,133.82,133.82,calc,scholz,1497
2022-02-14,2022-02-16,DE0001030401,Bubill,zero,0.0,2022-08-24,Auk,False,3000.0,2886.0,114.0,100.36201,-0.6871,-0.687,2021-08-25,2896.45,0.0,2886.0,-10.45,-10.45,-10.45,-10.45,calc,scholz,1498
2022-02-15,2022-02-17,DE0001141851,Bobl,fixed,0.0,2027-04-16,Auk,False,4000.0,3247.0,753.0,99.78,0.04,0.04,2022-01-20,3239.86,0.0,3247.0,7.14,7.14,7.14,7.14,calc,scholz,1499
2022-02-16,2022-02-18,DE0001102580,Bund,fixed,0.0,2032-02-15,Auk,False,4000.0,3272.55,727.45,96.98,0.31,0.31,2022-01-07,3173.72,0.0,3272.55,98.83,98.83,98.83,98.83,calc,scholz,1500
2022-02-21,2022-02-23,DE0001030815,Bubill,zero,0.0,2023-02-22,Auk,True,3000.0,2845.0,155.0,100.63561,-0.6247,-0.625,2022-02-23,2863.08,0.0,2845.0,-18.08,-18.08,-18.08,-18.08,calc,scholz,1501
2022-02-23,2022-02-25,DE0001102549,Bund,fixed,0.0,2036-05-15,Auk,False,1500.0,1283.0,217.0,94.82,0.37,0.37,2021-03-05,1216.54,0.0,1283.0,66.46,66.46,66.46,66.46,calc,scholz,1502
2022-02-28,2022-03-02,DE0001030393,Bubill,zero,0.0,2022-07-20,M-A,False,3000.0,2673.0,327.0,100.28338,-0.7266,-0.727,2021-07-28,2680.57,0.0,2673.0,-7.57,-7.57,-7.57,-7.57,calc,scholz,1503
2022-02-28,2022-03-02,DE0001030807,Bubill,zero,0.0,2023-01-18,M-A,False,3000.0,2690.0,310.0,100.59033,-0.6561,-0.656,2022-01-19,2705.88,0.0,2690.0,-15.88,-15.88,-15.88,-15.88,calc,scholz,1504
2022-03-01,2022-03-03,DE0001102572,Bund,fixed,0.0,2052-08-15,Syn,False,4000.0,4000.0,0.0,90.733,0.32,0.32,2021-09-08,3629.32,0.0,4000.0,370.68,370.68,370.68,370.68,calc,scholz,1505
2022-03-02,2022-03-04,DE0001030708,Green,fixed,0.0,2030-08-15,Auk,False,1500.0,1440.85,59.15,101.72,-0.2,-0.2,2020-09-09,1465.63,0.0,1440.85,-24.78,-24.78,-24.78,-24.78,calc,scholz,1506
2022-03-02,2022-03-04,DE0001102507,Bund,fixed,0.0,2030-08-15,EB,False,1500.0,0.0,1500.0,,,,2020-06-19,,,,,,,,none,scholz,1507
2022-03-03,2022-03-07,DE0001104875,Schatz,fixed,0.0,2024-03-15,EB,False,2500.0,0.0,2500.0,,,,2022-02-03,,,,,,,,none,scholz,1508
2022-03-07,2022-03-09,DE0001030385,Bubill,zero,0.0,2022-06-22,M-A,False,3000.0,2932.0,68.0,100.22395,-0.7661,-0.766,2021-06-30,2938.57,0.0,2932.0,-6.57,-6.57,-6.57,-6.57,calc,scholz,1509
2022-03-07,2022-03-09,DE0001030443,Bubill,zero,0.0,2022-12-14,M-A,False,3000.0,2145.0,855.0,100.53817,-0.6882,-0.688,2021-12-15,2156.54,0.0,2145.0,-11.54,-11.54,-11.54,-11.54,calc,scholz,1510
2022-03-08,2022-03-10,DE0001030559,ILB,inflation_linked,0.005,2030-04-15,M-A,False,350.0,334.0,16.0,129.82,-2.74,-2.74,2014-04-10,482.98,1.67,478.97,15.56,-16.45,49.14,-101.96,proj,scholz,1511
2022-03-08,2022-03-10,DE0001030583,ILB,inflation_linked,0.001,2033-04-15,M-A,False,400.0,212.0,188.0,132.8,-2.44,-2.44,2021-02-11,296.84,0.24,306.2,12.66,-24.21,53.68,-72.22,proj,scholz,1512
2022-03-14,2022-03-16,DE0001030419,Bubill,zero,0.0,2022-09-21,Auk,False,3000.0,1757.0,1243.0,100.37203,-0.706,-0.706,2021-09-29,1763.54,0.0,1757.0,-6.54,-6.54,-6.54,-6.54,calc,scholz,1513
2022-03-15,2022-03-17,DE0001104875,Schatz,fixed,0.0,2024-03-15,Auk,False,5500.0,4403.0,1097.0,100.717,-0.36,-0.36,2022-02-03,4434.57,0.0,4403.0,-31.57,-31.57,-31.57,-31.57,calc,scholz,1514
2022-03-16,2022-03-18,DE0001102580,Bund,fixed,0.0,2032-02-15,Auk,False,4000.0,3427.0,573.0,96.28,0.38,0.38,2022-01-07,3299.52,0.0,3427.0,127.48,127.48,127.48,127.48,calc,scholz,1515
2022-03-21,2022-03-23,DE0001030823,Bubill,zero,0.0,2023-03-22,Auk,True,3000.0,1630.0,1370.0,100.56673,-0.5573,-0.557,2022-03-23,1639.24,0.0,1630.0,-9.24,-9.24,-9.24,-9.24,calc,scholz,1516
2022-03-22,2022-03-24,DE0001141851,Bobl,fixed,0.0,2027-04-16,Auk,False,4000.0,3324.8,675.2,98.93,0.21,0.21,2022-01-20,3289.22,0.0,3324.8,35.58,35.58,35.58,35.58,calc,scholz,1517
2022-03-28,2022-03-30,DE0001030401,Bubill,zero,0.0,2022-08-24,M-A,False,3000.0,1636.0,1364.0,100.2609,-0.6373,-0.637,2021-08-25,1640.27,0.0,1636.0,-4.27,-4.27,-4.27,-4.27,calc,scholz,1518
2022-03-28,2022-03-30,DE0001030815,Bubill,zero,0.0,2023-02-22,M-A,False,3000.0,547.0,2453.0,100.49813,-0.5424,-0.542,2022-02-23,549.72,0.0,547.0,-2.72,-2.72,-2.72,-2.72,calc,scholz,1519
2022-04-04,2022-04-06,DE0001030393,Bubill,zero,0.0,2022-07-20,M-A,False,3000.0,2770.0,230.0,100.19356,-0.6624,-0.662,2021-07-28,2775.36,0.0,2770.0,-5.36,-5.36,-5.36,-5.36,calc,scholz,1520
2022-04-04,2022-04-06,DE0001030807,Bubill,zero,0.0,2023-01-18,M-A,False,3000.0,2410.0,590.0,100.39823,-0.4975,-0.498,2022-01-19,2419.6,0.0,2410.0,-9.6,-9.6,-9.6,-9.6,calc,scholz,1521
2022-04-05,2022-04-07,DE0001030559,ILB,inflation_linked,0.005,2030-04-15,M-A,False,500.0,432.0,68.0,124.98,-2.3,-2.3,2014-04-10,604.09,2.35,619.51,40.73,-0.67,84.15,-109.35,proj,scholz,1522
2022-04-05,2022-04-07,DE0001030575,ILB,inflation_linked,0.001,2046-04-15,M-A,False,100.0,47.0,53.0,160.57,-1.87,-1.87,2015-06-09,84.57,0.05,92.97,10.25,-19.76,53.29,-31.64,proj,scholz,1523
2022-04-11,2022-04-13,DE0001030427,Bubill,zero,0.0,2022-10-19,M-A,False,3000.0,2719.0,281.0,100.28363,-0.5387,-0.539,2021-10-27,2726.71,0.0,2719.0,-7.71,-7.71,-7.71,-7.71,calc,scholz,1524
2022-04-11,2022-04-13,DE0001030831,Bubill,zero,0.0,2023-04-13,M-A,True,3000.0,2615.0,385.0,100.34327,-0.3374,-0.337,2022-04-13,2623.98,0.0,2615.0,-8.98,-8.98,-8.98,-8.98,calc,scholz,1525
2022-04-12,2022-04-14,DE0001104875,Schatz,fixed,0.0,2024-03-15,Auk,False,5500.0,4453.0,1047.0,99.7,0.16,0.16,2022-02-03,4439.64,0.0,4453.0,13.36,13.36,13.36,13.36,calc,scholz,1526
2022-04-13,2022-04-19,DE0001102580,Bund,fixed,0.0,2032-02-15,Auk,False,4000.0,3274.2,725.8,92.21,0.83,0.83,2022-01-07,3019.14,0.0,3274.2,255.06,255.06,255.06,255.06,calc,scholz,1527
2022-04-19,2022-04-21,DE0001141851,Bobl,fixed,0.0,2027-04-16,Auk,False,4000.0,3283.5,716.5,96.87,0.64,0.64,2022-01-20,3180.73,0.0,3283.5,102.77,102.77,102.77,102.77,calc,scholz,1528
2022-04-20,2022-04-22,DE0001102341,Bund,fixed,0.025,2046-08-15,Auk,False,1000.0,859.2,140.8,133.5,0.95,0.95,2014-02-28,1161.74,14.71,859.2,234.46,234.46,234.46,234.46,calc,scholz,1529
2022-04-25,2022-04-27,DE0001030419,Bubill,zero,0.0,2022-09-21,M-A,False,3500.0,3210.0,290.0,100.24793,-0.6057,-0.606,2021-09-29,3217.96,0.0,3210.0,-7.96,-7.96,-7.96,-7.96,calc,scholz,1530
2022-04-25,2022-04-27,DE0001030823,Bubill,zero,0.0,2023-03-22,M-A,False,2500.0,982.0,1518.0,100.28417,-0.3101,-0.31,2022-03-23,984.79,0.0,982.0,-2.79,-2.79,-2.79,-2.79,calc,scholz,1531
2022-04-27,2022-04-29,DE0001102598,Bund,fixed,0.01,2038-05-15,Auk,True,2000.0,1703.6,296.4,100.18,0.99,0.99,2022-04-29,1706.67,0.0,1703.6,270.26,270.26,270.26,270.26,calc,scholz,1532
2022-05-02,2022-05-04,DE0001030401,Bubill,zero,0.0,2022-08-24,M-A,False,3000.0,2330.0,670.0,100.19637,-0.63,-0.63,2021-08-25,2334.58,0.0,2330.0,-4.58,-4.58,-4.58,-4.58,calc,scholz,1533
2022-05-02,2022-05-04,DE0001030815,Bubill,zero,0.0,2023-02-22,M-A,False,3000.0,1791.0,1209.0,100.25535,-0.3119,-0.312,2022-02-23,1795.57,0.0,1791.0,-4.57,-4.57,-4.57,-4.57,calc,scholz,1534
2022-05-03,2022-05-05,DE0001030583,ILB,inflation_linked,0.001,2033-04-15,Auk,False,750.0,560.0,190.0,122.23,-1.73,-1.73,2021-02-11,731.91,0.03,808.84,84.95,-12.44,193.3,-130.47,proj,scholz,1535
2022-05-04,2022-05-06,DE0001030732,Green,fixed,0.0,2031-08-15,Auk,False,1500.0,1464.0,36.0,91.73,0.93,0.93,2021-09-10,1342.93,0.0,1464.0,121.07,121.07,121.07,121.07,calc,scholz,1536
2022-05-04,2022-05-06,DE0001102564,Bund,fixed,0.0,2031-08-15,EB,False,1500.0,0.0,1500.0,,,,2021-06-18,,,,,,,,none,scholz,1537
2022-05-09,2022-05-11,DE0001030435,Bubill,zero,0.0,2022-11-23,Auk,False,3000.0,1445.0,1555.0,100.21187,-0.3883,-0.388,2021-11-24,1448.06,0.0,1445.0,-3.06,-3.06,-3.06,-3.06,calc,scholz,1538
2022-05-10,2022-05-12,DE0001141851,Bobl,fixed,0.0,2027-04-16,Auk,False,3000.0,2413.5,586.5,96.47,0.73,0.73,2022-01-20,2328.3,0.0,2413.5,85.2,85.2,85.2,85.2,calc,scholz,1539
2022-05-11,2022-05-13,DE0001102580,Bund,fixed,0.0,2032-02-15,Auk,False,4000.0,3229.5,770.5,91.06,0.96,0.96,2022-01-07,2940.78,0.0,3229.5,288.72,288.72,288.72,288.72,calc,scholz,1540
2022-05-16,2022-05-18,DE0001030849,Bubill,zero,0.0,2023-05-17,Auk,True,3000.0,1914.0,1086.0,100.10799,-0.1067,-0.107,2022-05-18,1916.07,0.0,1914.0,-2.07,-2.07,-2.07,-2.07,calc,scholz,1541
2022-05-17,2022-05-19,DE0001104883,Schatz,fixed,0.002,2024-06-14,Auk,True,6000.0,4115.0,1885.0,99.822,0.29,0.29,2022-05-19,4107.68,0.0,4115.0,24.37,24.37,24.37,24.37,calc,scholz,1542
2022-05-18,2022-05-20,DE0001102572,Bund,fixed,0.0,2052-08-15,Auk,False,1500.0,1342.0,158.0,70.58,1.16,1.16,2021-09-08,947.18,0.0,1342.0,394.82,394.82,394.82,394.82,calc,scholz,1543
2022-05-23,2022-05-25,DE0001030427,Bubill,zero,0.0,2022-10-19,M-A,False,4500.0,4325.0,175.0,100.15475,-0.3784,-0.378,2021-10-27,4331.69,0.0,4325.0,-6.69,-6.69,-6.69,-6.69,calc,scholz,1544
2022-05-23,2022-05-25,DE0001030831,Bubill,zero,0.0,2023-04-13,M-A,False,1500.0,917.0,583.0,100.05526,-0.0616,-0.062,2022-04-13,917.51,0.0,917.0,-0.51,-0.51,-0.51,-0.51,calc,scholz,1545
2022-05-25,2022-05-27,DE0001102598,Bund,fixed,0.01,2038-05-15,Auk,False,2000.0,1723.8,276.2,97.76,1.15,1.15,2022-04-29,1685.75,0.57,1723.8,313.85,313.85,313.85,313.85,calc,scholz,1546
2022-05-30,2022-06-01,DE0001030419,Bubill,zero,0.0,2022-09-21,M-A,False,3000.0,2949.0,51.0,100.15023,-0.4822,-0.482,2021-09-29,2953.43,0.0,2949.0,-4.43,-4.43,-4.43,-4.43,calc,scholz,1547
2022-05-30,2022-06-01,DE0001030823,Bubill,zero,0.0,2023-03-22,M-A,False,3000.0,2372.0,628.0,100.0306,-0.0375,-0.037,2022-03-23,2372.73,0.0,2372.0,-0.73,-0.73,-0.73,-0.73,calc,scholz,1548
2022-05-31,2022-06-02,DE0001141851,Bobl,fixed,0.0,2027-04-16,Auk,False,3000.0,2462.7,537.3,96.26,0.79,0.79,2022-01-20,2370.6,0.0,2462.7,92.1,92.1,92.1,92.1,calc,scholz,1549
2022-06-01,2022-06-03,DE0001030724,Green,fixed,0.0,2050-08-15,Syn,False,4000.0,4000.0,0.0,68.24,1.365,1.36,2021-05-18,2729.6,0.0,4000.0,1270.4,1270.4,1270.4,1270.4,calc,scholz,1551
2022-06-01,2022-06-03,DE0001102481,Bund,fixed,0.0,2050-08-15,EB,False,4000.0,0.0,4000.0,,,,2019-08-21,,,,,,,,none,scholz,1550
2022-06-07,2022-06-09,DE0001030567,ILB,inflation_linked,0.001,2026-04-15,M-A,False,500.0,419.25,80.75,108.79,-2.07,-2.07,2015-03-12,524.43,0.07,541.93,19.6,19.6,19.6,19.6,calc,scholz,1552
2022-06-07,2022-06-09,DE0001030575,ILB,inflation_linked,0.001,2046-04-15,M-A,False,200.0,167.0,33.0,127.55,-0.93,-0.93,2015-06-09,246.75,0.03,330.36,89.96,-16.67,242.88,-52.48,proj,scholz,1553
2022-06-08,2022-06-10,DE0001102580,Bund,fixed,0.0,2032-02-15,Auk,False,4000.0,3266.2,733.8,87.97,1.33,1.33,2022-01-07,2873.28,0.0,3266.2,392.92,392.92,392.92,392.92,calc,scholz,1554
2022-06-13,2022-06-15,DE0001030443,Bubill,zero,0.0,2022-12-14,Auk,False,3000.0,1767.0,1233.0,100.02632,-0.052,-0.052,2021-12-15,1767.47,0.0,1767.0,-0.47,-0.47,-0.47,-0.47,calc,scholz,1555
2022-06-14,2022-06-16,DE0001104883,Schatz,fixed,0.002,2024-06-14,Auk,False,5500.0,4518.3,981.7,98.088,1.18,1.18,2022-05-19,4431.96,0.05,4518.3,104.41,104.41,104.41,104.41,calc,scholz,1556
2022-06-20,2022-06-22,DE0001030856,Bubill,zero,0.0,2023-06-21,Auk,True,3000.0,2251.0,749.0,99.30467,0.6925,0.693,2022-06-22,2235.35,0.0,2251.0,15.65,15.65,15.65,15.65,calc,scholz,1557
2022-06-22,2022-06-24,DE0001102598,Bund,fixed,0.01,2038-05-15,Auk,False,1500.0,1263.4,236.6,87.67,1.91,1.91,2022-04-29,1109.01,1.38,1263.4,356.54,356.54,356.54,356.54,calc,scholz,1558
2022-06-27,2022-06-29,DE0001030435,Bubill,zero,0.0,2022-11-23,M-A,False,3000.0,2863.0,137.0,100.05177,-0.1267,-0.127,2021-11-24,2864.48,0.0,2863.0,-1.48,-1.48,-1.48,-1.48,calc,scholz,1559
2022-06-27,2022-06-29,DE0001030849,Bubill,zero,0.0,2023-05-17,M-A,False,3000.0,2052.0,948.0,99.56884,0.4841,0.484,2022-05-18,2043.15,0.0,2052.0,8.85,8.85,8.85,8.85,calc,scholz,1560
2022-06-28,2022-06-30,DE0001141869,Bobl,fixed,0.013,2027-10-15,Auk,True,4000.0,3235.2,764.8,99.43,1.41,1.41,2022-06-30,3216.76,0.0,3235.2,241.06,241.06,241.06,241.06,calc,scholz,1561
2022-07-04,2022-07-06,DE0001030427,Bubill,zero,0.0,2022-10-19,M-A,False,4000.0,3929.1,70.9,100.077,-0.2638,-0.264,2021-10-27,3932.13,0.0,3929.1,-3.03,-3.03,-3.03,-3.03,calc,scholz,1562
2022-07-04,2022-07-06,DE0001030831,Bubill,zero,0.0,2023-04-13,M-A,False,2000.0,1024.0,976.0,99.79592,0.262,0.262,2022-04-13,1021.91,0.0,1024.0,2.09,2.09,2.09,2.09,calc,scholz,1563
2022-07-05,2022-07-07,DE0001030575,ILB,inflation_linked,0.001,2046-04-15,EB,False,500.0,0.0,500.0,,,,2015-06-09,,,,,,,,none,scholz,1565
2022-07-05,2022-07-07,DE0001030583,ILB,inflation_linked,0.001,2033-04-15,Auk,False,500.0,415.6,84.4,111.39,-0.9,-0.9,2021-02-11,509.52,0.1,600.28,96.7,24.42,177.11,-50.21,proj,scholz,1564
2022-07-06,2022-07-08,DE0001102606,Bund,fixed,0.017,2032-08-15,Auk,True,5000.0,4009.0,991.0,104.53,1.22,1.22,2022-07-08,4190.61,0.0,4009.0,507.02,507.02,507.02,507.02,calc,scholz,1566
2022-07-11,2022-07-13,DE0001030807,Bubill,zero,0.0,2023-01-18,Auk,False,3000.0,2408.0,592.0,99.9976,0.0046,0.005,2022-01-19,2407.94,0.0,2408.0,0.06,0.06,0.06,0.06,calc,scholz,1567
2022-07-12,2022-07-14,DE0001104883,Schatz,fixed,0.002,2024-06-14,Auk,False,5500.0,4513.0,987.0,99.726,0.34,0.34,2022-05-19,4501.38,0.74,4513.0,29.68,29.68,29.68,29.68,calc,scholz,1568
2022-07-13,2022-07-15,DE0001102572,Bund,fixed,0.0,2052-08-15,Auk,False,1500.0,1324.95,175.05,65.68,1.41,1.41,2021-09-08,870.23,0.0,1324.95,454.72,454.72,454.72,454.72,calc,scholz,1569
2022-07-18,2022-07-20,DE0001030864,Bubill,zero,0.0,2023-07-19,Auk,True,3000.0,2630.2,369.8,99.48155,0.5154,0.515,2022-07-20,2616.56,0.0,2630.2,13.64,13.64,13.64,13.64,calc,scholz,1570
2022-07-19,2022-07-21,DE0001141869,Bobl,fixed,0.013,2027-10-15,Auk,False,4000.0,2684.0,1316.0,101.71,0.96,0.96,2022-06-30,2731.9,2.01,2684.0,136.78,136.78,136.78,136.78,calc,scholz,1571
2022-07-20,2022-07-22,DE0001030708,Green,fixed,0.0,2030-08-15,Auk,False,1500.0,1282.0,218.0,91.89,1.05,1.05,2020-09-09,1178.03,0.0,1282.0,103.97,103.97,103.97,103.97,calc,scholz,1572
2022-07-20,2022-07-22,DE0001102507,Bund,fixed,0.0,2030-08-15,EB,False,1500.0,0.0,1500.0,,,,2020-06-19,,,,,,,,none,scholz,1573
2022-07-25,2022-07-27,DE0001030443,Bubill,zero,0.0,2022-12-14,M-A,False,3000.0,2639.0,361.0,99.92314,0.1978,0.198,2021-12-15,2636.97,0.0,2639.0,2.03,2.03,2.03,2.03,calc,scholz,1574
2022-07-25,2022-07-27,DE0001030856,Bubill,zero,0.0,2023-06-21,M-A,False,3000.0,2500.0,500.0,99.6952,0.3345,0.335,2022-06-22,2492.38,0.0,2500.0,7.62,7.62,7.62,7.62,calc,scholz,1575
2022-07-27,2022-07-29,DE0001102606,Bund,fixed,0.017,2032-08-15,Auk,False,4000.0,3298.25,701.75,107.25,0.94,0.94,2022-07-08,3540.6,3.23,3298.25,324.19,324.19,324.19,324.19,calc,scholz,1576
2022-08-01,2022-08-03,DE0001030435,Bubill,zero,0.0,2022-11-23,M-A,False,3000.0,2740.0,260.0,99.9649,0.1129,0.113,2021-11-24,2739.04,0.0,2740.0,0.96,0.96,0.96,0.96,calc,scholz,1577
2022-08-01,2022-08-03,DE0001030849,Bubill,zero,0.0,2023-05-17,M-A,False,3000.0,1521.0,1479.0,99.77005,0.2891,0.289,2022-05-18,1517.5,0.0,1521.0,3.5,3.5,3.5,3.5,calc,scholz,1578
2022-08-03,2022-08-05,DE0001102598,Bund,fixed,0.01,2038-05-15,Auk,False,1500.0,1232.05,267.95,99.46,1.04,1.04,2022-04-29,1228.16,2.77,1232.05,201.01,201.01,201.01,201.01,calc,scholz,1579
2022-08-09,2022-08-11,DE0001104891,Schatz,fixed,0.004,2024-09-13,Auk,True,6000.0,4612.4,1387.6,99.627,0.58,0.58,2022-08-11,4595.2,0.0,4612.4,55.77,55.77,55.77,55.77,calc,scholz,1580
2022-08-10,2022-08-12,DE0001102432,Bund,fixed,0.0125,2048-08-15,Auk,False,1500.0,1165.0,335.0,103.47,1.1,1.1,2017-09-20,1219.87,14.44,1165.0,338.32,338.32,338.32,338.32,calc,scholz,1581
2022-08-15,2022-08-17,DE0001030815,Bubill,zero,0.0,2023-02-22,Auk,False,3000.0,2464.0,536.0,99.877,0.2346,0.235,2022-02-23,2460.97,0.0,2464.0,3.03,3.03,3.03,3.03,calc,scholz,1582
2022-08-16,2022-08-18,DE0001141869,Bobl,fixed,0.013,2027-10-15,Auk,False,4000.0,3241.5,758.5,102.99,0.71,0.71,2022-06-30,3344.08,5.66,3241.5,120.47,120.47,120.47,120.47,calc,scholz,1583
2022-08-22,2022-08-24,DE0001030872,Bubill,zero,0.0,2023-08-23,Auk,True,3000.0,1985.75,1014.25,99.27324,0.724,0.724,2022-08-24,1971.32,0.0,1985.75,14.43,14.43,14.43,14.43,calc,scholz,1584
2022-08-24,2022-08-26,DE0001102606,Bund,fixed,0.017,2032-08-15,Auk,False,4000.0,3320.1,679.9,103.43,1.33,1.33,2022-07-08,3441.56,7.58,3320.1,448.84,448.84,448.84,448.84,calc,scholz,1585
2022-08-29,2022-08-31,DE0001030807,Bubill,zero,0.0,2023-01-18,M-A,False,4000.0,3726.0,274.0,99.97255,0.0706,0.071,2022-01-19,3724.98,0.0,3726.0,1.02,1.02,1.02,1.02,calc,scholz,1586
2022-08-29,2022-08-31,DE0001030864,Bubill,zero,0.0,2023-07-19,M-A,False,2000.0,1233.0,767.0,99.44039,0.6292,0.629,2022-07-20,1226.1,0.0,1233.0,6.9,6.9,6.9,6.9,calc,scholz,1587
2022-08-31,2022-09-07,DE0001030740,Green,fixed,0.013,2027-10-15,Syn,True,5000.0,4750.0,250.0,99.675,1.365,1.37,2022-09-07,4734.56,0.0,4750.0,330.62,330.62,330.62,330.62,calc,scholz,1589
2022-08-31,2022-09-02,DE0001141869,Bobl,fixed,0.013,2027-10-15,EB,False,5000.0,0.0,5000.0,,,,2022-06-30,,,,,,,,none,scholz,1588
2022-09-05,2022-09-07,DE0001030443,Bubill,zero,0.0,2022-12-14,M-A,False,3000.0,2956.0,44.0,99.95951,0.1488,0.149,2021-12-15,2954.8,0.0,2956.0,1.2,1.2,1.2,1.2,calc,scholz,1590
2022-09-05,2022-09-07,DE0001030856,Bubill,zero,0.0,2023-06-21,M-A,False,2000.0,1842.0,158.0,99.54427,0.5743,0.574,2022-06-22,1833.61,0.0,1842.0,8.39,8.39,8.39,8.39,calc,scholz,1591
2022-09-06,2022-09-08,DE0001030567,ILB,inflation_linked,0.001,2026-04-15,M-A,False,400.0,322.0,78.0,105.79,-1.45,-1.45,2015-03-12,400.11,0.15,416.22,17.73,17.73,17.73,17.73,calc,scholz,1592
2022-09-06,2022-09-08,DE0001030575,ILB,inflation_linked,0.001,2046-04-15,M-A,False,200.0,189.8,10.2,117.97,-0.61,-0.61,2015-06-09,264.96,0.09,375.46,117.72,-3.47,291.52,-39.48,proj,scholz,1593
2022-09-07,2022-09-09,DE0001102598,Bund,fixed,0.01,2038-05-15,Auk,False,1500.0,1257.8,242.2,89.86,1.74,1.74,2022-04-29,1134.29,4.03,1257.8,324.76,324.76,324.76,324.76,calc,scholz,1594
2022-09-12,2022-09-14,DE0001030823,Bubill,zero,0.0,2023-03-22,Auk,False,3000.0,1870.0,1130.0,99.54745,0.8659,0.866,2022-03-23,1861.54,0.0,1870.0,8.46,8.46,8.46,8.46,calc,scholz,1595
2022-09-13,2022-09-15,DE0001104891,Schatz,fixed,0.004,2024-09-13,Auk,False,5500.0,4291.0,1209.0,98.218,1.31,1.31,2022-08-11,4214.63,0.09,4291.0,110.7,110.7,110.7,110.7,calc,scholz,1596
2022-09-14,2022-09-16,DE0001135481,Bund,fixed,0.025,2044-07-04,Auk,False,1000.0,854.55,145.45,112.78,1.79,1.79,2012-04-27,968.09,4.33,854.55,356.46,356.46,356.46,356.46,calc,scholz,1597
2022-09-19,2022-09-21,DE0001030880,Bubill,zero,0.0,2023-09-20,Auk,True,3000.0,2330.0,670.0,98.42302,1.5846,1.585,2022-09-21,2293.26,0.0,2330.0,36.74,36.74,36.74,36.74,calc,scholz,1598
2022-09-21,2022-09-23,DE0001102606,Bund,fixed,0.017,2032-08-15,Auk,False,4000.0,3588.6,411.4,98.48,1.87,1.87,2022-07-08,3546.92,12.87,3588.6,658.09,658.09,658.09,658.09,calc,scholz,1599
2022-09-26,2022-09-28,DE0001030815,Bubill,zero,0.0,2023-02-22,M-A,False,3500.0,3497.0,3.0,99.59475,0.9965,0.996,2022-02-23,3482.83,0.0,3497.0,14.17,14.17,14.17,14.17,calc,scholz,1600
2022-09-26,2022-09-28,DE0001030872,Bubill,zero,0.0,2023-08-23,M-A,False,2500.0,2417.0,83.0,98.38555,1.7956,1.796,2022-08-24,2377.98,0.0,2417.0,39.02,39.02,39.02,39.02,calc,scholz,1601
2022-09-27,2022-09-29,DE0001141869,Bobl,fixed,0.013,2027-10-15,Auk,False,3000.0,2417.5,582.5,96.31,2.08,2.08,2022-06-30,2336.13,7.84,2417.5,247.72,247.72,247.72,247.72,calc,scholz,1602
2022-10-04,2022-10-06,DE0001030583,ILB,inflation_linked,0.001,2033-04-15,Auk,False,400.0,297.0,103.0,104.12,-0.29,-0.29,2021-02-11,346.31,0.16,428.97,86.92,35.27,144.38,-12.44,proj,scholz,1603
2022-10-05,2022-10-07,DE0001102598,Bund,fixed,0.01,2038-05-15,Auk,False,1500.0,1260.65,239.35,85.21,2.12,2.12,2022-04-29,1079.21,5.01,1260.65,383.15,383.15,383.15,383.15,calc,scholz,1604
2022-10-10,2022-10-12,DE0001030807,Bubill,zero,0.0,2023-01-18,M-A,False,5000.0,3920.0,1080.0,99.77837,0.816,0.816,2022-01-19,3911.31,0.0,3920.0,8.69,8.69,8.69,8.69,calc,scholz,1605
2022-10-10,2022-10-12,DE0001030864,Bubill,zero,0.0,2023-07-19,M-A,False,3000.0,1616.0,1384.0,98.72329,1.6627,1.663,2022-07-20,1595.37,0.0,1616.0,20.63,20.63,20.63,20.63,calc,scholz,1606
2022-10-11,2022-10-18,DE0001102614,Bund,fixed,0.018,2053-08-15,Syn,True,4000.0,3000.0,1000.0,88.051,2.349,2.35,2022-10-18,2641.53,0.0,3000.0,2023.0,2023.0,2023.0,2023.0,calc,scholz,1608
2022-10-11,2022-10-13,DE0001104891,Schatz,fixed,0.004,2024-09-13,Auk,False,5500.0,4372.5,1127.5,97.186,1.91,1.91,2022-08-11,4250.9,1.44,4372.5,156.58,156.58,156.58,156.58,calc,scholz,1607
2022-10-12,2022-10-14,DE0001102606,Bund,fixed,0.017,2032-08-15,Auk,False,4000.0,3338.0,662.0,94.55,2.33,2.33,2022-07-08,3171.31,15.24,3338.0,740.05,740.05,740.05,740.05,calc,scholz,1609
2022-10-17,2022-10-19,DE0001030831,Bubill,zero,0.0,2023-04-13,M-A,False,3000.0,1528.0,1472.0,99.31724,1.4062,1.406,2022-04-13,1517.57,0.0,1528.0,10.43,10.43,10.43,10.43,calc,scholz,1610
2022-10-17,2022-10-19,DE0001030898,Bubill,zero,0.0,2023-10-18,M-A,True,3000.0,1380.0,1620.0,98.02799,1.9896,1.99,2022-10-19,1352.79,0.0,1380.0,27.21,27.21,27.21,27.21,calc,scholz,1611
2022-10-18,2022-10-20,DE0001102622,Bund,fixed,0.021,2029-11-15,Auk,True,4000.0,1784.0,2216.0,99.16,2.23,2.23,2022-10-20,1769.01,0.0,1784.0,279.9,279.9,279.9,279.9,calc,scholz,1612
2022-10-21,2022-10-25,DE0001102374,Bund,fixed,0.005,2025-02-15,EB,False,3000.0,0.0,3000.0,,,,2015-01-16,,,,,,,,none,scholz,1613
2022-10-21,2022-10-25,DE0001102382,Bund,fixed,0.01,2025-08-15,EB,False,3000.0,0.0,3000.0,,,,2015-07-17,,,,,,,,none,scholz,1614
2022-10-21,2022-10-25,DE0001102390,Bund,fixed,0.005,2026-02-15,EB,False,3000.0,0.0,3000.0,,,,2016-01-15,,,,,,,,none,scholz,1615
2022-10-21,2022-10-25,DE0001102408,Bund,fixed,0.0,2026-08-15,EB,False,3000.0,0.0,3000.0,,,,2016-07-15,,,,,,,,none,scholz,1616
2022-10-21,2022-10-25,DE0001102424,Bund,fixed,0.005,2027-08-15,EB,False,3000.0,0.0,3000.0,,,,2017-07-14,,,,,,,,none,scholz,1617
2022-10-21,2022-10-25,DE0001102432,Bund,fixed,0.0125,2048-08-15,EB,False,3000.0,0.0,3000.0,,,,2017-09-20,,,,,,,,none,scholz,1626
2022-10-21,2022-10-25,DE0001102440,Bund,fixed,0.005,2028-02-15,EB,False,3000.0,0.0,3000.0,,,,2018-01-12,,,,,,,,none,scholz,1618
2022-10-21,2022-10-25,DE0001102457,Bund,fixed,0.0025,2028-08-15,EB,False,3000.0,0.0,3000.0,,,,2018-07-13,,,,,,,,none,scholz,1619
2022-10-21,2022-10-25,DE0001102465,Bund,fixed,0.0025,2029-02-15,EB,False,3000.0,0.0,3000.0,,,,2019-01-11,,,,,,,,none,scholz,1620
2022-10-21,2022-10-25,DE0001102473,Bund,fixed,0.0,2029-08-15,EB,False,3000.0,0.0,3000.0,,,,2019-07-12,,,,,,,,none,scholz,1621
2022-10-21,2022-10-25,DE0001102499,Bund,fixed,0.0,2030-02-15,EB,False,3000.0,0.0,3000.0,,,,2020-01-10,,,,,,,,none,scholz,1622
2022-10-21,2022-10-25,DE0001102531,Bund,fixed,0.0,2031-02-15,EB,False,3000.0,0.0,3000.0,,,,2021-01-08,,,,,,,,none,scholz,1623
2022-10-21,2022-10-25,DE0001102556,Bund,fixed,0.0,2028-11-15,EB,False,3000.0,0.0,3000.0,,,,2021-04-29,,,,,,,,none,scholz,1630
2022-10-21,2022-10-25,DE0001102572,Bund,fixed,0.0,2052-08-15,EB,False,3000.0,0.0,3000.0,,,,2021-09-08,,,,,,,,none,scholz,1627
2022-10-21,2022-10-25,DE0001102580,Bund,fixed,0.0,2032-02-15,EB,False,3000.0,0.0,3000.0,,,,2022-01-07,,,,,,,,none,scholz,1624
2022-10-21,2022-10-25,DE0001104867,Schatz,fixed,0.0,2023-12-15,EB,False,3000.0,0.0,3000.0,,,,2021-11-11,,,,,,,,none,scholz,1625
2022-10-21,2022-10-25,DE0001141810,Bobl,fixed,0.0,2025-04-11,EB,False,3000.0,0.0,3000.0,,,,2020-01-31,,,,,,,,none,scholz,1628
2022-10-21,2022-10-25,DE0001141836,Bobl,fixed,0.0,2026-04-10,EB,False,3000.0,0.0,3000.0,,,,2021-01-15,,,,,,,,none,scholz,1629
2022-10-24,2022-10-26,DE0001030823,Bubill,zero,0.0,2023-03-22,M-A,False,3000.0,1890.0,1110.0,99.41403,1.4435,1.443,2022-03-23,1878.93,0.0,1890.0,11.07,11.07,11.07,11.07,calc,scholz,1631
2022-10-24,2022-10-26,DE0001030880,Bubill,zero,0.0,2023-09-20,M-A,False,3000.0,1455.0,1545.0,98.07914,2.143,2.143,2022-09-21,1427.05,0.0,1455.0,27.95,27.95,27.95,27.95,calc,scholz,1632
2022-10-25,2022-10-27,DE0001141869,Bobl,fixed,0.013,2027-10-15,Auk,False,4000.0,3244.6,755.4,96.22,2.11,2.11,2022-06-30,3123.34,1.39,3244.6,332.16,332.16,332.16,332.16,calc,scholz,1633
2022-10-31,2022-11-02,DE0001030815,Bubill,zero,0.0,2023-02-22,M-A,False,5000.0,3217.0,1783.0,99.57542,1.3705,1.371,2022-02-23,3203.34,0.0,3217.0,13.66,13.66,13.66,13.66,calc,scholz,1634
2022-10-31,2022-11-02,DE0001030872,Bubill,zero,0.0,2023-08-23,M-A,False,2000.0,1062.0,938.0,98.33091,2.0785,2.078,2022-08-24,1044.27,0.0,1062.0,17.73,17.73,17.73,17.73,calc,scholz,1635
2022-11-01,2022-11-03,DE0001030575,ILB,inflation_linked,0.001,2046-04-15,M-A,False,200.0,171.0,29.0,107.73,-0.22,-0.22,2015-06-09,219.74,0.11,338.27,125.03,15.85,281.62,-15.01,proj,scholz,1637
2022-11-01,2022-11-03,DE0001030583,ILB,inflation_linked,0.001,2033-04-15,M-A,False,300.0,260.0,40.0,104.01,-0.28,-0.28,2021-02-11,304.68,0.16,375.53,74.57,29.36,124.88,-10.66,proj,scholz,1636
2022-11-02,2022-11-04,DE0001030732,Green,fixed,0.0,2031-08-15,Auk,False,1000.0,923.0,77.0,83.56,2.07,2.07,2021-09-10,771.26,0.0,923.0,151.74,151.74,151.74,151.74,calc,scholz,1638
2022-11-02,2022-11-04,DE0001102564,Bund,fixed,0.0,2031-08-15,EB,False,1000.0,0.0,1000.0,,,,2021-06-18,,,,,,,,none,scholz,1639
2022-11-07,2022-11-09,DE0001030831,Bubill,zero,0.0,2023-04-13,M-A,False,2000.0,1547.0,453.0,99.26079,1.7297,1.73,2022-04-13,1535.56,0.0,1547.0,11.44,11.44,11.44,11.44,calc,scholz,1640
2022-11-07,2022-11-09,DE0001030898,Bubill,zero,0.0,2023-10-18,M-A,False,4000.0,3890.0,110.0,97.86316,2.2917,2.292,2022-10-19,3806.88,0.0,3890.0,83.12,83.12,83.12,83.12,calc,scholz,1641
2022-11-08,2022-11-10,DE0001104909,Schatz,fixed,0.022,2024-12-12,Auk,True,6000.0,4590.0,1410.0,99.832,2.28,2.28,2022-11-10,4582.29,0.0,4590.0,218.52,218.52,218.52,218.52,calc,scholz,1642
2022-11-09,2022-11-11,DE0001102606,Bund,fixed,0.017,2032-08-15,Auk,False,4000.0,3446.75,553.25,95.2,2.25,2.25,2022-07-08,3301.53,20.23,3446.75,737.26,737.26,737.26,737.26,calc,scholz,1643
2022-11-14,2022-11-16,DE0001030807,Bubill,zero,0.0,2023-01-18,M-A,False,2000.0,1928.0,72.0,99.81494,1.0594,1.059,2022-01-19,1924.43,0.0,1928.0,3.57,3.57,3.57,3.57,calc,scholz,1644
2022-11-14,2022-11-16,DE0001030849,Bubill,zero,0.0,2023-05-17,M-A,False,3000.0,2923.0,77.0,99.00116,1.9957,1.996,2022-05-18,2893.8,0.0,2923.0,29.2,29.2,29.2,29.2,calc,scholz,1645
2022-11-15,2022-11-17,DE0001102622,Bund,fixed,0.021,2029-11-15,Auk,False,4000.0,3104.5,895.5,99.99,2.1,2.1,2022-10-20,3109.19,5.0,3104.5,456.31,456.31,456.31,456.31,calc,scholz,1646
2022-11-16,2022-11-18,DE0001102598,Bund,fixed,0.01,2038-05-15,Auk,False,1500.0,1274.95,225.05,83.72,2.26,2.26,2022-04-29,1073.92,6.53,1274.95,405.02,405.02,405.02,405.02,calc,scholz,1647
2022-11-21,2022-11-23,DE0001030815,Bubill,zero,0.0,2023-02-22,M-A,False,2000.0,1892.6,107.4,99.6422,1.4206,1.421,2022-02-23,1885.83,0.0,1892.6,6.77,6.77,6.77,6.77,calc,scholz,1648
2022-11-21,2022-11-23,DE0001030906,Bubill,zero,0.0,2023-11-22,M-A,True,3000.0,2797.0,203.0,97.76889,2.2569,2.257,2022-11-23,2734.6,0.0,2797.0,62.4,62.4,62.4,62.4,calc,scholz,1649
2022-11-22,2022-11-24,DE0001141869,Bobl,fixed,0.013,2027-10-15,Auk,False,3000.0,2577.4,422.6,96.79,1.99,2.0,2022-06-30,2498.34,3.67,2577.4,246.59,246.59,246.59,246.59,calc,scholz,1650
2022-11-23,2022-11-25,DE0001102614,Bund,fixed,0.018,2053-08-15,Auk,False,1000.0,907.5,92.5,96.75,1.94,1.94,2022-10-18,879.71,1.7,907.5,531.31,531.31,531.31,531.31,calc,scholz,1651
2022-11-28,2022-11-30,DE0001030823,Bubill,zero,0.0,2023-03-22,M-A,False,5000.0,4951.35,48.65,99.48982,1.6483,1.648,2022-03-23,4926.09,0.0,4951.35,25.26,25.26,25.26,25.26,calc,scholz,1652
2022-11-28,2022-11-30,DE0001030880,Bubill,zero,0.0,2023-09-20,M-A,False,2000.0,1955.8,44.2,98.20512,2.238,2.238,2022-09-21,1920.7,0.0,1955.8,35.1,35.1,35.1,35.1,calc,scholz,1653
2022-11-30,2022-12-02,DE0001102606,Bund,fixed,0.017,2032-08-15,Auk,False,3000.0,2391.0,609.0,97.77,1.95,1.95,2022-07-08,2354.05,16.37,2391.0,447.65,447.65,447.65,447.65,calc,scholz,1654
2022-12-05,2022-12-07,DE0001030831,Bubill,zero,0.0,2023-04-13,M-A,False,2500.0,2434.6,65.4,99.41901,1.6565,1.657,2022-04-13,2420.46,0.0,2434.6,14.14,14.14,14.14,14.14,calc,scholz,1655
2022-12-05,2022-12-07,DE0001030856,Bubill,zero,0.0,2023-06-21,M-A,False,2500.0,2219.0,281.0,98.951,1.9472,1.947,2022-06-22,2195.72,0.0,2219.0,23.28,23.28,23.28,23.28,calc,scholz,1656
2022-12-06,2022-12-08,DE0001104909,Schatz,fixed,0.022,2024-12-12,Auk,False,5000.0,4014.6,985.4,100.17,2.11,2.11,2022-11-10,4028.2,6.78,4014.6,170.79,170.79,170.79,170.79,calc,scholz,1657
2022-12-12,2022-12-14,DE0001030849,Bubill,zero,0.0,2023-05-17,M-A,False,2000.0,1960.0,40.0,99.16948,1.9577,1.958,2022-05-18,1943.72,0.0,1960.0,16.28,16.28,16.28,16.28,calc,scholz,1658
2022-12-12,2022-12-14,DE0001030906,Bubill,zero,0.0,2023-11-22,M-A,False,2000.0,1533.0,467.0,97.79765,2.3636,2.364,2022-11-23,1499.24,0.0,1533.0,33.76,33.76,33.76,33.76,calc,scholz,1659
2023-01-04,2023-01-06,DE0001104909,Schatz,fixed,0.022,2024-12-12,Auk,False,5000.0,4486.5,513.5,99.285,2.58,2.58,2022-11-10,4469.84,15.41,4486.5,222.72,222.72,222.72,222.72,calc,scholz,1660
2023-01-05,2023-01-09,DE0001030575,ILB,inflation_linked,0.001,2046-04-15,EB,False,500.0,0.0,500.0,,,,2015-06-09,,,,,,,,none,scholz,1661
2023-01-09,2023-01-11,DE0001030864,Bubill,zero,0.0,2023-07-19,Auk,False,3000.0,2960.0,40.0,98.6851,2.5379,2.538,2022-07-20,2921.08,0.0,2960.0,38.92,38.92,38.92,38.92,calc,scholz,1662
2023-01-10,2023-01-12,DE0001030583,ILB,inflation_linked,0.001,2033-04-15,Auk,False,500.0,308.0,192.0,99.38,0.16,0.16,2021-02-11,354.06,0.27,444.86,95.21,41.64,154.8,3.41,proj,scholz,1663
2023-01-11,2023-01-13,DE000BU2Z007,Bund,fixed,0.023,2033-02-15,Auk,True,5000.0,4507.7,492.3,100.41,2.25,2.25,2023-01-13,4526.18,0.0,4507.7,1027.66,1027.66,1027.66,1027.66,calc,scholz,1664
2023-01-16,2023-01-18,DE000BU0E014,Bubill,zero,0.0,2024-01-17,Auk,True,5000.0,4206.0,794.0,97.32039,2.7231,2.723,2023-01-18,4093.3,0.0,4206.0,112.7,112.7,112.7,112.7,calc,scholz,1665
2023-01-17,2023-01-19,DE000BU25000,Bobl,fixed,0.022,2028-04-13,Auk,True,5000.0,4040.0,960.0,99.92,2.22,2.22,2023-01-19,4036.77,0.0,4040.0,468.09,468.09,468.09,468.09,calc,scholz,1666
2023-01-18,2023-01-20,DE0001102481,Bund,fixed,0.0,2050-08-15,M-A,False,1000.0,805.25,194.75,58.42,1.97,1.97,2019-08-21,470.43,0.0,805.25,334.82,334.82,334.82,334.82,calc,scholz,1667
2023-01-18,2023-01-20,DE0001102614,Bund,fixed,0.018,2053-08-15,M-A,False,1500.0,1206.25,293.75,94.36,2.05,2.05,2022-10-18,1143.81,5.59,1206.25,731.72,731.72,731.72,731.72,calc,scholz,1668
2023-01-23,2023-01-25,DE0001030831,Bubill,zero,0.0,2023-04-13,M-A,False,2000.0,1978.5,21.5,99.538,2.1422,2.142,2022-04-13,1969.36,0.0,1978.5,9.14,9.14,9.14,9.14,calc,scholz,1669
2023-01-23,2023-01-25,DE0001030898,Bubill,zero,0.0,2023-10-18,M-A,False,3000.0,2955.0,45.0,98.0486,2.6936,2.694,2022-10-19,2897.34,0.0,2955.0,57.66,57.66,57.66,57.66,calc,scholz,1670
2023-01-24,2023-01-26,DE0001030716,Green,fixed,0.0,2025-10-10,Auk,False,1500.0,1429.6,70.4,94.05,2.29,2.29,2020-11-06,1344.54,0.0,1429.6,85.06,85.06,85.06,85.06,calc,scholz,1671
2023-01-24,2023-01-26,DE0001141828,Bobl,fixed,0.0,2025-10-10,EB,False,1500.0,0.0,1500.0,,,,2020-07-10,,,,,,,,none,scholz,1672
2023-01-25,2023-01-27,DE0001102598,Bund,fixed,0.01,2038-05-15,M-A,False,1500.0,1192.35,307.65,84.71,2.19,2.19,2022-04-29,1018.44,8.4,1192.35,364.69,364.69,364.69,364.69,calc,scholz,1673
2023-01-25,2023-01-27,DE0001135481,Bund,fixed,0.025,2044-07-04,M-A,False,1000.0,831.3,168.7,106.76,2.1,2.1,2012-04-27,899.28,11.79,831.3,389.23,389.23,389.23,389.23,calc,scholz,1674
2023-01-30,2023-02-01,DE0001030856,Bubill,zero,0.0,2023-06-21,M-A,False,2000.0,1860.0,140.0,99.05148,2.4624,2.462,2022-06-22,1842.36,0.0,1860.0,17.64,17.64,17.64,17.64,calc,scholz,1675
2023-01-30,2023-02-01,DE000BU0E006,Bubill,zero,0.0,2023-12-13,M-A,True,3000.0,2325.0,675.0,97.64481,2.7566,2.757,,2270.24,0.0,2325.0,54.76,54.76,54.76,54.76,calc,scholz,1676
2023-01-31,2023-02-02,DE000BU22007,Schatz,fixed,0.025,2025-03-13,Auk,True,6000.0,4929.0,1071.0,99.712,2.64,2.64,2023-02-02,4914.8,0.0,4929.0,273.81,273.81,273.81,273.81,calc,scholz,1677
2023-02-01,2023-02-03,DE000BU2Z007,Bund,fixed,0.023,2033-02-15,Auk,False,5000.0,4019.25,980.75,100.22,2.27,2.27,2023-01-13,4033.41,5.32,4019.25,918.62,918.62,918.62,918.62,calc,scholz,1678
2023-02-06,2023-02-08,DE0001030849,Bubill,zero,0.0,2023-05-17,M-A,False,1000.0,957.5,42.5,99.33887,2.4448,2.445,2022-05-18,951.17,0.0,957.5,6.33,6.33,6.33,6.33,calc,scholz,1679
2023-02-06,2023-02-08,DE0001030906,Bubill,zero,0.0,2023-11-22,M-A,False,4000.0,3820.0,180.0,97.8677,2.7329,2.733,2022-11-23,3738.55,0.0,3820.0,81.45,81.45,81.45,81.45,calc,scholz,1680
2023-02-07,2023-02-09,DE0001030567,ILB,inflation_linked,0.001,2026-04-15,M-A,False,500.0,375.0,125.0,99.73,0.19,0.19,2015-03-12,453.92,0.37,484.73,32.69,32.69,32.69,32.69,calc,scholz,1681
2023-02-07,2023-02-09,DE0001030575,ILB,inflation_linked,0.001,2046-04-15,M-A,False,200.0,198.0,2.0,103.99,-0.07,-0.07,2015-06-09,251.78,0.2,391.68,147.44,21.02,328.75,-8.85,proj,scholz,1682
2023-02-08,2023-02-10,DE0001102622,Bund,fixed,0.021,2029-11-15,Auk,False,4000.0,3378.6,621.4,98.48,2.34,2.34,2022-10-20,3349.21,21.97,3378.6,531.1,531.1,531.1,531.1,calc,scholz,1683
2023-02-13,2023-02-15,DE0001030872,Bubill,zero,0.0,2023-08-23,Auk,False,3000.0,2326.0,674.0,98.52174,2.858,2.858,2022-08-24,2291.62,0.0,2326.0,34.38,34.38,34.38,34.38,calc,scholz,1684
2023-02-15,2023-02-17,DE0001102432,Bund,fixed,0.0125,2048-08-15,M-A,False,1000.0,808.3,191.7,79.9,2.3,2.3,2017-09-20,650.98,5.15,808.3,420.02,420.02,420.02,420.02,calc,scholz,1685
2023-02-15,2023-02-17,DE0001102572,Bund,fixed,0.0,2052-08-15,M-A,False,1500.0,1202.0,298.0,51.67,2.26,2.26,2021-09-08,621.07,0.0,1202.0,580.93,580.93,580.93,580.93,calc,scholz,1686
2023-02-20,2023-02-22,DE000BU0E022,Bubill,zero,0.0,2024-02-21,Auk,True,5000.0,4280.0,720.0,96.94097,3.1209,3.121,2023-02-22,4149.07,0.0,4280.0,130.93,130.93,130.93,130.93,calc,scholz,1687
2023-02-21,2023-02-23,DE000BU25000,Bobl,fixed,0.022,2028-04-13,Auk,False,5000.0,4353.5,646.5,98.16,2.59,2.59,2023-01-19,4282.58,9.18,4353.5,571.85,571.85,571.85,571.85,calc,scholz,1688
2023-02-22,2023-02-24,DE000BU2Z007,Bund,fixed,0.023,2033-02-15,Auk,False,5000.0,4260.3,739.7,97.7,2.56,2.56,2023-01-13,4173.59,11.28,4260.3,1075.44,1075.44,1075.44,1075.44,calc,scholz,1689
2023-02-23,2023-02-27,DE0001102614,Bund,fixed,0.018,2053-08-15,Syn,False,4000.0,4000.0,0.0,84.679,2.527,2.53,2022-10-18,3413.2,26.04,4000.0,2806.18,2806.18,2806.18,2806.18,calc,scholz,1690
2023-02-27,2023-03-01,DE0001030864,Bubill,zero,0.0,2023-07-19,M-A,False,2000.0,1705.0,295.0,98.9074,2.8406,2.841,2022-07-20,1686.37,0.0,1705.0,18.63,18.63,18.63,18.63,calc,scholz,1691
2023-02-27,2023-03-01,DE000BU0E014,Bubill,zero,0.0,2024-01-17,M-A,False,4000.0,3215.0,785.0,97.28649,3.1184,3.118,2023-01-18,3127.76,0.0,3215.0,87.24,87.24,87.24,87.24,calc,scholz,1692
2023-02-28,2023-03-02,DE000BU22007,Schatz,fixed,0.025,2025-03-13,Auk,False,6000.0,4901.55,1098.45,98.748,3.14,3.14,2023-02-02,4849.58,9.4,4901.55,310.14,310.14,310.14,310.14,calc,scholz,1693
2023-03-01,2023-03-03,DE0001102598,Bund,fixed,0.01,2038-05-15,M-A,False,1750.0,1551.5,198.5,78.09,2.79,2.79,2022-04-29,1223.98,12.41,1551.5,575.76,575.76,575.76,575.76,calc,scholz,1694
2023-03-01,2023-03-03,DE0001135325,Bund,fixed,0.0425,2039-07-04,M-A,False,750.0,540.0,210.0,119.38,2.76,2.76,2007-01-26,659.87,15.22,540.0,270.28,270.28,270.28,270.28,calc,scholz,1695
2023-03-06,2023-03-08,DE0001030856,Bubill,zero,0.0,2023-06-21,M-A,False,2000.0,1150.0,850.0,99.17252,2.8607,2.861,2022-06-22,1140.48,0.0,1150.0,9.52,9.52,9.52,9.52,calc,scholz,1696
2023-03-06,2023-03-08,DE000BU0E006,Bubill,zero,0.0,2023-12-13,M-A,False,3000.0,1675.0,1325.0,97.5276,3.2594,3.259,,1633.59,0.0,1675.0,41.41,41.41,41.41,41.41,calc,scholz,1697
2023-03-07,2023-03-09,DE0001030583,ILB,inflation_linked,0.001,2033-04-15,Auk,False,500.0,395.0,105.0,99.67,0.13,0.13,2021-02-11,453.24,0.41,570.52,122.93,54.24,199.36,2.98,proj,scholz,1698
2023-03-08,2023-03-10,DE0001102622,Bund,fixed,0.021,2029-11-15,Auk,False,4000.0,3176.6,823.4,95.82,2.79,2.79,2022-10-20,3069.59,25.77,3176.6,578.72,578.72,578.72,578.72,calc,scholz,1699
2023-03-13,2023-03-15,DE0001030880,Bubill,zero,0.0,2023-09-20,Auk,False,3000.0,2913.75,86.25,98.492,2.9164,2.916,2022-09-21,2869.81,0.0,2913.75,43.94,43.94,43.94,43.94,calc,scholz,1700
2023-03-14,2023-03-16,DE000BU25000,Bobl,fixed,0.022,2028-04-13,Auk,False,5000.0,4206.1,793.9,98.89,2.43,2.44,2023-01-19,4173.61,14.2,4206.1,516.46,516.46,516.46,516.46,calc,scholz,1701
2023-03-15,2023-03-17,DE0001102481,Bund,fixed,0.0,2050-08-15,M-A,False,1000.0,753.8,246.2,54.55,2.24,2.24,2019-08-21,411.2,0.0,753.8,342.6,342.6,342.6,342.6,calc,scholz,1702
2023-03-15,2023-03-17,DE0001102614,Bund,fixed,0.018,2053-08-15,M-A,False,1500.0,1232.0,268.0,88.74,2.32,2.32,2022-10-18,1102.39,9.11,1232.0,813.18,813.18,813.18,813.18,calc,scholz,1703
2023-03-20,2023-03-22,DE000BU0E030,Bubill,zero,0.0,2024-03-20,Auk,True,5000.0,2195.0,2805.0,97.40387,2.636,2.636,2023-03-22,2138.01,0.0,2195.0,56.99,56.99,56.99,56.99,calc,scholz,1704
2023-03-21,2023-03-23,DE0001030740,Green,fixed,0.013,2027-10-15,Auk,False,1500.0,1374.0,126.0,96.22,2.18,2.18,2022-09-07,1329.84,7.78,1374.0,133.47,133.47,133.47,133.47,calc,scholz,1705
2023-03-21,2023-03-23,DE0001141869,Bobl,fixed,0.013,2027-10-15,EB,False,1500.0,0.0,1500.0,,,,2022-06-30,,,,,,,,none,scholz,1706
2023-03-22,2023-03-24,DE000BU2Z007,Bund,fixed,0.023,2033-02-15,Auk,False,5000.0,4224.2,775.8,99.81,2.32,2.32,2023-01-13,4234.81,18.63,4224.2,969.74,969.74,969.74,969.74,calc,scholz,1707
2023-03-27,2023-03-29,DE0001030872,Bubill,zero,0.0,2023-08-23,M-A,False,1500.0,1245.0,255.0,98.8345,2.8879,2.888,2022-08-24,1230.49,0.0,1245.0,14.51,14.51,14.51,14.51,calc,scholz,1708
2023-03-27,2023-03-29,DE000BU0E022,Bubill,zero,0.0,2024-02-21,M-A,False,4500.0,4417.0,83.0,97.41146,2.9077,2.908,2023-02-22,4302.66,0.0,4417.0,114.34,114.34,114.34,114.34,calc,scholz,1709
2023-03-28,2023-03-30,DE000BU22007,Schatz,fixed,0.025,2025-03-13,Auk,False,5500.0,4444.0,1056.0,99.76,2.62,2.62,2023-02-02,4450.37,17.03,4444.0,227.71,227.71,227.71,227.71,calc,scholz,1710
2023-04-03,2023-04-05,DE0001030864,Bubill,zero,0.0,2023-07-19,M-A,False,2000.0,1952.0,48.0,99.18007,2.8344,2.834,2022-07-20,1935.99,0.0,1952.0,16.01,16.01,16.01,16.01,calc,scholz,1711
2023-04-03,2023-04-05,DE000BU0E014,Bubill,zero,0.0,2024-01-17,M-A,False,4000.0,2950.0,1050.0,97.59704,3.0884,3.088,2023-01-18,2879.11,0.0,2950.0,70.89,70.89,70.89,70.89,calc,scholz,1712
2023-04-04,2023-04-06,DE0001030575,ILB,inflation_linked,0.001,2046-04-15,M-A,False,150.0,82.0,68.0,106.67,-0.18,-0.18,2015-06-09,106.58,0.1,162.21,58.75,6.4,133.84,-6.34,proj,scholz,1714
2023-04-04,2023-04-06,DE0001030583,ILB,inflation_linked,0.001,2033-04-15,M-A,False,450.0,352.0,98.0,102.15,-0.11,-0.11,2021-02-11,413.82,0.39,508.41,99.63,38.42,167.74,-7.42,proj,scholz,1713
2023-04-05,2023-04-11,DE0001102622,Bund,fixed,0.021,2029-11-15,Auk,False,4000.0,3346.4,653.6,98.88,2.28,2.28,2022-10-20,3342.23,33.31,3346.4,501.1,501.1,501.1,501.1,calc,scholz,1715
2023-04-11,2023-04-13,DE000BU25000,Bobl,fixed,0.022,2028-04-13,Auk,False,5000.0,4069.7,930.3,99.73,2.26,2.26,2023-01-19,4058.71,0.0,4069.7,458.66,458.66,458.66,458.66,calc,scholz,1716
2023-04-12,2023-04-14,DE0001102432,Bund,fixed,0.0125,2048-08-15,M-A,False,1000.0,818.5,181.5,79.55,2.33,2.33,2017-09-20,657.9,6.78,818.5,426.61,426.61,426.61,426.61,calc,scholz,1717
2023-04-12,2023-04-14,DE0001102572,Bund,fixed,0.0,2052-08-15,M-A,False,1500.0,1228.0,272.0,51.13,2.31,2.31,2021-09-08,627.88,0.0,1228.0,600.12,600.12,600.12,600.12,calc,scholz,1718
2023-04-17,2023-04-19,DE0001030898,Bubill,zero,0.0,2023-10-18,M-A,False,2000.0,1972.0,28.0,98.47034,3.0727,3.073,2022-10-19,1941.84,0.0,1972.0,30.16,30.16,30.16,30.16,calc,scholz,1719
2023-04-17,2023-04-19,DE000BU0E048,Bubill,zero,0.0,2024-04-17,M-A,True,5000.0,3395.0,1605.0,96.79098,3.279,3.279,2023-04-19,3286.05,0.0,3395.0,108.95,108.95,108.95,108.95,calc,scholz,1720
2023-04-19,2023-04-21,DE000BU2Z007,Bund,fixed,0.023,2033-02-15,Auk,False,4000.0,3206.6,793.4,98.2,2.51,2.51,2023-01-13,3168.68,19.8,3206.6,782.1,782.1,782.1,782.1,calc,scholz,1721
2023-04-24,2023-04-26,DE0001030880,Bubill,zero,0.0,2023-09-20,M-A,False,2000.0,1913.75,86.25,98.73744,3.1315,3.132,2022-09-21,1889.59,0.0,1913.75,24.16,24.16,24.16,24.16,calc,scholz,1722
2023-04-24,2023-04-26,DE000BU0E030,Bubill,zero,0.0,2024-03-20,M-A,False,4000.0,3435.0,565.0,97.05945,3.3151,3.315,2023-03-22,3333.99,0.0,3435.0,101.01,101.01,101.01,101.01,calc,scholz,1723
2023-04-25,2023-04-27,DE000BU22015,Schatz,fixed,0.028,2025-06-12,Auk,True,6000.0,4902.0,1098.0,99.835,2.88,2.88,2023-04-27,4893.91,0.0,4902.0,299.9,299.9,299.9,299.9,calc,scholz,1724
2023-04-25,2023-04-27,DE000BU2Z007,Bund,fixed,0.023,2033-02-15,EB,False,5250.0,0.0,5250.0,,,,2023-01-13,,,,,,,,none,scholz,1725
2023-04-25,2023-05-03,DE000BU3Z005,Green,fixed,0.023,2033-02-15,Syn,True,5250.0,5000.0,250.0,98.708,2.449,2.45,2023-05-03,4935.4,0.0,5000.0,1190.34,1190.34,1190.34,1190.34,calc,scholz,1726
2023-04-26,2023-04-28,DE0001102598,Bund,fixed,0.01,2038-05-15,M-A,False,1750.0,1546.1,203.9,81.32,2.51,2.51,2022-04-29,1272.03,14.74,1546.1,521.45,521.45,521.45,521.45,calc,scholz,1727
2023-04-26,2023-04-28,DE0001135275,Bund,fixed,0.04,2037-01-04,M-A,False,750.0,732.0,18.0,117.71,2.46,2.46,2005-01-26,870.78,9.14,732.0,271.14,271.14,271.14,271.14,calc,scholz,1728
2023-05-02,2023-05-04,DE0001030583,ILB,inflation_linked,0.001,2033-04-15,Auk,False,500.0,410.0,90.0,101.43,-0.04,-0.04,2021-02-11,481.84,0.02,592.19,115.75,44.44,195.08,-5.33,proj,scholz,1729
2023-05-03,2023-05-05,DE0001102622,Bund,fixed,0.021,2029-11-15,Auk,False,3000.0,2549.6,450.4,99.26,2.22,2.22,2022-10-20,2559.63,28.9,2549.6,368.57,368.57,368.57,368.57,calc,scholz,1730
2023-05-08,2023-05-10,DE0001030872,Bubill,zero,0.0,2023-08-23,M-A,False,2000.0,1615.0,385.0,99.14733,2.9486,2.949,2022-08-24,1601.23,0.0,1615.0,13.77,13.77,13.77,13.77,calc,scholz,1731
2023-05-08,2023-05-10,DE000BU0E022,Bubill,zero,0.0,2024-02-21,M-A,False,4000.0,3035.0,965.0,97.55516,3.1436,3.144,2023-02-22,2960.8,0.0,3035.0,74.2,74.2,74.2,74.2,calc,scholz,1732
2023-05-09,2023-05-11,DE000BU25000,Bobl,fixed,0.022,2028-04-13,Auk,False,5000.0,4128.0,872.0,99.65,2.27,2.28,2023-01-19,4120.5,6.95,4128.0,461.58,461.58,461.58,461.58,calc,scholz,1733
2023-05-10,2023-05-12,DE0001102481,Bund,fixed,0.0,2050-08-15,M-A,False,1000.0,792.0,208.0,51.87,2.44,2.44,2019-08-21,410.81,0.0,792.0,381.19,381.19,381.19,381.19,calc,scholz,1734
2023-05-10,2023-05-12,DE0001102614,Bund,fixed,0.018,2053-08-15,M-A,False,1500.0,1232.2,267.8,84.78,2.53,2.53,2022-10-18,1057.18,12.52,1232.2,858.7,858.7,858.7,858.7,calc,scholz,1735
2023-05-15,2023-05-17,DE000BU0E055,Bubill,zero,0.0,2024-05-15,Auk,True,5000.0,4479.0,521.0,96.914,3.1493,3.149,2023-05-17,4340.78,0.0,4479.0,138.22,138.22,138.22,138.22,calc,scholz,1736
2023-05-17,2023-05-19,DE000BU2Z007,Bund,fixed,0.023,2033-02-15,Auk,False,4000.0,3309.5,690.5,99.92,2.31,2.31,2023-01-13,3333.13,26.28,3309.5,744.44,744.44,744.44,744.44,calc,scholz,1737
2023-05-22,2023-05-24,DE0001030906,Bubill,zero,0.0,2023-11-22,Auk,False,3000.0,2976.0,24.0,98.49789,3.0165,3.017,2022-11-23,2931.3,0.0,2976.0,44.7,44.7,44.7,44.7,calc,scholz,1738
2023-05-23,2023-05-25,DE000BU22015,Schatz,fixed,0.028,2025-06-12,Auk,False,6000.0,4888.65,1111.35,99.951,2.82,2.82,2023-04-27,4896.76,10.5,4888.65,282.91,282.91,282.91,282.91,calc,scholz,1739
2023-05-24,2023-05-26,DE0001102598,Bund,fixed,0.01,2038-05-15,M-A,False,1500.0,1177.5,322.5,79.9,2.64,2.64,2022-04-29,941.18,0.35,1177.5,412.95,412.95,412.95,412.95,calc,scholz,1740
2023-05-24,2023-05-26,DE0001135366,Bund,fixed,0.0475,2040-07-04,M-A,False,1000.0,801.0,199.0,128.44,2.66,2.66,2008-07-23,1062.79,33.98,801.0,423.07,423.07,423.07,423.07,calc,scholz,1741
2023-05-30,2023-06-01,DE0001030898,Bubill,zero,0.0,2023-10-18,M-A,False,2000.0,1670.0,330.0,98.82013,3.0923,3.092,2022-10-19,1650.3,0.0,1670.0,19.7,19.7,19.7,19.7,calc,scholz,1742
2023-05-30,2023-06-01,DE000BU0E048,Bubill,zero,0.0,2024-04-17,M-A,False,4000.0,3505.0,495.0,97.17228,3.2636,3.264,2023-04-19,3405.89,0.0,3505.0,99.11,99.11,99.11,99.11,calc,scholz,1743
2023-05-31,2023-06-02,DE0001102622,Bund,fixed,0.021,2029-11-15,Auk,False,3000.0,2504.0,496.0,99.22,2.23,2.23,2022-10-20,2516.88,32.41,2504.0,358.95,358.95,358.95,358.95,calc,scholz,1744
2023-06-05,2023-06-07,DE0001030880,Bubill,zero,0.0,2023-09-20,M-A,False,2000.0,1910.0,90.0,99.08277,3.1739,3.174,2022-09-21,1892.48,0.0,1910.0,17.52,17.52,17.52,17.52,calc,scholz,1745
2023-06-05,2023-06-07,DE000BU0E030,Bubill,zero,0.0,2024-03-20,M-A,False,4000.0,3475.0,525.0,97.40413,3.3429,3.343,2023-03-22,3384.79,0.0,3475.0,90.21,90.21,90.21,90.21,calc,scholz,1746
2023-06-06,2023-06-08,DE0001030575,ILB,inflation_linked,0.001,2046-04-15,M-A,False,200.0,184.6,15.4,103.44,-0.05,-0.05,2015-06-09,236.47,0.03,365.17,135.5,17.63,304.54,-7.19,proj,scholz,1748
2023-06-06,2023-06-08,DE0001030583,ILB,inflation_linked,0.001,2033-04-15,M-A,False,400.0,275.0,125.0,100.94,0.0,0.0,2021-02-11,324.69,0.05,397.2,76.13,28.31,129.34,-2.07,proj,scholz,1747
2023-06-07,2023-06-09,DE0001030716,Green,fixed,0.0,2025-10-10,Auk,False,1000.0,936.2,63.8,94.04,2.66,2.66,2020-11-06,880.4,0.0,936.2,55.8,55.8,55.8,55.8,calc,scholz,1749
2023-06-07,2023-06-09,DE0001141828,Bobl,fixed,0.0,2025-10-10,EB,False,1000.0,0.0,1000.0,,,,2020-07-10,,,,,,,,none,scholz,1750
2023-06-12,2023-06-14,DE000BU0E006,Bubill,zero,0.0,2023-12-13,Auk,False,3000.0,2429.0,571.0,98.33727,3.3445,3.345,,2388.61,0.0,2429.0,40.39,40.39,40.39,40.39,calc,scholz,1751
2023-06-13,2023-06-20,DE0001030757,Green,fixed,0.018,2053-08-15,Syn,True,4500.0,4250.0,250.0,84.651,2.534,2.53,2023-06-20,3597.67,0.0,4250.0,2959.07,2959.07,2959.07,2959.07,calc,scholz,1754
2023-06-13,2023-06-15,DE0001102614,Bund,fixed,0.018,2053-08-15,EB,False,4500.0,0.0,4500.0,,,,2022-10-18,,,,,,,,none,scholz,1753
2023-06-13,2023-06-15,DE000BU25018,Bobl,fixed,0.024,2028-10-19,Auk,True,5000.0,3992.6,1007.4,99.92,2.41,2.41,2023-06-15,3989.41,0.0,3992.6,515.38,515.38,515.38,515.38,calc,scholz,1752
2023-06-14,2023-06-16,DE000BU2Z007,Bund,fixed,0.023,2033-02-15,Auk,False,4000.0,3338.5,661.5,98.89,2.43,2.43,2023-01-13,3333.84,32.4,3338.5,779.46,779.46,779.46,779.46,calc,scholz,1755
2023-06-19,2023-06-21,DE000BU0E063,Bubill,zero,0.0,2024-06-19,Auk,True,5000.0,3335.0,1665.0,96.5628,3.5204,3.52,2023-06-21,3220.37,0.0,3335.0,114.63,114.63,114.63,114.63,calc,scholz,1756
2023-06-20,2023-06-22,DE000BU22015,Schatz,fixed,0.028,2025-06-12,Auk,False,5500.0,4487.75,1012.25,99.338,3.15,3.15,2023-04-27,4477.31,19.27,4487.75,277.59,277.59,277.59,277.59,calc,scholz,1757
2023-06-21,2023-06-23,DE0001102481,Bund,fixed,0.0,2050-08-15,M-A,False,1000.0,810.8,189.2,53.08,2.36,2.36,2019-08-21,430.37,0.0,810.8,380.43,380.43,380.43,380.43,calc,scholz,1758
2023-06-21,2023-06-23,DE0001102572,Bund,fixed,0.0,2052-08-15,M-A,False,1500.0,1191.25,308.75,50.57,2.37,2.37,2021-09-08,602.42,0.0,1191.25,588.83,588.83,588.83,588.83,calc,scholz,1759
2023-06-26,2023-06-28,DE0001030906,Bubill,zero,0.0,2023-11-22,M-A,False,2000.0,1350.0,650.0,98.59002,3.5024,3.502,2022-11-23,1330.97,0.0,1350.0,19.03,19.03,19.03,19.03,calc,scholz,1760
2023-06-26,2023-06-28,DE000BU0E055,Bubill,zero,0.0,2024-05-15,M-A,False,4000.0,3935.0,65.0,96.89829,3.5788,3.579,2023-05-17,3812.95,0.0,3935.0,122.05,122.05,122.05,122.05,calc,scholz,1761
2023-07-03,2023-07-05,DE0001030898,Bubill,zero,0.0,2023-10-18,M-A,False,2000.0,1965.0,35.0,98.99851,3.4684,3.468,2022-10-19,1945.32,0.0,1965.0,19.68,19.68,19.68,19.68,calc,scholz,1762
2023-07-03,2023-07-05,DE000BU0E048,Bubill,zero,0.0,2024-04-17,M-A,False,4000.0,3605.0,395.0,97.18651,3.6313,3.631,2023-04-19,3503.57,0.0,3605.0,101.43,101.43,101.43,101.43,calc,scholz,1763
2023-07-04,2023-07-06,DE0001030583,ILB,inflation_linked,0.001,2033-04-15,Auk,False,500.0,390.0,110.0,99.97,0.1,0.1,2021-02-11,458.35,0.1,563.3,110.08,42.26,185.55,1.45,proj,scholz,1764
2023-07-05,2023-07-07,DE000BU2Z007,Bund,fixed,0.023,2033-02-15,EB,False,1000.0,0.0,1000.0,,,,2023-01-13,,,,,,,,none,scholz,1766
2023-07-05,2023-07-07,DE000BU3Z005,Green,fixed,0.023,2033-02-15,Auk,False,1000.0,979.0,21.0,99.24,2.39,2.39,2023-05-03,975.57,4.01,979.0,223.85,223.85,223.85,223.85,calc,scholz,1765
2023-07-10,2023-07-12,DE000BU0E014,Bubill,zero,0.0,2024-01-17,Auk,False,5000.0,4527.0,473.0,98.13106,3.6277,3.628,2023-01-18,4442.39,0.0,4527.0,84.61,84.61,84.61,84.61,calc,scholz,1767
2023-07-11,2023-07-13,DE000BU25018,Bobl,fixed,0.024,2028-10-19,Auk,False,5000.0,3823.4,1176.6,98.46,2.71,2.71,2023-06-15,3771.56,7.04,3823.4,542.33,542.33,542.33,542.33,calc,scholz,1768
2023-07-12,2023-07-14,DE000BU2Z015,Bund,fixed,0.026,2033-08-15,Auk,True,5000.0,4114.5,885.5,99.61,2.64,2.64,2023-07-14,4098.45,0.0,4114.5,1095.2,1095.2,1095.2,1095.2,calc,scholz,1769
2023-07-17,2023-07-19,DE000BU0E071,Bubill,zero,0.0,2024-07-17,Auk,True,4000.0,3515.0,485.0,96.34755,3.7493,3.749,2023-07-19,3386.62,0.0,3515.0,128.38,128.38,128.38,128.38,calc,scholz,1770
2023-07-18,2023-07-20,DE000BU22023,Schatz,fixed,0.031,2025-09-18,Auk,True,6000.0,4963.25,1036.75,100.059,3.07,3.07,2023-07-20,4966.18,0.0,4963.25,330.09,330.09,330.09,330.09,calc,scholz,1771
2023-07-19,2023-07-21,DE0001102572,Bund,fixed,0.0,2052-08-15,M-A,False,1000.0,772.3,227.7,51.23,2.33,2.33,2021-09-08,395.65,0.0,772.3,376.65,376.65,376.65,376.65,calc,scholz,1772
2023-07-19,2023-07-21,DE0001102614,Bund,fixed,0.018,2053-08-15,M-A,False,1500.0,1203.0,297.0,87.27,2.4,2.4,2022-10-18,1066.23,16.37,1203.0,804.25,804.25,804.25,804.25,calc,scholz,1773
2023-07-24,2023-07-26,DE000BU0E006,Bubill,zero,0.0,2023-12-13,M-A,False,2000.0,1930.0,70.0,98.61434,3.6132,3.613,,1903.26,0.0,1930.0,26.74,26.74,26.74,26.74,calc,scholz,1774
2023-07-24,2023-07-26,DE000BU0E063,Bubill,zero,0.0,2024-06-19,M-A,False,3000.0,2910.0,90.0,96.7719,3.6501,3.65,2023-06-21,2816.06,0.0,2910.0,93.94,93.94,93.94,93.94,calc,scholz,1775
2023-07-26,2023-07-28,DE000BU27006,Bund,fixed,0.024,2030-11-15,Auk,True,4000.0,3186.9,813.1,99.63,2.45,2.46,2023-07-28,3175.11,0.0,3186.9,570.24,570.24,570.24,570.24,calc,scholz,1776
2023-08-02,2023-08-04,DE0001102549,Bund,fixed,0.0,2036-05-15,M-A,False,750.0,609.2,140.8,71.93,2.61,2.61,2021-03-05,438.2,0.0,609.2,171.0,171.0,171.0,171.0,calc,scholz,1777
2023-08-02,2023-08-04,DE0001102598,Bund,fixed,0.01,2038-05-15,M-A,False,1250.0,1104.65,145.35,79.78,2.67,2.67,2022-04-29,883.73,2.44,1104.65,386.61,386.61,386.61,386.61,calc,scholz,1778
2023-08-07,2023-08-09,DE0001030906,Bubill,zero,0.0,2023-11-22,M-A,False,1500.0,1216.0,284.0,98.9822,3.5255,3.525,2022-11-23,1203.62,0.0,1216.0,12.38,12.38,12.38,12.38,calc,scholz,1779
2023-08-07,2023-08-09,DE000BU0E055,Bubill,zero,0.0,2024-05-15,M-A,False,3500.0,3140.0,360.0,97.291,3.58,3.58,2023-05-17,3054.94,0.0,3140.0,85.06,85.06,85.06,85.06,calc,scholz,1780
2023-08-08,2023-08-10,DE000BU25018,Bobl,fixed,0.024,2028-10-19,Auk,False,4000.0,3371.8,628.2,99.51,2.5,2.5,2023-06-15,3367.69,12.42,3371.8,436.66,436.66,436.66,436.66,calc,scholz,1781
2023-08-09,2023-08-11,DE000BU2Z015,Bund,fixed,0.026,2033-08-15,Auk,False,5000.0,4039.35,960.65,101.2,2.46,2.46,2023-07-14,4095.88,8.06,4039.35,1002.91,1002.91,1002.91,1002.91,calc,scholz,1782
2023-08-14,2023-08-16,DE000BU0E022,Bubill,zero,0.0,2024-02-21,Auk,False,4000.0,2673.0,1327.0,98.15398,3.5824,3.582,2023-02-22,2623.66,0.0,2673.0,49.34,49.34,49.34,49.34,calc,scholz,1783
2023-08-15,2023-08-17,DE000BU22023,Schatz,fixed,0.031,2025-09-18,Auk,False,5500.0,4324.3,1175.7,99.943,3.12,3.12,2023-07-20,4332.12,10.28,4324.3,282.32,282.32,282.32,282.32,calc,scholz,1784
2023-08-16,2023-08-18,DE0001102481,Bund,fixed,0.0,2050-08-15,M-A,False,1000.0,787.05,212.95,49.02,2.68,2.68,2019-08-21,385.81,0.0,787.05,401.24,401.24,401.24,401.24,calc,scholz,1785
2023-08-16,2023-08-18,DE0001102572,Bund,fixed,0.0,2052-08-15,M-A,False,1500.0,1266.35,233.65,46.47,2.68,2.68,2021-09-08,588.47,0.0,1266.35,677.88,677.88,677.88,677.88,calc,scholz,1786
2023-08-21,2023-08-23,DE000BU0E089,Bubill,zero,0.0,2024-08-21,Auk,True,4000.0,3781.0,219.0,96.48164,3.6066,3.607,2023-08-23,3647.97,0.0,3781.0,133.03,133.03,133.03,133.03,calc,scholz,1787
2023-08-23,2023-08-25,DE000BU27006,Bund,fixed,0.024,2030-11-15,Auk,False,3000.0,2430.8,569.2,99.15,2.53,2.53,2023-07-28,2414.61,4.48,2430.8,442.14,442.14,442.14,442.14,calc,scholz,1788
2023-08-28,2023-08-30,DE000BU0E014,Bubill,zero,0.0,2024-01-17,M-A,False,2000.0,1665.0,335.0,98.62763,3.5781,3.578,2023-01-18,1642.15,0.0,1665.0,22.85,22.85,22.85,22.85,calc,scholz,1789
2023-08-28,2023-08-30,DE000BU0E071,Bubill,zero,0.0,2024-07-17,M-A,False,3000.0,2755.0,245.0,96.85227,3.6336,3.634,2023-07-19,2668.28,0.0,2755.0,86.72,86.72,86.72,86.72,calc,scholz,1790
2023-08-29,2023-08-31,DE0001102614,Bund,fixed,0.018,2053-08-15,Syn,False,3000.0,3000.0,0.0,82.001,2.682,2.68,2022-10-18,2462.39,2.36,3000.0,2157.61,2157.61,2157.61,2157.61,calc,scholz,1792
2023-08-29,2023-08-31,DE000BU25018,Bobl,fixed,0.024,2028-10-19,Auk,False,4000.0,3393.6,606.4,99.21,2.56,2.56,2023-06-15,3383.97,17.18,3393.6,444.98,444.98,444.98,444.98,calc,scholz,1791
2023-08-30,2023-09-01,DE0001030740,Green,fixed,0.013,2027-10-15,Auk,False,1500.0,1431.45,68.55,94.96,2.61,2.61,2022-09-07,1375.67,16.37,1431.45,148.82,148.82,148.82,148.82,calc,scholz,1793
2023-08-30,2023-09-01,DE0001141869,Bobl,fixed,0.013,2027-10-15,EB,False,1500.0,0.0,1500.0,,,,2022-06-30,,,,,,,,none,scholz,1794
2023-09-04,2023-09-06,DE000BU0E006,Bubill,zero,0.0,2023-12-13,M-A,False,2000.0,1245.0,755.0,99.02871,3.603,3.603,,1232.91,0.0,1245.0,12.09,12.09,12.09,12.09,calc,scholz,1795
2023-09-04,2023-09-06,DE000BU0E063,Bubill,zero,0.0,2024-06-19,M-A,False,3000.0,2438.0,562.0,97.19877,3.615,3.615,2023-06-21,2369.71,0.0,2438.0,68.29,68.29,68.29,68.29,calc,scholz,1796
2023-09-05,2023-09-07,DE0001030575,ILB,inflation_linked,0.001,2046-04-15,M-A,False,200.0,180.21,19.79,97.47,0.21,0.21,2015-06-09,219.18,0.09,356.49,143.94,28.88,308.96,6.29,proj,scholz,1798
2023-09-05,2023-09-07,DE0001030583,ILB,inflation_linked,0.001,2033-04-15,M-A,False,400.0,340.4,59.6,99.16,0.19,0.19,2021-02-11,397.82,0.16,491.66,98.32,39.12,164.18,4.44,proj,scholz,1797
2023-09-06,2023-09-08,DE000BU2Z015,Bund,fixed,0.026,2033-08-15,Auk,False,5000.0,4098.13,901.87,99.77,2.63,2.63,2023-07-14,4095.69,6.99,4098.13,1067.95,1067.95,1067.95,1067.95,calc,scholz,1799
2023-09-11,2023-09-13,DE000BU0E030,Bubill,zero,0.0,2024-03-20,Auk,False,4000.0,3850.0,150.0,98.1122,3.665,3.665,2023-03-22,3777.32,0.0,3850.0,72.68,72.68,72.68,72.68,calc,scholz,1800
2023-09-12,2023-09-14,DE000BU22023,Schatz,fixed,0.031,2025-09-18,Auk,False,5500.0,4459.6,1040.4,99.991,3.1,3.1,2023-07-20,4480.41,21.21,4459.6,278.41,278.41,278.41,278.41,calc,scholz,1801
2023-09-13,2023-09-15,DE0001102572,Bund,fixed,0.0,2052-08-15,M-A,False,1000.0,809.74,190.26,45.89,2.73,2.73,2021-09-08,371.59,0.0,809.74,438.15,438.15,438.15,438.15,calc,scholz,1802
2023-09-13,2023-09-15,DE0001102614,Bund,fixed,0.018,2053-08-15,M-A,False,1500.0,1208.9,291.1,80.1,2.79,2.79,2022-10-18,970.17,1.84,1208.9,891.53,891.53,891.53,891.53,calc,scholz,1803
2023-09-18,2023-09-20,DE000BU0E097,Bubill,zero,0.0,2024-09-18,Auk,True,4000.0,3765.0,235.0,96.36562,3.73,3.73,2023-09-20,3628.17,0.0,3765.0,136.83,136.83,136.83,136.83,calc,scholz,1804
2023-09-25,2023-09-27,DE000BU0E022,Bubill,zero,0.0,2024-02-21,M-A,False,2000.0,1563.0,437.0,98.48947,3.756,3.756,2023-02-22,1539.39,0.0,1563.0,23.61,23.61,23.61,23.61,calc,scholz,1805
2023-09-25,2023-09-27,DE000BU0E089,Bubill,zero,0.0,2024-08-21,M-A,False,3000.0,2610.0,390.0,96.69587,3.739,3.739,2023-08-23,2523.76,0.0,2610.0,86.24,86.24,86.24,86.24,calc,scholz,1806
2023-09-26,2023-09-28,DE000BU25018,Bobl,fixed,0.024,2028-10-19,Auk,False,4000.0,3250.0,750.0,98.29,2.76,2.76,2023-06-15,3216.86,22.44,3250.0,450.06,450.06,450.06,450.06,calc,scholz,1807
2023-09-27,2023-09-29,DE000BU2Z015,Bund,fixed,0.026,2033-08-15,Auk,False,4000.0,3247.4,752.6,98.46,2.78,2.78,2023-07-14,3207.77,10.38,3247.4,883.95,883.95,883.95,883.95,calc,scholz,1808
2023-10-02,2023-10-04,DE000BU0E014,Bubill,zero,0.0,2024-01-17,M-A,False,3000.0,1825.0,1175.0,98.92636,3.721,3.721,2023-01-18,1805.41,0.0,1825.0,19.59,19.59,19.59,19.59,calc,scholz,1809
2023-10-02,2023-10-04,DE000BU0E071,Bubill,zero,0.0,2024-07-17,M-A,False,2000.0,1865.0,135.0,97.10772,3.736,3.736,2023-07-19,1811.06,0.0,1865.0,53.94,53.94,53.94,53.94,calc,scholz,1810
2023-10-04,2023-10-06,DE000BU27006,Bund,fixed,0.024,2030-11-15,Auk,False,3000.0,2392.0,608.0,96.86,2.89,2.9,2023-07-28,2327.9,11.01,2392.0,483.26,483.26,483.26,483.26,calc,scholz,1811
2023-10-09,2023-10-11,DE000BU0E048,Bubill,zero,0.0,2024-04-17,Auk,False,2000.0,1525.0,475.0,98.06573,3.757,3.757,2023-04-19,1495.5,0.0,1525.0,29.5,29.5,29.5,29.5,calc,scholz,1812
2023-10-10,2023-10-12,DE0001030575,ILB,inflation_linked,0.001,2046-04-15,M-A,False,200.0,138.0,62.0,90.26,0.56,0.56,2015-06-09,155.63,0.08,272.99,122.45,34.33,248.82,17.23,proj,scholz,1814
2023-10-10,2023-10-12,DE0001030583,ILB,inflation_linked,0.001,2033-04-15,M-A,False,400.0,326.0,74.0,97.01,0.42,0.42,2021-02-11,373.19,0.19,470.86,101.96,45.27,165.04,12.49,proj,scholz,1813
2023-10-11,2023-10-13,DE0001102432,Bund,fixed,0.0125,2048-08-15,M-A,False,1000.0,806.3,193.7,71.15,2.89,2.89,2017-09-20,575.31,1.62,806.3,482.96,482.96,482.96,482.96,calc,scholz,1815
2023-10-11,2023-10-13,DE0001102572,Bund,fixed,0.0,2052-08-15,M-A,False,1500.0,1226.07,273.93,44.26,2.87,2.87,2021-09-08,542.66,0.0,1226.07,683.41,683.41,683.41,683.41,calc,scholz,1816
2023-10-16,2023-10-18,DE000BU0E105,Bubill,zero,0.0,2024-10-16,Auk,True,3000.0,2760.0,240.0,96.40226,3.691,3.691,2023-10-18,2660.7,0.0,2760.0,99.3,99.3,99.3,99.3,calc,scholz,1817
2023-10-17,2023-10-19,DE000BU22031,Schatz,fixed,0.031,2025-12-12,Auk,True,5000.0,4017.92,982.08,99.947,3.12,3.12,2023-10-19,4015.79,0.0,4017.92,269.67,269.67,269.67,269.67,calc,scholz,1818
2023-10-18,2023-10-20,DE000BU2Z015,Bund,fixed,0.026,2033-08-15,Auk,False,4000.0,3268.88,731.12,97.44,2.9,2.9,2023-07-14,3200.52,15.33,3268.88,918.27,918.27,918.27,918.27,calc,scholz,1819
2023-10-23,2023-10-25,DE000BU0E030,Bubill,zero,0.0,2024-03-20,M-A,False,1000.0,860.0,140.0,98.48828,3.759,3.759,2023-03-22,847.0,0.0,860.0,13.0,13.0,13.0,13.0,calc,scholz,1820
2023-10-23,2023-10-25,DE000BU0E097,Bubill,zero,0.0,2024-09-18,M-A,False,3000.0,2763.0,237.0,96.70442,3.729,3.729,2023-09-20,2671.94,0.0,2763.0,91.06,91.06,91.06,91.06,calc,scholz,1821
2023-10-24,2023-10-26,DE000BU25018,Bobl,fixed,0.024,2028-10-19,Auk,False,4000.0,3261.95,738.05,98.55,2.71,2.71,2023-06-15,3243.17,28.52,3261.95,437.23,437.23,437.23,437.23,calc,scholz,1822
2023-10-25,2023-10-27,DE0001102515,Bund,fixed,0.0,2035-05-15,M-A,False,750.0,602.2,147.8,71.53,2.94,2.94,2020-05-13,430.75,0.0,602.2,171.45,171.45,171.45,171.45,calc,scholz,1823
2023-10-25,2023-10-27,DE0001102598,Bund,fixed,0.01,2038-05-15,M-A,False,1250.0,999.24,250.76,76.15,3.05,3.05,2022-04-29,765.43,4.5,999.24,383.7,383.7,383.7,383.7,calc,scholz,1824
2023-10-30,2023-11-01,DE000BU0E022,Bubill,zero,0.0,2024-02-21,M-A,False,2000.0,1720.0,280.0,98.84192,3.766,3.766,2023-02-22,1700.08,0.0,1720.0,19.92,19.92,19.92,19.92,calc,scholz,1825
2023-10-30,2023-11-01,DE000BU0E089,Bubill,zero,0.0,2024-08-21,M-A,False,3000.0,2940.0,60.0,97.06773,3.699,3.699,2023-08-23,2853.79,0.0,2940.0,86.21,86.21,86.21,86.21,calc,scholz,1826
2023-10-31,2023-11-02,DE0001030757,Green,fixed,0.018,2053-08-15,Auk,False,1000.0,993.58,6.42,75.91,3.04,3.04,2023-06-20,760.83,6.6,993.58,772.03,772.03,772.03,772.03,calc,scholz,1827
2023-10-31,2023-11-02,DE0001102614,Bund,fixed,0.018,2053-08-15,EB,False,1000.0,0.0,1000.0,,,,2022-10-18,,,,,,,,none,scholz,1828
2023-11-01,2023-11-03,DE000BU27006,Bund,fixed,0.024,2030-11-15,Auk,False,3000.0,2429.56,570.44,98.09,2.7,2.7,2023-07-28,2398.81,15.66,2429.56,456.49,456.49,456.49,456.49,calc,scholz,1829
2023-11-06,2023-11-08,DE000BU0E055,Bubill,zero,0.0,2024-05-15,Auk,False,2000.0,1506.0,494.0,98.05412,3.78,3.78,2023-05-17,1476.7,0.0,1506.0,29.3,29.3,29.3,29.3,calc,scholz,1830
2023-11-08,2023-11-10,DE000BU2Z015,Bund,fixed,0.026,2033-08-15,Auk,False,4000.0,3303.64,696.36,99.67,2.64,2.64,2023-07-14,3313.16,20.42,3303.64,849.43,849.43,849.43,849.43,calc,scholz,1831
2023-11-13,2023-11-15,DE000BU0E048,Bubill,zero,0.0,2024-04-17,M-A,False,2000.0,1485.0,515.0,98.41536,3.764,3.764,2023-04-19,1461.47,0.0,1485.0,23.53,23.53,23.53,23.53,calc,scholz,1832
2023-11-13,2023-11-15,DE000BU0E105,Bubill,zero,0.0,2024-10-16,M-A,False,2000.0,1772.0,228.0,96.71691,3.637,3.637,2023-10-18,1713.82,0.0,1772.0,58.18,58.18,58.18,58.18,calc,scholz,1833
2023-11-14,2023-11-16,DE000BU22031,Schatz,fixed,0.031,2025-12-12,Auk,False,5000.0,4108.5,891.5,100.059,3.06,3.06,2023-10-19,4120.69,9.77,4108.5,261.38,261.38,261.38,261.38,calc,scholz,1834
2023-11-15,2023-11-17,DE0001102572,Bund,fixed,0.0,2052-08-15,M-A,False,1000.0,810.0,190.0,45.75,2.76,2.76,2021-09-08,370.57,0.0,810.0,439.43,439.43,439.43,439.43,calc,scholz,1835
2023-11-15,2023-11-17,DE0001102614,Bund,fixed,0.018,2053-08-15,M-A,False,1000.0,805.75,194.25,79.88,2.81,2.81,2022-10-18,647.36,3.72,805.75,593.5,593.5,593.5,593.5,calc,scholz,1836
2023-11-20,2023-11-22,DE000BU0E113,Bubill,zero,0.0,2024-11-20,Auk,True,3000.0,2555.0,445.0,96.5208,3.565,3.565,2023-11-22,2466.11,0.0,2555.0,88.89,88.89,88.89,88.89,calc,scholz,1837
2023-11-21,2023-11-23,DE000BU25018,Bobl,fixed,0.024,2028-10-19,Auk,False,3500.0,2829.7,670.3,99.26,2.56,2.56,2023-06-15,2838.7,29.94,2829.7,354.01,354.01,354.01,354.01,calc,scholz,1838
2023-11-22,2023-11-24,DE0001102515,Bund,fixed,0.0,2035-05-15,M-A,False,500.0,414.22,85.78,74.08,2.65,2.65,2020-05-13,306.85,0.0,414.22,107.37,107.37,107.37,107.37,calc,scholz,1839
2023-11-22,2023-11-24,DE0001102598,Bund,fixed,0.01,2038-05-15,M-A,False,1000.0,825.96,174.04,79.15,2.77,2.77,2022-04-29,658.1,4.36,825.96,291.75,291.75,291.75,291.75,calc,scholz,1840
2023-11-27,2023-11-29,DE000BU0E030,Bubill,zero,0.0,2024-03-20,M-A,False,2000.0,1435.0,565.0,98.84679,3.75,3.75,2023-03-22,1418.45,0.0,1435.0,16.55,16.55,16.55,16.55,calc,scholz,1841
2023-11-27,2023-11-29,DE000BU0E097,Bubill,zero,0.0,2024-09-18,M-A,False,2000.0,1540.0,460.0,97.11777,3.634,3.634,2023-09-20,1495.61,0.0,1540.0,44.39,44.39,44.39,44.39,calc,scholz,1842
2023-11-29,2023-12-01,DE000BU2Z015,Bund,fixed,0.026,2033-08-15,Auk,False,3500.0,2819.74,680.26,101.31,2.45,2.45,2023-07-14,2878.31,21.63,2819.74,674.56,674.56,674.56,674.56,calc,scholz,1843
2023-12-04,2023-12-06,DE000BU0E055,Bubill,zero,0.0,2024-05-15,M-A,False,2000.0,1245.0,755.0,98.39386,3.65,3.65,2023-05-17,1225.0,0.0,1245.0,20.0,20.0,20.0,20.0,calc,scholz,1844
2023-12-04,2023-12-06,DE000BU0E113,Bubill,zero,0.0,2024-11-20,M-A,False,2000.0,1370.0,630.0,96.87771,3.315,3.315,2023-11-22,1327.22,0.0,1370.0,42.78,42.78,42.78,42.78,calc,scholz,1845
2023-12-05,2023-12-07,DE000BU22031,Schatz,fixed,0.031,2025-12-12,Auk,False,4500.0,3654.71,845.29,100.881,2.64,2.64,2023-10-19,3702.12,15.21,3654.71,195.95,195.95,195.95,195.95,calc,scholz,1846
2023-12-11,2023-12-13,DE000BU0E063,Bubill,zero,0.0,2024-06-19,Auk,False,2000.0,1360.0,640.0,98.13242,3.625,3.625,2023-06-21,1334.6,0.0,1360.0,25.4,25.4,25.4,25.4,calc,scholz,1847
2024-01-03,2024-01-05,DE000BU22031,Schatz,fixed,0.031,2025-12-12,Auk,False,4500.0,3561.8,938.2,101.223,2.44,2.44,2023-10-19,3628.94,23.58,3561.8,170.03,170.03,170.03,170.03,calc,scholz,1848
2024-01-08,2024-01-10,DE000BU0E071,Bubill,zero,0.0,2024-07-17,Auk,False,2000.0,1910.0,90.0,98.15264,3.585,3.585,2023-07-19,1874.72,0.0,1910.0,35.28,35.28,35.28,35.28,calc,scholz,1849
2024-01-10,2024-01-12,DE000BU2Z023,Bund,fixed,0.022,2034-02-15,Auk,True,5000.0,4043.3,956.7,100.06,2.19,2.19,2024-01-12,4045.73,0.0,4043.3,895.39,895.39,895.39,895.39,calc,scholz,1850
2024-01-15,2024-01-17,DE000BU0E139,Bubill,zero,0.0,2025-01-15,Auk,True,3000.0,2957.0,43.0,96.87629,3.189,3.189,2024-01-17,2864.63,0.0,2957.0,92.37,92.37,92.37,92.37,calc,scholz,1851
2024-01-16,2024-01-18,DE000BU25026,Bobl,fixed,0.021,2029-04-12,Auk,True,4000.0,3222.97,777.03,99.88,2.12,2.12,2024-01-18,3219.1,0.0,3222.97,358.0,358.0,358.0,358.0,calc,scholz,1852
2024-01-17,2024-01-19,DE0001102572,Bund,fixed,0.0,2052-08-15,M-A,False,1000.0,746.64,253.36,50.54,2.42,2.42,2021-09-08,377.35,0.0,746.64,369.29,369.29,369.29,369.29,calc,scholz,1853
2024-01-17,2024-01-19,DE0001102614,Bund,fixed,0.018,2053-08-15,M-A,False,1000.0,861.62,138.38,86.51,2.45,2.45,2022-10-18,752.04,6.65,861.62,574.85,574.85,574.85,574.85,calc,scholz,1854
2024-01-22,2024-01-24,DE000BU0E048,Bubill,zero,0.0,2024-04-17,M-A,False,2000.0,1860.0,140.0,99.13098,3.757,3.757,2023-04-19,1843.84,0.0,1860.0,16.16,16.16,16.16,16.16,calc,scholz,1855
2024-01-22,2024-01-24,DE000BU0E105,Bubill,zero,0.0,2024-10-16,M-A,False,2000.0,1805.0,195.0,97.47066,3.512,3.512,2023-10-18,1759.35,0.0,1805.0,45.65,45.65,45.65,45.65,calc,scholz,1856
2024-01-23,2024-01-25,DE0001030740,Green,fixed,0.013,2027-10-15,M-A,False,1000.0,953.76,46.24,96.77,2.21,2.21,2022-09-07,926.41,3.46,953.76,76.95,76.95,76.95,76.95,calc,scholz,1858
2024-01-23,2024-01-25,DE0001030757,Green,fixed,0.018,2053-08-15,M-A,False,1000.0,956.55,43.45,85.98,2.47,2.47,2023-06-20,832.75,10.31,956.55,642.98,642.98,642.98,642.98,calc,scholz,1857
2024-01-24,2024-01-26,DE0001102341,Bund,fixed,0.025,2046-08-15,M-A,False,750.0,602.88,147.12,99.41,2.53,2.53,2014-02-28,606.08,6.75,602.88,343.46,343.46,343.46,343.46,calc,scholz,1860
2024-01-24,2024-01-26,DE0001102598,Bund,fixed,0.01,2038-05-15,M-A,False,1250.0,1001.41,248.59,82.09,2.51,2.51,2022-04-29,829.06,7.0,1001.41,322.56,322.56,322.56,322.56,calc,scholz,1859
2024-01-29,2024-01-31,DE000BU0E063,Bubill,zero,0.0,2024-06-19,M-A,False,2000.0,1750.0,250.0,98.58832,3.682,3.682,2023-06-21,1725.3,0.0,1750.0,24.7,24.7,24.7,24.7,calc,scholz,1861
2024-01-29,2024-01-31,DE000BU0E121,Bubill,zero,0.0,2024-12-11,M-A,True,3000.0,2755.0,245.0,97.21007,3.28,3.28,,2678.14,0.0,2755.0,76.86,76.86,76.86,76.86,calc,scholz,1862
2024-01-30,2024-02-01,DE000BU22049,Schatz,fixed,0.025,2026-03-19,Auk,True,5000.0,4129.25,870.75,100.009,2.49,2.49,2024-02-01,4129.62,0.0,4129.25,219.35,219.35,219.35,219.35,calc,scholz,1863
2024-01-30,2024-02-06,DE000BU2D004,Bund,fixed,0.025,2054-08-15,Syn,True,6000.0,5000.0,1000.0,99.196,2.537,2.54,2024-02-06,4959.8,0.0,5000.0,3855.43,3855.43,3855.43,3855.43,calc,scholz,1864
2024-01-31,2024-02-02,DE000BU2Z023,Bund,fixed,0.022,2034-02-15,Auk,False,4500.0,3606.04,893.96,99.77,2.23,2.23,2024-01-12,3602.31,4.56,3606.04,804.45,804.45,804.45,804.45,calc,scholz,1865
2024-02-05,2024-02-07,DE000BU0E089,Bubill,zero,0.0,2024-08-21,Auk,False,2000.0,1892.5,107.5,98.06982,3.615,3.615,2023-08-23,1855.97,0.0,1892.5,36.53,36.53,36.53,36.53,calc,scholz,1866
2024-02-07,2024-02-09,DE000BU27006,Bund,fixed,0.024,2030-11-15,Auk,False,3000.0,2475.54,524.46,101.13,2.22,2.22,2023-07-28,2517.47,13.96,2475.54,373.96,373.96,373.96,373.96,calc,scholz,1867
2024-02-12,2024-02-14,DE000BU0E055,Bubill,zero,0.0,2024-05-15,M-A,False,2000.0,1745.0,255.0,99.05553,3.772,3.772,2023-05-17,1728.52,0.0,1745.0,16.48,16.48,16.48,16.48,calc,scholz,1868
2024-02-12,2024-02-14,DE000BU0E113,Bubill,zero,0.0,2024-11-20,M-A,False,2000.0,1710.0,290.0,97.3772,3.463,3.463,2023-11-22,1665.15,0.0,1710.0,44.85,44.85,44.85,44.85,calc,scholz,1869
2024-02-13,2024-02-15,DE000BU25026,Bobl,fixed,0.021,2029-04-12,Auk,False,4000.0,3292.7,707.3,99.03,2.3,2.3,2024-01-18,3266.05,5.29,3292.7,388.44,388.44,388.44,388.44,calc,scholz,1870
2024-02-14,2024-02-16,DE0001102614,Bund,fixed,0.018,2053-08-15,M-A,False,1000.0,805.22,194.78,84.96,2.53,2.53,2022-10-18,691.44,7.33,805.22,548.6,548.6,548.6,548.6,calc,scholz,1871
2024-02-14,2024-02-16,DE000BU2D004,Bund,fixed,0.025,2054-08-15,M-A,False,1000.0,852.14,147.86,99.34,2.53,2.53,2024-02-06,847.1,0.58,852.14,655.26,655.26,655.26,655.26,calc,scholz,1872
2024-02-19,2024-02-21,DE000BU0E147,Bubill,zero,0.0,2025-02-19,Auk,True,3000.0,2425.0,575.0,96.71524,3.359,3.359,2024-02-21,2345.34,0.0,2425.0,79.66,79.66,79.66,79.66,calc,scholz,1873
2024-02-20,2024-02-22,DE000BU22049,Schatz,fixed,0.025,2026-03-19,Auk,False,5000.0,4138.36,861.64,99.425,2.79,2.79,2024-02-01,4120.5,5.94,4138.36,238.06,238.06,238.06,238.06,calc,scholz,1874
2024-02-21,2024-02-23,DE000BU2Z023,Bund,fixed,0.022,2034-02-15,Auk,False,4500.0,3712.0,788.0,98.4,2.38,2.38,2024-01-12,3662.0,9.39,3712.0,874.25,874.25,874.25,874.25,calc,scholz,1875
2024-02-26,2024-02-28,DE000BU0E071,Bubill,zero,0.0,2024-07-17,M-A,False,2000.0,1845.0,155.0,98.57472,3.718,3.718,2023-07-19,1818.7,0.0,1845.0,26.3,26.3,26.3,26.3,calc,scholz,1876
2024-02-26,2024-02-28,DE000BU0E139,Bubill,zero,0.0,2025-01-15,M-A,False,3000.0,2295.0,705.0,97.00822,3.448,3.448,2024-01-17,2226.34,0.0,2295.0,68.66,68.66,68.66,68.66,calc,scholz,1877
2024-02-27,2024-02-29,DE0001030724,Green,fixed,0.0,2050-08-15,Auk,False,1000.0,894.0,106.0,51.95,2.51,2.51,2021-05-18,464.43,0.0,894.0,429.57,429.57,429.57,429.57,calc,scholz,1878
2024-02-28,2024-03-01,DE0001102598,Bund,fixed,0.01,2038-05-15,M-A,False,1000.0,813.28,186.72,81.19,2.6,2.6,2022-04-29,666.77,6.47,813.28,268.5,268.5,268.5,268.5,calc,scholz,1879
2024-02-28,2024-03-01,DE0001135432,Bund,fixed,0.0325,2042-07-04,M-A,False,500.0,406.65,93.35,108.62,2.65,2.65,2010-07-21,450.41,8.7,406.65,207.35,207.35,207.35,207.35,calc,scholz,1880
2024-03-04,2024-03-06,DE000BU0E097,Bubill,zero,0.0,2024-09-18,Auk,False,2000.0,1905.0,95.0,98.03057,3.69,3.69,2023-09-20,1867.48,0.0,1905.0,37.52,37.52,37.52,37.52,calc,scholz,1881
2024-03-05,2024-03-07,DE000BU25026,Bobl,fixed,0.021,2029-04-12,Auk,False,4000.0,3315.92,684.08,98.56,2.4,2.4,2024-01-18,3277.49,9.32,3315.92,402.77,402.77,402.77,402.77,calc,scholz,1882
2024-03-05,2024-03-07,DE000BU2D004,Bund,fixed,0.025,2054-08-15,Syn,False,4500.0,4000.0,500.0,99.552,2.52,2.52,2024-02-06,3990.28,8.2,4000.0,3061.91,3061.91,3061.91,3061.91,calc,scholz,1883
2024-03-11,2024-03-13,DE000BU0E063,Bubill,zero,0.0,2024-06-19,M-A,False,2000.0,1780.0,220.0,98.98948,3.75,3.75,2023-06-21,1762.01,0.0,1780.0,17.99,17.99,17.99,17.99,calc,scholz,1884
2024-03-11,2024-03-13,DE000BU0E121,Bubill,zero,0.0,2024-12-11,M-A,False,2000.0,1825.0,175.0,97.39791,3.523,3.523,,1777.51,0.0,1825.0,47.49,47.49,47.49,47.49,calc,scholz,1885
2024-03-12,2024-03-14,DE000BU22049,Schatz,fixed,0.025,2026-03-19,Auk,False,4500.0,3647.42,852.58,99.417,2.8,2.8,2024-02-01,3636.62,10.46,3647.42,204.88,204.88,204.88,204.88,calc,scholz,1886
2024-03-13,2024-03-15,DE000BU2Z023,Bund,fixed,0.022,2034-02-15,Auk,False,4500.0,3738.14,761.86,99.06,2.31,2.31,2024-01-12,3717.18,14.18,3738.14,851.01,851.01,851.01,851.01,calc,scholz,1887
2024-03-18,2024-03-20,DE000BU0E154,Bubill,zero,0.0,2025-03-19,Auk,True,3000.0,2932.1,67.9,96.65002,3.428,3.428,2024-03-20,2833.88,0.0,2932.1,98.22,98.22,98.22,98.22,calc,scholz,1888
2024-03-20,2024-03-22,DE0001102572,Bund,fixed,0.0,2052-08-15,M-A,False,1000.0,813.64,186.36,49.26,2.52,2.52,2021-09-08,400.8,0.0,813.64,412.84,412.84,412.84,412.84,calc,scholz,1890
2024-03-20,2024-03-22,DE0001135481,Bund,fixed,0.025,2044-07-04,M-A,False,1000.0,812.09,187.91,98.33,2.61,2.61,2012-04-27,813.06,14.53,812.09,425.38,425.38,425.38,425.38,calc,scholz,1889
2024-03-25,2024-03-27,DE000BU0E089,Bubill,zero,0.0,2024-08-21,M-A,False,2000.0,1798.0,202.0,98.53107,3.651,3.651,2023-08-23,1771.59,0.0,1798.0,26.41,26.41,26.41,26.41,calc,scholz,1891
2024-03-25,2024-03-27,DE000BU0E147,Bubill,zero,0.0,2025-02-19,M-A,False,2000.0,1922.5,77.5,96.99501,3.39,3.39,2024-02-21,1864.73,0.0,1922.5,57.77,57.77,57.77,57.77,calc,scholz,1892
2024-03-26,2024-03-28,DE0001030716,Green,fixed,0.0,2025-10-10,M-A,False,1000.0,915.02,84.98,95.68,2.92,2.92,2020-11-06,875.49,0.0,915.02,39.53,39.53,39.53,39.53,calc,scholz,1894
2024-03-26,2024-03-28,DE000BU3Z005,Green,fixed,0.023,2033-02-15,M-A,False,1000.0,943.06,56.94,100.0,2.3,2.3,2023-05-03,945.55,2.49,943.06,192.72,192.72,192.72,192.72,calc,scholz,1893
2024-03-27,2024-04-02,DE000BU27006,Bund,fixed,0.024,2030-11-15,Auk,False,3000.0,2460.64,539.36,100.61,2.3,2.3,2023-07-28,2498.08,22.43,2460.64,375.95,375.95,375.95,375.95,calc,scholz,1895
2024-04-02,2024-04-04,DE000BU22049,Schatz,fixed,0.025,2026-03-19,Auk,False,4500.0,3705.15,794.85,99.345,2.84,2.84,2024-02-01,3696.84,15.96,3705.15,205.47,205.47,205.47,205.47,calc,scholz,1896
2024-04-03,2024-04-05,DE000BU2Z023,Bund,fixed,0.022,2034-02-15,Auk,False,4500.0,3682.14,817.86,98.42,2.38,2.38,2024-01-12,3642.57,18.61,3682.14,857.18,857.18,857.18,857.18,calc,scholz,1897
2024-04-08,2024-04-10,DE000BU0E071,Bubill,zero,0.0,2024-07-17,M-A,False,2000.0,1815.0,185.0,99.00229,3.702,3.702,2023-07-19,1796.89,0.0,1815.0,18.11,18.11,18.11,18.11,calc,scholz,1898
2024-04-08,2024-04-10,DE000BU0E139,Bubill,zero,0.0,2025-01-15,M-A,False,2000.0,1983.75,16.25,97.36982,3.473,3.473,2024-01-17,1931.57,0.0,1983.75,52.18,52.18,52.18,52.18,calc,scholz,1899
2024-04-09,2024-04-11,DE000BU25026,Bobl,fixed,0.021,2029-04-12,Auk,False,4000.0,3274.58,725.42,98.55,2.41,2.41,2024-01-18,3242.88,15.78,3274.58,391.5,391.5,391.5,391.5,calc,scholz,1900
2024-04-10,2024-04-12,DE000BU2F009,Bund,fixed,0.026,2041-05-15,Auk,True,2500.0,2008.77,491.23,100.78,2.54,2.54,2024-04-12,2024.44,0.0,2008.77,876.92,876.92,876.92,876.92,calc,scholz,1901
2024-04-15,2024-04-17,DE000BU0E105,Bubill,zero,0.0,2024-10-16,M-A,False,2000.0,1994.3,5.7,98.23204,3.56,3.56,2023-10-18,1959.04,0.0,1994.3,35.26,35.26,35.26,35.26,calc,scholz,1902
2024-04-15,2024-04-17,DE000BU0E162,Bubill,zero,0.0,2025-04-16,M-A,True,3000.0,2800.0,200.0,96.74457,3.328,3.328,2024-04-17,2708.85,0.0,2800.0,91.15,91.15,91.15,91.15,calc,scholz,1903
2024-04-17,2024-04-19,DE0001102481,Bund,fixed,0.0,2050-08-15,M-A,False,1000.0,805.38,194.62,51.11,2.58,2.58,2019-08-21,411.63,0.0,805.38,393.75,393.75,393.75,393.75,calc,scholz,1904
2024-04-17,2024-04-19,DE000BU2D004,Bund,fixed,0.025,2054-08-15,M-A,False,1000.0,802.56,197.44,97.44,2.62,2.62,2024-02-06,786.02,4.0,802.56,628.93,628.93,628.93,628.93,calc,scholz,1905
2024-04-22,2024-04-24,DE000BU0E097,Bubill,zero,0.0,2024-09-18,M-A,False,3000.0,2647.0,353.0,98.55487,3.591,3.591,2023-09-20,2608.75,0.0,2647.0,38.25,38.25,38.25,38.25,calc,scholz,1906
2024-04-22,2024-04-24,DE000BU0E154,Bubill,zero,0.0,2025-03-19,M-A,False,2000.0,1886.0,114.0,96.97009,3.419,3.419,2024-03-20,1828.86,0.0,1886.0,57.14,57.14,57.14,57.14,calc,scholz,1907
2024-04-23,2024-04-25,DE000BU22056,Schatz,fixed,0.029,2026-06-18,Auk,True,5000.0,4069.22,930.78,99.977,2.91,2.91,2024-04-25,4068.28,0.0,4069.22,254.36,254.36,254.36,254.36,calc,scholz,1908
2024-04-24,2024-04-26,DE000BU2Z023,Bund,fixed,0.022,2034-02-15,Auk,False,4000.0,3239.41,760.59,97.04,2.54,2.54,2024-01-12,3163.99,20.46,3239.41,794.73,794.73,794.73,794.73,calc,scholz,1909
2024-04-29,2024-05-02,DE000BU0E089,Bubill,zero,0.0,2024-08-21,M-A,False,2000.0,1485.0,515.0,98.88741,3.649,3.649,2023-08-23,1468.48,0.0,1485.0,16.52,16.52,16.52,16.52,calc,scholz,1910
2024-04-29,2024-05-02,DE000BU0E147,Bubill,zero,0.0,2025-02-19,M-A,False,2000.0,1890.0,110.0,97.27031,3.448,3.448,2024-02-21,1838.41,0.0,1890.0,51.59,51.59,51.59,51.59,calc,scholz,1911
2024-04-30,2024-05-03,DE000BU25026,Bobl,fixed,0.021,2029-04-12,EB,False,1000.0,0.0,1000.0,,,,2024-01-18,,,,,,,,none,scholz,1913
2024-04-30,2024-05-03,DE000BU35025,Green,fixed,0.021,2029-04-12,Auk,True,3000.0,2722.8,277.2,97.9,2.55,2.56,2024-05-03,2665.62,0.0,2722.8,339.78,339.78,339.78,339.78,calc,scholz,1912
2024-05-06,2024-05-08,DE000BU0E113,Bubill,zero,0.0,2024-11-20,Auk,False,2000.0,1765.0,235.0,98.1175,3.524,3.524,2023-11-22,1731.77,0.0,1765.0,33.23,33.23,33.23,33.23,calc,scholz,1914
2024-05-13,2024-05-15,DE000BU0E170,Bubill,zero,0.0,2025-05-14,Auk,True,3000.0,2615.0,385.0,96.70389,3.371,3.371,2024-05-15,2528.81,0.0,2615.0,86.19,86.19,86.19,86.19,calc,scholz,1915
2024-05-14,2024-05-16,DE000BU22056,Schatz,fixed,0.029,2026-06-18,Auk,False,5000.0,4100.32,899.68,99.922,2.93,2.93,2024-04-25,4103.94,6.82,4100.32,251.74,251.74,251.74,251.74,calc,scholz,1916
2024-05-15,2024-05-17,DE0001102614,Bund,fixed,0.018,2053-08-15,M-A,False,1000.0,818.82,181.18,83.47,2.62,2.62,2022-10-18,694.58,11.11,818.82,566.4,566.4,566.4,566.4,calc,scholz,1917
2024-05-15,2024-05-17,DE000BU2D004,Bund,fixed,0.025,2054-08-15,M-A,False,1000.0,845.07,154.93,97.55,2.62,2.62,2024-02-06,830.2,5.83,845.07,659.7,659.7,659.7,659.7,calc,scholz,1918
2024-05-21,2024-05-23,DE000BU25026,Bobl,fixed,0.021,2029-04-12,Auk,False,4000.0,3328.15,671.85,97.92,2.56,2.56,2024-01-18,3283.01,24.08,3328.15,410.83,410.83,410.83,410.83,calc,scholz,1919
2024-05-22,2024-05-24,DE000BU2Z023,Bund,fixed,0.022,2034-02-15,Auk,False,4000.0,3283.36,716.64,97.16,2.53,2.53,2024-01-12,3216.38,26.27,3283.36,796.05,796.05,796.05,796.05,calc,scholz,1920
2024-05-27,2024-05-29,DE000BU0E105,Bubill,zero,0.0,2024-10-16,M-A,False,2000.0,1928.0,72.0,98.62765,3.578,3.578,2023-10-18,1901.54,0.0,1928.0,26.46,26.46,26.46,26.46,calc,scholz,1921
2024-05-27,2024-05-29,DE000BU0E162,Bubill,zero,0.0,2025-04-16,M-A,False,3000.0,2615.0,385.0,97.0057,3.451,3.451,2024-04-17,2536.7,0.0,2615.0,78.3,78.3,78.3,78.3,calc,scholz,1922
2024-05-28,2024-05-30,DE000BU35025,Green,fixed,0.021,2029-04-12,M-A,False,1000.0,986.42,13.58,97.74,2.6,2.6,2024-05-03,965.66,1.53,986.42,123.14,123.14,123.14,123.14,calc,scholz,1924
2024-05-28,2024-05-30,DE000BU3Z005,Green,fixed,0.023,2033-02-15,M-A,False,1000.0,845.81,154.19,98.38,2.51,2.51,2023-05-03,837.69,5.58,845.81,183.2,183.2,183.2,183.2,calc,scholz,1923
2024-05-29,2024-05-31,DE0001102598,Bund,fixed,0.01,2038-05-15,M-A,False,500.0,400.23,99.77,79.99,2.75,2.75,2022-04-29,320.32,0.18,400.23,135.94,135.94,135.94,135.94,calc,scholz,1925
2024-05-29,2024-05-31,DE000BU2F009,Bund,fixed,0.026,2041-05-15,M-A,False,1500.0,1219.96,280.04,97.29,2.8,2.8,2024-04-12,1191.15,4.25,1219.96,570.89,570.89,570.89,570.89,calc,scholz,1926
2024-06-03,2024-06-05,DE000BU0E121,Bubill,zero,0.0,2024-12-11,Auk,False,2000.0,1955.0,45.0,98.18249,3.526,3.526,,1919.47,0.0,1955.0,35.53,35.53,35.53,35.53,calc,scholz,1927
2024-06-04,2024-06-06,DE0001030757,Green,fixed,0.018,2053-08-15,Syn,False,3000.0,2750.0,250.0,82.161,2.69,2.69,2023-06-20,2307.05,47.63,2750.0,1935.54,1935.54,1935.54,1935.54,calc,scholz,1929
2024-06-04,2024-06-06,DE000BU22056,Schatz,fixed,0.029,2026-06-18,Auk,False,4500.0,3689.74,810.26,99.783,3.01,3.01,2024-04-25,3694.01,12.28,3689.74,225.52,225.52,225.52,225.52,calc,scholz,1928
2024-06-05,2024-06-07,DE000BU27006,Bund,fixed,0.024,2030-11-15,Auk,False,3000.0,2442.18,557.82,99.13,2.55,2.55,2023-07-28,2453.76,32.83,2442.18,398.7,398.7,398.7,398.7,calc,scholz,1930
2024-06-10,2024-06-12,DE000BU0E097,Bubill,zero,0.0,2024-09-18,M-A,False,2000.0,1231.0,769.0,99.03912,3.564,3.564,2023-09-20,1219.17,0.0,1231.0,11.83,11.83,11.83,11.83,calc,scholz,1931
2024-06-10,2024-06-12,DE000BU0E154,Bubill,zero,0.0,2025-03-19,M-A,False,2000.0,1846.0,154.0,97.38457,3.453,3.453,2024-03-20,1797.72,0.0,1846.0,48.28,48.28,48.28,48.28,calc,scholz,1932
2024-06-12,2024-06-14,DE000BU2Z023,Bund,fixed,0.022,2034-02-15,Auk,False,4000.0,3330.02,669.98,96.61,2.6,2.6,2024-01-12,3247.98,30.84,3330.02,821.47,821.47,821.47,821.47,calc,scholz,1933
2024-06-17,2024-06-19,DE000BU0E188,Bubill,zero,0.0,2025-06-18,Auk,True,3000.0,2897.75,102.25,96.87249,3.193,3.193,2024-06-19,2807.12,0.0,2897.75,90.63,90.63,90.63,90.63,calc,scholz,1934
2024-06-18,2024-06-20,DE000BU25026,Bobl,fixed,0.021,2029-04-12,Auk,False,4000.0,3358.04,641.96,98.42,2.45,2.45,2024-01-18,3334.69,29.71,3358.04,392.32,392.32,392.32,392.32,calc,scholz,1935
2024-06-19,2024-06-21,DE000BU2D004,Bund,fixed,0.025,2054-08-15,Auk,False,2000.0,1629.11,370.89,99.06,2.54,2.54,2024-02-06,1628.93,15.13,1629.11,1243.27,1243.27,1243.27,1243.27,calc,scholz,1936
2024-06-24,2024-06-26,DE000BU0E113,Bubill,zero,0.0,2024-11-20,M-A,False,2000.0,1850.0,150.0,98.64101,3.374,3.374,2023-11-22,1824.86,0.0,1850.0,25.14,25.14,25.14,25.14,calc,scholz,1937
2024-06-24,2024-06-26,DE000BU0E170,Bubill,zero,0.0,2025-05-14,M-A,False,2000.0,1885.0,115.0,97.23179,3.183,3.183,2024-05-15,1832.82,0.0,1885.0,52.18,52.18,52.18,52.18,calc,scholz,1938
2024-06-25,2024-06-27,DE000BU22056,Schatz,fixed,0.029,2026-06-18,Auk,False,4500.0,3646.24,853.76,100.174,2.8,2.8,2024-04-25,3670.79,18.21,3646.24,202.53,202.53,202.53,202.53,calc,scholz,1939
2024-07-01,2024-07-03,DE000BU0E139,Bubill,zero,0.0,2025-01-15,Auk,False,3000.0,2315.0,685.0,98.17833,3.408,3.408,2024-01-17,2272.83,0.0,2315.0,42.17,42.17,42.17,42.17,calc,scholz,1940
2024-07-02,2024-07-04,DE0001030708,Green,fixed,0.0,2030-08-15,M-A,False,500.0,492.57,7.43,86.13,2.47,2.47,2020-09-09,424.25,0.0,492.57,68.32,68.32,68.32,68.32,calc,scholz,1941
2024-07-02,2024-07-04,DE0001030724,Green,fixed,0.0,2050-08-15,M-A,False,500.0,494.0,6.0,49.4,2.74,2.74,2021-05-18,244.04,0.0,494.0,249.96,249.96,249.96,249.96,calc,scholz,1942
2024-07-03,2024-07-05,DE000BU2Z031,Bund,fixed,0.026,2034-08-15,Auk,True,5000.0,4072.25,927.75,99.76,2.63,2.63,2024-07-05,4062.48,0.0,4072.25,1080.42,1080.42,1080.42,1080.42,calc,scholz,1943
2024-07-08,2024-07-10,DE000BU0E105,Bubill,zero,0.0,2024-10-16,M-A,False,2000.0,1965.0,35.0,99.07064,3.446,3.446,2023-10-18,1946.74,0.0,1965.0,18.26,18.26,18.26,18.26,calc,scholz,1944
2024-07-08,2024-07-10,DE000BU0E162,Bubill,zero,0.0,2025-04-16,M-A,False,2000.0,1470.0,530.0,97.49608,3.302,3.302,2024-04-17,1433.19,0.0,1470.0,36.81,36.81,36.81,36.81,calc,scholz,1945
2024-07-10,2024-07-12,DE0001102549,Bund,fixed,0.0,2036-05-15,M-A,False,500.0,457.25,42.75,73.81,2.6,2.6,2021-03-05,337.5,0.0,457.25,119.75,119.75,119.75,119.75,calc,scholz,1946
2024-07-10,2024-07-12,DE0001102598,Bund,fixed,0.01,2038-05-15,M-A,False,1500.0,1294.0,206.0,80.87,2.67,2.67,2022-04-29,1048.51,2.06,1294.0,426.65,426.65,426.65,426.65,calc,scholz,1947
2024-07-15,2024-07-17,DE000BU0E196,Bubill,zero,0.0,2025-07-16,Auk,True,3000.0,2370.0,630.0,96.90476,3.159,3.159,2024-07-17,2296.64,0.0,2370.0,73.36,73.36,73.36,73.36,calc,scholz,1948
2024-07-16,2024-07-18,DE000BU25034,Bobl,fixed,0.025,2029-10-11,Auk,True,4000.0,3260.95,739.05,100.51,2.39,2.39,2024-07-18,3277.58,0.0,3260.95,409.92,409.92,409.92,409.92,calc,scholz,1949
2024-07-17,2024-07-19,DE0001102572,Bund,fixed,0.0,2052-08-15,M-A,False,1000.0,807.72,192.28,49.38,2.55,2.55,2021-09-08,398.85,0.0,807.72,408.87,408.87,408.87,408.87,calc,scholz,1950
2024-07-17,2024-07-19,DE000BU2D004,Bund,fixed,0.025,2054-08-15,M-A,False,1000.0,824.55,175.45,98.07,2.59,2.59,2024-02-06,817.87,9.24,824.55,635.85,635.85,635.85,635.85,calc,scholz,1951
2024-07-22,2024-07-24,DE000BU0E121,Bubill,zero,0.0,2024-12-11,M-A,False,2500.0,2315.0,185.0,98.70071,3.385,3.385,,2284.92,0.0,2315.0,30.08,30.08,30.08,30.08,calc,scholz,1952
2024-07-22,2024-07-24,DE000BU0E188,Bubill,zero,0.0,2025-06-18,M-A,False,2500.0,1350.0,1150.0,97.17159,3.185,3.185,2024-06-19,1311.82,0.0,1350.0,38.18,38.18,38.18,38.18,calc,scholz,1953
2024-07-23,2024-07-25,DE000BU22064,Schatz,fixed,0.027,2026-09-17,Auk,True,5000.0,4095.86,904.14,99.925,2.73,2.73,2024-07-25,4092.79,0.0,4095.86,240.56,240.56,240.56,240.56,calc,scholz,1954
2024-07-24,2024-07-26,DE000BU2Z031,Bund,fixed,0.026,2034-08-15,Auk,False,5000.0,4142.28,857.72,101.48,2.43,2.43,2024-07-05,4209.77,6.18,4142.28,1021.57,1021.57,1021.57,1021.57,calc,scholz,1955
2024-07-31,2024-08-02,DE000BU27006,Bund,fixed,0.024,2030-11-15,Auk,False,3000.0,2472.16,527.84,100.89,2.25,2.25,2023-07-28,2536.47,42.31,2472.16,351.01,351.01,351.01,351.01,calc,scholz,1956
2024-08-05,2024-08-07,DE000BU0E147,Bubill,zero,0.0,2025-02-19,Auk,False,2000.0,1736.0,264.0,98.35287,3.076,3.076,2024-02-21,1707.41,0.0,1736.0,28.59,28.59,28.59,28.59,calc,scholz,1957
2024-08-06,2024-08-08,DE000BU25034,Bobl,fixed,0.025,2029-10-11,Auk,False,4000.0,3284.43,715.57,101.99,2.09,2.09,2024-07-18,3354.5,4.71,3284.43,359.55,359.55,359.55,359.55,calc,scholz,1958
2024-08-07,2024-08-09,DE0001102598,Bund,fixed,0.01,2038-05-15,M-A,False,500.0,406.67,93.33,83.32,2.44,2.44,2022-04-29,339.8,0.96,406.67,123.81,123.81,123.81,123.81,calc,scholz,1959
2024-08-07,2024-08-09,DE000BU2F009,Bund,fixed,0.026,2041-05-15,M-A,False,1500.0,1198.76,301.24,101.25,2.51,2.51,2024-04-12,1223.9,10.15,1198.76,507.52,507.52,507.52,507.52,calc,scholz,1960
2024-08-12,2024-08-14,DE000BU0E113,Bubill,zero,0.0,2024-11-20,M-A,False,2000.0,1415.0,585.0,99.10966,3.3,3.3,2023-11-22,1402.4,0.0,1415.0,12.6,12.6,12.6,12.6,calc,scholz,1961
2024-08-12,2024-08-14,DE000BU0E170,Bubill,zero,0.0,2025-05-14,M-A,False,2000.0,1180.0,820.0,97.77633,2.999,2.999,2024-05-15,1153.76,0.0,1180.0,26.24,26.24,26.24,26.24,calc,scholz,1962
2024-08-13,2024-08-15,DE000BU22064,Schatz,fixed,0.027,2026-09-17,Auk,False,5000.0,4037.5,962.5,100.64,2.38,2.38,2024-07-25,4069.59,6.25,4037.5,202.01,202.01,202.01,202.01,calc,scholz,1963
2024-08-14,2024-08-16,DE0001102481,Bund,fixed,0.0,2050-08-15,M-A,False,1000.0,797.5,202.5,53.84,2.41,2.41,2019-08-21,429.37,0.0,797.5,368.13,368.13,368.13,368.13,calc,scholz,1964
2024-08-14,2024-08-16,DE000BU2D004,Bund,fixed,0.025,2054-08-15,M-A,False,1000.0,803.07,196.93,101.1,2.45,2.45,2024-02-06,822.44,10.53,803.07,593.41,593.41,593.41,593.41,calc,scholz,1965
2024-08-19,2024-08-21,DE000BU0E204,Bubill,zero,0.0,2025-08-20,Auk,True,3000.0,1685.0,1315.0,97.2172,2.831,2.831,2024-08-21,1638.11,0.0,1685.0,46.89,46.89,46.89,46.89,calc,scholz,1966
2024-08-20,2024-08-22,DE0001030724,Green,fixed,0.0,2050-08-15,M-A,False,750.0,727.73,22.27,53.77,2.42,2.42,2021-05-18,391.3,0.0,727.73,336.43,336.43,336.43,336.43,calc,scholz,1968
2024-08-20,2024-08-22,DE000BU3Z005,Green,fixed,0.023,2033-02-15,M-A,False,750.0,733.83,16.17,101.1,2.16,2.16,2023-05-03,750.62,8.72,733.83,135.11,135.11,135.11,135.11,calc,scholz,1967
2024-08-21,2024-08-23,DE000BU2Z031,Bund,fixed,0.026,2034-08-15,Auk,False,4500.0,3673.16,826.84,103.39,2.22,2.22,2024-07-05,3799.77,2.09,3673.16,828.41,828.41,828.41,828.41,calc,scholz,1969
2024-08-26,2024-08-28,DE000BU0E139,Bubill,zero,0.0,2025-01-15,M-A,False,4000.0,3896.7,103.3,98.76744,3.209,3.209,2024-01-17,3848.67,0.0,3896.7,48.03,48.03,48.03,48.03,calc,scholz,1970
2024-08-26,2024-08-28,DE000BU0E196,Bubill,zero,0.0,2025-07-16,M-A,False,2000.0,1760.0,240.0,97.49379,2.874,2.874,2024-07-17,1715.89,0.0,1760.0,44.11,44.11,44.11,44.11,calc,scholz,1971
2024-08-27,2024-08-29,DE000BU25034,Bobl,fixed,0.025,2029-10-11,Auk,False,4000.0,3352.36,647.64,101.57,2.17,2.17,2024-07-18,3414.61,9.62,3352.36,376.26,376.26,376.26,376.26,calc,scholz,1972
2024-09-02,2024-09-04,DE000BU0E154,Bubill,zero,0.0,2025-03-19,Auk,False,2000.0,1975.0,25.0,98.32707,3.125,3.125,2024-03-20,1941.96,0.0,1975.0,33.04,33.04,33.04,33.04,calc,scholz,1973
2024-09-03,2024-09-05,DE000BU22064,Schatz,fixed,0.027,2026-09-17,Auk,False,4500.0,3737.87,762.13,100.558,2.41,2.41,2024-07-25,3770.31,11.58,3737.87,184.3,184.3,184.3,184.3,calc,scholz,1974
2024-09-04,2024-09-06,DE0001102598,Bund,fixed,0.01,2038-05-15,M-A,False,500.0,438.22,61.78,83.57,2.42,2.42,2022-04-29,367.59,1.37,438.22,131.98,131.98,131.98,131.98,calc,scholz,1975
2024-09-04,2024-09-06,DE000BU2F009,Bund,fixed,0.026,2041-05-15,M-A,False,1000.0,818.4,181.6,101.31,2.5,2.5,2024-04-12,837.69,8.56,818.4,344.37,344.37,344.37,344.37,calc,scholz,1976
2024-09-09,2024-09-11,DE000BU0E121,Bubill,zero,0.0,2024-12-11,M-A,False,2000.0,1921.0,79.0,99.18815,3.238,3.238,,1905.4,0.0,1921.0,15.6,15.6,15.6,15.6,calc,scholz,1977
2024-09-09,2024-09-11,DE000BU0E188,Bubill,zero,0.0,2025-06-18,M-A,False,2000.0,1450.0,550.0,97.8061,2.884,2.884,2024-06-19,1418.19,0.0,1450.0,31.81,31.81,31.81,31.81,calc,scholz,1978
2024-09-10,2024-09-12,DE0001030724,Green,fixed,0.0,2050-08-15,M-A,False,500.0,485.12,14.88,54.0,2.41,2.41,2021-05-18,261.96,0.0,485.12,223.16,223.16,223.16,223.16,calc,scholz,1979
2024-09-10,2024-09-12,DE000BU35025,Green,fixed,0.021,2029-04-12,M-A,False,500.0,461.7,38.3,100.32,2.02,2.03,2024-05-03,466.68,3.51,461.7,42.94,42.94,42.94,42.94,calc,scholz,1980
2024-09-11,2024-09-13,DE000BU2Z031,Bund,fixed,0.026,2034-08-15,Auk,False,4500.0,3687.71,812.29,104.31,2.11,2.11,2024-07-05,3854.27,7.62,3687.71,792.25,792.25,792.25,792.25,calc,scholz,1981
2024-09-16,2024-09-18,DE000BU0E212,Bubill,zero,0.0,2025-09-17,Auk,True,3000.0,2050.0,950.0,97.37322,2.668,2.668,2024-09-18,1996.15,0.0,2050.0,53.85,53.85,53.85,53.85,calc,scholz,1982
2024-09-18,2024-09-20,DE0001102614,Bund,fixed,0.018,2053-08-15,M-A,False,1000.0,813.5,186.5,86.93,2.44,2.44,2022-10-18,708.62,1.44,813.5,529.53,529.53,529.53,529.53,calc,scholz,1983
2024-09-18,2024-09-20,DE000BU2D004,Bund,fixed,0.025,2054-08-15,M-A,False,1000.0,820.18,179.82,101.33,2.44,2.44,2024-02-06,843.81,12.72,820.18,602.2,602.2,602.2,602.2,calc,scholz,1984
2024-09-23,2024-09-25,DE000BU0E147,Bubill,zero,0.0,2025-02-19,M-A,False,2500.0,1953.0,547.0,98.75278,3.093,3.093,2024-02-21,1928.64,0.0,1953.0,24.36,24.36,24.36,24.36,calc,scholz,1985
2024-09-23,2024-09-25,DE000BU0E204,Bubill,zero,0.0,2025-08-20,M-A,False,1500.0,761.0,739.0,97.64766,2.636,2.636,2024-08-21,743.1,0.0,761.0,17.9,17.9,17.9,17.9,calc,scholz,1986
2024-09-24,2024-09-26,DE000BU22064,Schatz,fixed,0.027,2026-09-17,Auk,False,4500.0,3708.0,792.0,101.063,2.14,2.14,2024-07-25,3764.66,17.24,3708.0,158.35,158.35,158.35,158.35,calc,scholz,1987
2024-09-25,2024-09-27,DE000BU27006,Bund,fixed,0.024,2030-11-15,Auk,False,3000.0,2424.48,575.52,102.29,2.0,2.0,2023-07-28,2530.4,50.4,2424.48,301.39,301.39,301.39,301.39,calc,scholz,1988
2024-09-30,2024-10-02,DE000BU0E162,Bubill,zero,0.0,2025-04-16,Auk,False,2000.0,1665.0,335.0,98.45251,2.887,2.887,2024-04-17,1639.23,0.0,1665.0,25.77,25.77,25.77,25.77,calc,scholz,1989
2024-10-01,2024-10-03,DE000BU25034,Bobl,fixed,0.025,2029-10-11,Auk,False,4000.0,3300.68,699.32,102.86,1.9,1.9,2024-07-18,3412.44,17.36,3300.68,319.99,319.99,319.99,319.99,calc,scholz,1990
2024-10-02,2024-10-04,DE000BU2Z031,Bund,fixed,0.026,2034-08-15,Auk,False,4500.0,3703.51,796.49,104.57,2.08,2.08,2024-07-05,3885.95,13.19,3703.51,780.47,780.47,780.47,780.47,calc,scholz,1991
2024-10-07,2024-10-09,DE000BU0E139,Bubill,zero,0.0,2025-01-15,M-A,False,4000.0,3846.0,154.0,99.17576,3.053,3.053,2024-01-17,3814.3,0.0,3846.0,31.7,31.7,31.7,31.7,calc,scholz,1992
2024-10-07,2024-10-09,DE000BU0E196,Bubill,zero,0.0,2025-07-16,M-A,False,1000.0,841.0,159.0,97.95961,2.678,2.678,2024-07-17,823.84,0.0,841.0,17.16,17.16,17.16,17.16,calc,scholz,1993
2024-10-08,2024-10-10,DE000BU3Z005,Green,fixed,0.023,2033-02-15,Auk,False,1000.0,953.85,46.15,101.09,2.16,2.16,2023-05-03,978.51,14.27,953.85,172.78,172.78,172.78,172.78,calc,scholz,1994
2024-10-09,2024-10-11,DE0001102549,Bund,fixed,0.0,2036-05-15,M-A,False,500.0,408.38,91.62,76.46,2.34,2.34,2021-03-05,312.25,0.0,408.38,96.13,96.13,96.13,96.13,calc,scholz,1995
2024-10-09,2024-10-11,DE000BU2F009,Bund,fixed,0.026,2041-05-15,M-A,False,1000.0,846.16,153.84,101.05,2.52,2.52,2024-04-12,866.01,10.96,846.16,356.14,356.14,356.14,356.14,calc,scholz,1996
2024-10-14,2024-10-16,DE000BU0E220,Bubill,zero,0.0,2025-10-15,Auk,True,3000.0,2020.0,980.0,97.46342,2.574,2.574,2024-10-16,1968.76,0.0,2020.0,51.24,51.24,51.24,51.24,calc,scholz,1997
2024-10-16,2024-10-18,DE0001102481,Bund,fixed,0.0,2050-08-15,M-A,False,1000.0,821.84,178.16,53.39,2.46,2.46,2019-08-21,438.78,0.0,821.84,383.06,383.06,383.06,383.06,calc,scholz,1998
2024-10-16,2024-10-18,DE000BU2D004,Bund,fixed,0.025,2054-08-15,M-A,False,1000.0,854.29,145.71,100.23,2.49,2.49,2024-02-06,871.15,14.89,854.29,635.01,635.01,635.01,635.01,calc,scholz,1999
2024-10-21,2024-10-23,DE000BU0E154,Bubill,zero,0.0,2025-03-19,M-A,False,2000.0,1667.0,333.0,98.85802,2.829,2.829,2024-03-20,1647.96,0.0,1667.0,19.04,19.04,19.04,19.04,calc,scholz,2000
2024-10-21,2024-10-23,DE000BU0E212,Bubill,zero,0.0,2025-09-17,M-A,False,2000.0,1350.0,650.0,97.78466,2.479,2.479,2024-09-18,1320.09,0.0,1350.0,29.91,29.91,29.91,29.91,calc,scholz,2001
2024-10-22,2024-10-24,DE000BU22072,Schatz,fixed,0.02,2026-12-10,Auk,True,5000.0,4162.48,837.52,99.661,2.16,2.16,2024-10-24,4148.37,0.0,4162.48,191.3,191.3,191.3,191.3,calc,scholz,2002
2024-10-23,2024-10-25,DE000BU2Z031,Bund,fixed,0.026,2034-08-15,Auk,False,4000.0,3302.6,697.4,102.51,2.31,2.31,2024-07-05,3402.2,16.7,3302.6,759.08,759.08,759.08,759.08,calc,scholz,2003
2024-10-28,2024-10-30,DE000BU0E170,Bubill,zero,0.0,2025-05-14,Auk,False,2000.0,1671.0,329.0,98.57086,2.663,2.663,2024-05-15,1647.12,0.0,1671.0,23.88,23.88,23.88,23.88,calc,scholz,2004
2024-10-29,2024-10-31,DE000BU25034,Bobl,fixed,0.025,2029-10-11,Auk,False,4000.0,3291.22,708.78,101.72,2.13,2.13,2024-07-18,3371.45,23.62,3291.22,350.28,350.28,350.28,350.28,calc,scholz,2005
2024-11-04,2024-11-06,DE000BU0E147,Bubill,zero,0.0,2025-02-19,M-A,False,3000.0,2084.0,916.0,99.14205,2.967,2.967,2024-02-21,2066.12,0.0,2084.0,17.88,17.88,17.88,17.88,calc,scholz,2006
2024-11-04,2024-11-06,DE000BU0E204,Bubill,zero,0.0,2025-08-20,M-A,False,2000.0,1097.0,903.0,97.96702,2.603,2.603,2024-08-21,1074.7,0.0,1097.0,22.3,22.3,22.3,22.3,calc,scholz,2007
2024-11-06,2024-11-08,DE0001102341,Bund,fixed,0.025,2046-08-15,M-A,False,500.0,409.38,90.62,97.79,2.63,2.63,2014-02-28,402.72,2.38,409.38,231.82,231.82,231.82,231.82,calc,scholz,2009
2024-11-06,2024-11-08,DE000BU2F009,Bund,fixed,0.026,2041-05-15,M-A,False,1000.0,804.7,195.3,99.48,2.64,2.64,2024-04-12,812.55,12.03,804.7,349.72,349.72,349.72,349.72,calc,scholz,2008
2024-11-11,2024-11-13,DE000BU0E162,Bubill,zero,0.0,2025-04-16,M-A,False,2000.0,908.0,1092.0,98.80136,2.836,2.836,2024-04-17,897.12,0.0,908.0,10.88,10.88,10.88,10.88,calc,scholz2,2010
2024-11-11,2024-11-13,DE000BU0E220,Bubill,zero,0.0,2025-10-15,M-A,False,2000.0,1889.0,111.0,97.71096,2.51,2.51,2024-10-16,1845.76,0.0,1889.0,43.24,43.24,43.24,43.24,calc,scholz2,2011
2024-11-12,2024-11-14,DE000BU22072,Schatz,fixed,0.02,2026-12-10,Auk,False,5000.0,4018.57,981.43,99.768,2.11,2.11,2024-10-24,4013.86,4.61,4018.57,175.78,175.78,175.78,175.78,calc,scholz2,2012
2024-11-13,2024-11-15,DE000BU2Z031,Bund,fixed,0.026,2034-08-15,Auk,False,4000.0,3345.72,654.28,101.89,2.38,2.38,2024-07-05,3430.88,21.93,3345.72,784.73,784.73,784.73,784.73,calc,scholz2,2013
2024-11-18,2024-11-20,DE000BU0E188,Bubill,zero,0.0,2025-06-18,M-A,False,2000.0,1550.0,450.0,98.46808,2.667,2.667,2024-06-19,1526.26,0.0,1550.0,23.74,23.74,23.74,23.74,calc,scholz2,2014
2024-11-18,2024-11-20,DE000BU0E238,Bubill,zero,0.0,2025-11-19,M-A,True,3000.0,2460.0,540.0,97.63854,2.392,2.392,2024-11-20,2401.91,0.0,2460.0,58.09,58.09,58.09,58.09,calc,scholz2,2015
2024-11-20,2024-11-22,DE0001102572,Bund,fixed,0.0,2052-08-15,M-A,False,1000.0,818.04,181.96,50.24,2.51,2.51,2021-09-08,410.98,0.0,818.04,407.06,407.06,407.06,407.06,calc,scholz2,2016
2024-11-20,2024-11-22,DE0001102614,Bund,fixed,0.018,2053-08-15,M-A,False,1000.0,803.64,196.36,84.8,2.55,2.55,2022-10-18,685.41,3.92,803.64,537.73,537.73,537.73,537.73,calc,scholz2,2017
2024-11-25,2024-11-27,DE000BU0E154,Bubill,zero,0.0,2025-03-19,M-A,False,2000.0,1506.0,494.0,99.17006,2.69,2.69,2024-03-20,1493.5,0.0,1506.0,12.5,12.5,12.5,12.5,calc,scholz2,2018
2024-11-25,2024-11-27,DE000BU0E212,Bubill,zero,0.0,2025-09-17,M-A,False,2000.0,1472.0,528.0,98.09811,2.374,2.374,2024-09-18,1444.0,0.0,1472.0,28.0,28.0,28.0,28.0,calc,scholz2,2019
2024-11-26,2024-11-28,DE000BU25034,Bobl,fixed,0.025,2029-10-11,Auk,False,4000.0,3349.8,650.2,102.09,2.04,2.04,2024-07-18,3450.27,30.46,3349.8,337.7,337.7,337.7,337.7,calc,scholz2,2020
2024-12-02,2024-12-04,DE000BU0E170,Bubill,zero,0.0,2025-05-14,M-A,False,2000.0,1077.0,923.0,98.86108,2.576,2.576,2024-05-15,1064.73,0.0,1077.0,12.27,12.27,12.27,12.27,calc,scholz2,2021
2024-12-02,2024-12-04,DE000BU0E238,Bubill,zero,0.0,2025-11-19,M-A,False,2000.0,1510.75,489.25,97.88447,2.223,2.223,2024-11-20,1478.79,0.0,1510.75,31.96,31.96,31.96,31.96,calc,scholz2,2022
2024-12-03,2024-12-05,DE000BU22072,Schatz,fixed,0.02,2026-12-10,Auk,False,4500.0,3607.34,892.66,100.117,1.94,1.94,2024-10-24,3619.84,8.28,3607.34,141.06,141.06,141.06,141.06,calc,scholz2,2023
2024-12-04,2024-12-06,DE000BU2Z031,Bund,fixed,0.026,2034-08-15,Auk,False,3500.0,2865.65,634.35,104.61,2.07,2.07,2024-07-05,3020.82,23.07,2865.65,589.9,589.9,589.9,589.9,calc,scholz2,2024
2025-01-06,2025-01-08,DE000BU0E196,Bubill,zero,0.0,2025-07-16,Auk,False,2000.0,1152.0,848.0,98.71729,2.475,2.475,2024-07-17,1137.22,0.0,1152.0,14.78,14.78,14.78,14.78,calc,scholz2,2025
2025-01-07,2025-01-09,DE000BU22072,Schatz,fixed,0.02,2026-12-10,Auk,False,4500.0,3472.15,1027.85,99.652,2.18,2.18,2024-10-24,3474.69,14.63,3472.15,145.26,145.26,145.26,145.26,calc,scholz2,2026
2025-01-08,2025-01-10,DE000BU2Z049,Bund,fixed,0.025,2035-02-15,Auk,True,5000.0,3781.02,1218.98,99.9,2.51,2.51,2025-01-10,3777.24,0.0,3781.02,958.33,958.33,958.33,958.33,calc,scholz2,2027
2025-01-13,2025-01-15,DE000BU0E246,Bubill,zero,0.0,2026-01-14,Auk,True,3000.0,1905.0,1095.0,97.6289,2.402,2.402,2025-01-15,1859.83,0.0,1905.0,45.17,45.17,45.17,45.17,calc,scholz2,2028
2025-01-14,2025-01-16,DE000BU25042,Bobl,fixed,0.024,2030-04-18,Auk,True,5000.0,3793.24,1206.76,99.87,2.42,2.42,2025-01-16,3788.31,0.0,3793.24,483.07,483.07,483.07,483.07,calc,scholz2,2029
2025-01-15,2025-01-17,DE0001102614,Bund,fixed,0.018,2053-08-15,M-A,False,1000.0,754.39,245.61,79.88,2.84,2.84,2022-10-18,608.37,5.77,754.39,539.81,539.81,539.81,539.81,calc,scholz2,2030
2025-01-15,2025-01-17,DE000BU2D004,Bund,fixed,0.025,2054-08-15,M-A,False,1500.0,1190.28,309.72,93.16,2.84,2.84,2024-02-06,1137.03,28.17,1190.28,961.49,961.49,961.49,961.49,calc,scholz2,2031
2025-01-20,2025-01-22,DE000BU0E162,Bubill,zero,0.0,2025-04-16,M-A,False,2500.0,2431.0,69.0,99.40276,2.575,2.575,2024-04-17,2416.48,0.0,2431.0,14.52,14.52,14.52,14.52,calc,scholz2,2032
2025-01-20,2025-01-22,DE000BU0E220,Bubill,zero,0.0,2025-10-15,M-A,False,1500.0,1420.0,80.0,98.2754,2.375,2.375,2024-10-16,1395.51,0.0,1420.0,24.49,24.49,24.49,24.49,calc,scholz2,2033
2025-01-21,2025-01-23,DE000BU35025,Green,fixed,0.021,2029-04-12,M-A,False,1000.0,945.0,55.0,99.37,2.26,2.26,2024-05-03,953.45,14.41,945.0,89.63,89.63,89.63,89.63,calc,scholz2,2035
2025-01-21,2025-01-23,DE000BU3Z005,Green,fixed,0.023,2033-02-15,M-A,False,1000.0,908.0,92.0,99.27,2.4,2.4,2023-05-03,920.94,19.57,908.0,175.01,175.01,175.01,175.01,calc,scholz2,2034
2025-01-22,2025-01-24,DE0001135481,Bund,fixed,0.025,2044-07-04,M-A,False,500.0,392.0,108.0,96.47,2.74,2.74,2012-04-27,383.64,5.48,392.0,204.36,204.36,204.36,204.36,calc,scholz2,2037
2025-01-22,2025-01-24,DE000BU2F009,Bund,fixed,0.026,2041-05-15,M-A,False,1500.0,1128.58,371.42,98.16,2.74,2.74,2024-04-12,1130.88,23.07,1128.58,499.18,499.18,499.18,499.18,calc,scholz2,2036
2025-01-27,2025-01-29,DE000BU0E253,Bubill,zero,0.0,2025-12-10,Auk,True,2000.0,1951.0,49.0,98.01964,2.309,2.309,,1912.36,0.0,1951.0,38.64,38.64,38.64,38.64,calc,scholz2,2038
2025-01-28,2025-01-30,DE000BU22080,Schatz,fixed,0.022,2027-03-11,Auk,True,5000.0,3816.4,1183.6,99.873,2.26,2.26,2025-01-30,3811.55,0.0,3816.4,181.97,181.97,181.97,181.97,calc,scholz2,2039
2025-01-29,2025-01-31,DE000BU2Z049,Bund,fixed,0.025,2035-02-15,Auk,False,4500.0,3438.93,1061.07,99.67,2.54,2.54,2025-01-10,3432.51,4.93,3438.93,874.6,874.6,874.6,874.6,calc,scholz2,2040
2025-02-03,2025-02-05,DE000BU0E204,Bubill,zero,0.0,2025-08-20,Auk,False,2000.0,1895.0,105.0,98.79992,2.231,2.231,2024-08-21,1872.26,0.0,1895.0,22.74,22.74,22.74,22.74,calc,scholz2,2041
2025-02-11,2025-02-13,DE000BU25042,Bobl,fixed,0.024,2030-04-18,Auk,False,5000.0,3776.68,1223.32,101.09,2.17,2.17,2025-01-16,3824.8,6.95,3776.68,427.93,427.93,427.93,427.93,calc,scholz2,2042
2025-02-12,2025-02-14,DE0001102481,Bund,fixed,0.0,2050-08-15,M-A,False,1000.0,795.28,204.72,51.27,2.65,2.65,2019-08-21,407.74,0.0,795.28,387.54,387.54,387.54,387.54,calc,scholz2,2043
2025-02-12,2025-02-14,DE000BU2D004,Bund,fixed,0.025,2054-08-15,M-A,False,1500.0,1189.18,310.82,95.87,2.7,2.7,2024-02-06,1170.49,30.42,1189.18,926.09,926.09,926.09,926.09,calc,scholz2,2044
2025-02-14,2025-02-18,DE000BU0E246,Bubill,zero,0.0,2026-01-14,EB,False,500.0,0.0,500.0,,,,2025-01-15,,,,,,,,none,scholz2,2045
2025-02-17,2025-02-19,DE000BU0E261,Bubill,zero,0.0,2026-02-18,Auk,True,3000.0,2180.0,820.0,97.92469,2.096,2.096,2025-02-19,2134.76,0.0,2180.0,45.24,45.24,45.24,45.24,calc,scholz2,2046
2025-02-18,2025-02-20,DE000BU22080,Schatz,fixed,0.022,2027-03-11,Auk,False,4500.0,3540.44,959.56,100.119,2.14,2.14,2025-01-30,3549.13,4.48,3540.44,155.62,155.62,155.62,155.62,calc,scholz2,2047
2025-02-19,2025-02-21,DE000BU2Z049,Bund,fixed,0.025,2035-02-15,Auk,False,4500.0,3469.56,1030.44,99.78,2.52,2.52,2025-01-10,3471.88,9.96,3469.56,873.6,873.6,873.6,873.6,calc,scholz2,2048
2025-02-24,2025-02-26,DE000BU0E170,Bubill,zero,0.0,2025-05-14,M-A,False,2500.0,2002.0,498.0,99.51491,2.279,2.279,2024-05-15,1992.29,0.0,2002.0,9.71,9.71,9.71,9.71,calc,scholz2,2049
2025-02-24,2025-02-26,DE000BU0E238,Bubill,zero,0.0,2025-11-19,M-A,False,1500.0,1025.0,475.0,98.47061,2.102,2.102,2024-11-20,1009.32,0.0,1025.0,15.68,15.68,15.68,15.68,calc,scholz2,2050
2025-02-25,2025-02-27,DE0001030757,Green,fixed,0.018,2053-08-15,Auk,False,1500.0,1495.3,4.7,81.78,2.73,2.73,2023-06-20,1237.31,14.45,1495.3,1038.54,1038.54,1038.54,1038.54,calc,scholz2,2051
2025-02-26,2025-02-28,DE0001102549,Bund,fixed,0.0,2036-05-15,M-A,False,500.0,400.94,99.06,75.75,2.51,2.51,2021-03-05,303.71,0.0,400.94,97.23,97.23,97.23,97.23,calc,scholz2,2052
2025-02-26,2025-02-28,DE0001102598,Bund,fixed,0.01,2038-05-15,M-A,False,1500.0,1252.2,247.8,82.29,2.6,2.6,2022-04-29,1040.35,9.91,1252.2,387.16,387.16,387.16,387.16,calc,scholz2,2053
2025-03-03,2025-03-05,DE000BU0E212,Bubill,zero,0.0,2025-09-17,Auk,False,2000.0,1140.0,860.0,98.83448,2.166,2.166,2024-09-18,1126.71,0.0,1140.0,13.29,13.29,13.29,13.29,calc,scholz2,2054
2025-03-04,2025-03-06,DE000BU25042,Bobl,fixed,0.024,2030-04-18,Auk,False,4500.0,3505.27,994.73,101.19,2.15,2.15,2025-01-16,3558.28,11.29,3505.27,388.83,388.83,388.83,388.83,calc,scholz2,2055
2025-03-05,2025-03-12,DE000BU2D012,Bund,fixed,0.029,2056-08-15,Syn,True,6000.0,5000.0,1000.0,96.142,3.092,3.09,2025-03-12,4807.1,0.0,5000.0,4749.87,4749.87,4749.87,4749.87,calc,scholz2,2056
2025-03-11,2025-03-13,DE000BU22080,Schatz,fixed,0.022,2027-03-11,Auk,False,4500.0,3496.5,1003.5,99.958,2.22,2.22,2025-01-30,3503.88,8.85,3496.5,154.89,154.89,154.89,154.89,calc,scholz2,2057
2025-03-12,2025-03-14,DE000BU2Z049,Bund,fixed,0.025,2035-02-15,Auk,False,4500.0,3454.59,1045.41,96.43,2.92,2.92,2025-01-10,3346.14,14.88,3454.59,980.59,980.59,980.59,980.59,calc,scholz2,2058
2025-03-17,2025-03-19,DE000BU0E279,Bubill,zero,0.0,2026-03-18,Auk,True,3000.0,1625.0,1375.0,97.88883,2.133,2.133,2025-03-19,1590.69,0.0,1625.0,34.31,34.31,34.31,34.31,calc,scholz2,2059
2025-03-19,2025-03-21,DE0001102481,Bund,fixed,0.0,2050-08-15,M-A,False,1000.0,822.2,177.8,46.78,3.04,3.04,2019-08-21,384.63,0.0,822.2,437.57,437.57,437.57,437.57,calc,scholz2,2060
2025-03-19,2025-03-21,DE0001102614,Bund,fixed,0.018,2053-08-15,M-A,False,1500.0,1161.5,338.5,76.02,3.08,3.08,2022-10-18,895.46,12.49,1161.5,872.34,872.34,872.34,872.34,calc,scholz2,2061
2025-03-24,2025-03-26,DE000BU0E188,Bubill,zero,0.0,2025-06-18,M-A,False,2500.0,2195.0,305.0,99.49899,2.158,2.158,2024-06-19,2184.0,0.0,2195.0,11.0,11.0,11.0,11.0,calc,scholz2,2062
2025-03-24,2025-03-26,DE000BU0E253,Bubill,zero,0.0,2025-12-10,M-A,False,1500.0,1295.0,205.0,98.50816,2.105,2.105,,1275.68,0.0,1295.0,19.32,19.32,19.32,19.32,calc,scholz2,2063
2025-03-25,2025-03-27,DE000BU25042,Bobl,fixed,0.024,2030-04-18,Auk,False,4500.0,3430.66,1069.34,99.78,2.44,2.44,2025-01-16,3438.9,15.79,3430.66,424.19,424.19,424.19,424.19,calc,scholz2,2064
2025-03-26,2025-03-28,DE0001102341,Bund,fixed,0.025,2046-08-15,M-A,False,500.0,496.98,3.02,90.61,3.11,3.11,2014-02-28,457.97,7.66,496.98,312.35,312.35,312.35,312.35,calc,scholz2,2066
2025-03-26,2025-03-28,DE000BU2F009,Bund,fixed,0.026,2041-05-15,M-A,False,1500.0,1134.64,365.36,93.97,3.08,3.08,2024-04-12,1094.5,28.28,1134.64,544.31,544.31,544.31,544.31,calc,scholz2,2065
2025-04-01,2025-04-03,DE000BU22080,Schatz,fixed,0.022,2027-03-11,Auk,False,4500.0,3417.52,1082.48,100.347,2.01,2.01,2025-01-30,3442.36,12.98,3417.52,133.77,133.77,133.77,133.77,calc,scholz2,2067
2025-04-02,2025-04-04,DE000BU2Z049,Bund,fixed,0.025,2035-02-15,Auk,False,4500.0,3420.4,1079.6,98.45,2.68,2.68,2025-01-10,3387.04,19.66,3420.4,896.87,896.87,896.87,896.87,calc,scholz2,2068
2025-04-07,2025-04-09,DE000BU0E220,Bubill,zero,0.0,2025-10-15,Auk,False,2000.0,1500.0,500.0,98.99434,1.935,1.935,2024-10-16,1484.92,0.0,1500.0,15.08,15.08,15.08,15.08,calc,scholz2,2069
2025-04-08,2025-04-10,DE000BU2Z049,Bund,fixed,0.025,2035-02-15,EB,False,1000.0,0.0,1000.0,,,,2025-01-10,,,,,,,,none,scholz2,2071
2025-04-08,2025-04-10,DE000BU3Z047,Green,fixed,0.025,2035-02-15,Auk,True,3000.0,2385.72,614.28,98.98,2.62,2.62,2025-04-10,2361.39,0.0,2385.72,611.94,611.94,611.94,611.94,calc,scholz2,2070
2025-04-14,2025-04-16,DE000BU0E287,Bubill,zero,0.0,2026-04-15,Auk,True,3000.0,2494.5,505.5,98.15015,1.864,1.864,2025-04-16,2448.36,0.0,2494.5,46.14,46.14,46.14,46.14,calc,scholz2,2072
2025-04-15,2025-04-17,DE000BU25042,Bobl,fixed,0.024,2030-04-18,Auk,False,4500.0,3548.98,951.02,101.57,2.06,2.06,2025-01-16,3625.93,21.24,3548.98,370.39,370.39,370.39,370.39,calc,scholz2,2073
2025-04-16,2025-04-22,DE0001102572,Bund,fixed,0.0,2052-08-15,M-A,False,1000.0,749.68,250.32,46.63,2.83,2.83,2021-09-08,349.58,0.0,749.68,400.1,400.1,400.1,400.1,calc,scholz2,2074
2025-04-16,2025-04-22,DE000BU2D012,Bund,fixed,0.029,2056-08-15,M-A,False,1500.0,1138.6,361.4,100.01,2.9,2.9,2025-03-12,1142.42,3.71,1138.6,1033.89,1033.89,1033.89,1033.89,calc,scholz2,2075
2025-04-22,2025-04-24,DE000BU22098,Schatz,fixed,0.017,2027-06-10,Auk,True,5000.0,3814.2,1185.8,100.064,1.67,1.67,2025-04-24,3816.64,0.0,3814.2,135.59,135.59,135.59,135.59,calc,scholz2,2076
2025-04-23,2025-04-25,DE000BU2Z049,Bund,fixed,0.025,2035-02-15,Auk,False,4000.0,3049.23,950.77,100.25,2.47,2.47,2025-01-10,3078.76,21.91,3049.23,740.27,740.27,740.27,740.27,calc,scholz2,2077
2025-04-28,2025-04-30,DE000BU0E196,Bubill,zero,0.0,2025-07-16,M-A,False,2000.0,1640.0,360.0,99.59462,1.903,1.903,2024-07-17,1633.35,0.0,1640.0,6.65,6.65,6.65,6.65,calc,scholz2,2078
2025-04-28,2025-04-30,DE000BU0E246,Bubill,zero,0.0,2026-01-14,M-A,False,3000.0,2480.0,520.0,98.72927,1.789,1.789,2025-01-15,2448.49,0.0,2480.0,31.51,31.51,31.51,31.51,calc,scholz2,2079
2025-04-30,2025-05-05,DE0001135481,Bund,fixed,0.025,2044-07-04,M-A,False,500.0,452.43,47.57,95.23,2.83,2.83,2012-04-27,440.3,9.45,452.43,238.34,238.34,238.34,238.34,calc,scholz2,2081
2025-04-30,2025-05-05,DE000BU2F009,Bund,fixed,0.026,2041-05-15,M-A,False,1500.0,1142.78,357.22,97.47,2.8,2.8,2024-04-12,1145.44,31.58,1142.78,505.12,505.12,505.12,505.12,calc,scholz2,2080
2025-05-05,2025-05-07,DE000BU0E238,Bubill,zero,0.0,2025-11-19,Auk,False,2000.0,1470.0,530.0,98.99482,1.865,1.865,2024-11-20,1455.22,0.0,1470.0,14.78,14.78,14.78,14.78,calc,scholz2,2082
2025-05-06,2025-05-08,DE000BU25042,Bobl,fixed,0.024,2030-04-18,Auk,False,4500.0,3480.42,1019.58,101.54,2.07,2.07,2025-01-16,3559.65,25.63,3480.42,359.47,359.47,359.47,359.47,calc,merz,2083
2025-05-06,2025-05-08,DE000BU2D012,Bund,fixed,0.029,2056-08-15,Syn,False,4500.0,4000.0,500.0,97.377,3.029,3.03,2025-03-12,3913.2,18.12,4000.0,3732.38,3732.38,3732.38,3732.38,calc,merz,2084
2025-05-12,2025-05-14,DE000BU0E295,Bubill,zero,0.0,2026-05-13,Auk,True,3000.0,2265.0,735.0,98.14139,1.873,1.873,2025-05-14,2222.9,0.0,2265.0,42.1,42.1,42.1,42.1,calc,merz,2085
2025-05-13,2025-05-15,DE000BU0E246,Bubill,zero,0.0,2026-01-14,EB,False,-500.0,0.0,-500.0,,,,2025-01-15,,,,,,,,none,merz,2087
2025-05-13,2025-05-15,DE000BU22098,Schatz,fixed,0.017,2027-06-10,Auk,False,4500.0,3401.39,1098.61,99.513,1.94,1.94,2025-04-24,3388.15,3.33,3401.39,136.33,136.33,136.33,136.33,calc,merz,2086
2025-05-14,2025-05-16,DE0001102432,Bund,fixed,0.0125,2048-08-15,M-A,False,1500.0,1313.16,186.84,69.86,3.09,3.09,2017-09-20,929.7,12.32,1313.16,777.41,777.41,777.41,777.41,calc,merz,2088
2025-05-14,2025-05-16,DE000BU2D004,Bund,fixed,0.025,2054-08-15,M-A,False,1000.0,818.0,182.0,88.21,3.12,3.12,2024-02-06,747.58,26.02,818.0,694.59,694.59,694.59,694.59,calc,merz,2089
2025-05-19,2025-05-21,DE000BU0E204,Bubill,zero,0.0,2025-08-20,M-A,False,2000.0,1670.0,330.0,99.55082,1.785,1.785,2024-08-21,1662.5,0.0,1670.0,7.5,7.5,7.5,7.5,calc,merz,2090
2025-05-19,2025-05-21,DE000BU0E261,Bubill,zero,0.0,2026-02-18,M-A,False,3000.0,2170.0,830.0,98.59216,1.883,1.883,2025-02-19,2139.45,0.0,2170.0,30.55,30.55,30.55,30.55,calc,merz,2091
2025-05-20,2025-05-22,DE0001030708,Green,fixed,0.0,2030-08-15,M-A,False,1000.0,995.9,4.1,89.57,2.13,2.13,2020-09-09,892.03,0.0,995.9,103.87,103.87,103.87,103.87,calc,merz,2092
2025-05-20,2025-05-22,DE0001030757,Green,fixed,0.018,2053-08-15,M-A,False,1000.0,920.9,79.1,77.22,3.01,3.01,2023-06-20,723.83,12.72,920.9,677.77,677.77,677.77,677.77,calc,merz,2093
2025-05-21,2025-05-23,DE000BU2Z049,Bund,fixed,0.025,2035-02-15,Auk,False,4000.0,3052.3,947.7,98.61,2.66,2.66,2025-01-10,3037.66,27.78,3052.3,785.22,785.22,785.22,785.22,calc,merz,2094
2025-05-28,2025-05-30,DE0001102598,Bund,fixed,0.01,2038-05-15,M-A,False,1500.0,1398.44,101.56,80.69,2.8,2.8,2022-04-29,1128.98,0.57,1398.44,451.26,451.26,451.26,451.26,calc,merz,2095
2025-05-28,2025-05-30,DE0001135366,Bund,fixed,0.0475,2040-07-04,M-A,False,500.0,490.05,9.95,123.0,2.85,2.85,2008-07-23,623.81,21.05,490.05,238.68,238.68,238.68,238.68,calc,merz,2096
2025-06-02,2025-06-04,DE000BU0E253,Bubill,zero,0.0,2025-12-10,Auk,False,2000.0,1696.4,303.6,99.03603,1.854,1.854,,1680.05,0.0,1696.4,16.35,16.35,16.35,16.35,calc,merz,2097
2025-06-03,2025-06-05,DE000BU22098,Schatz,fixed,0.017,2027-06-10,Auk,False,4500.0,3678.4,821.6,99.844,1.78,1.78,2025-04-24,3679.86,7.2,3678.4,131.66,131.66,131.66,131.66,calc,merz,2098
2025-06-10,2025-06-12,DE000BU25042,Bobl,fixed,0.024,2030-04-18,Auk,False,4000.0,3077.88,922.12,101.18,2.14,2.14,2025-01-16,3143.95,29.75,3077.88,321.9,321.9,321.9,321.9,calc,merz,2099
2025-06-11,2025-06-13,DE000BU2Z049,Bund,fixed,0.025,2035-02-15,Auk,False,3000.0,2336.04,663.96,99.63,2.54,2.54,2025-01-10,2352.02,24.62,2336.04,573.77,573.77,573.77,573.77,calc,merz,2100
2025-06-16,2025-06-18,DE000BU0E303,Bubill,zero,0.0,2026-06-17,Auk,True,3000.0,2445.0,555.0,98.20473,1.808,1.808,2025-06-18,2401.11,0.0,2445.0,43.89,43.89,43.89,43.89,calc,merz,2101
2025-06-17,2025-06-19,DE000BU35025,Green,fixed,0.021,2029-04-12,M-A,False,1000.0,988.8,11.2,100.28,2.02,2.02,2024-05-03,995.44,3.87,988.8,76.42,76.42,76.42,76.42,calc,merz,2103
2025-06-17,2025-06-19,DE000BU3Z005,Green,fixed,0.023,2033-02-15,M-A,False,500.0,494.7,5.3,99.53,2.37,2.37,2023-05-03,496.24,3.87,494.7,89.48,89.48,89.48,89.48,calc,merz,2102
2025-06-18,2025-06-20,DE0001102341,Bund,fixed,0.025,2046-08-15,M-A,False,1000.0,988.08,11.92,93.38,2.92,2.92,2014-02-28,943.58,20.91,988.08,587.94,587.94,587.94,587.94,calc,merz,2104
2025-06-18,2025-06-20,DE000BU2D004,Bund,fixed,0.025,2054-08-15,M-A,False,1500.0,1407.84,92.16,90.55,2.99,2.99,2024-02-06,1322.96,48.16,1407.84,1159.12,1159.12,1159.12,1159.12,calc,merz,2105
2025-06-23,2025-06-25,DE000BU0E212,Bubill,zero,0.0,2025-09-17,M-A,False,2000.0,1739.0,261.0,99.57389,1.834,1.834,2024-09-18,1731.59,0.0,1739.0,7.41,7.41,7.41,7.41,calc,merz,2106
2025-06-23,2025-06-25,DE000BU0E279,Bubill,zero,0.0,2026-03-18,M-A,False,3000.0,2400.0,600.0,98.67594,1.816,1.816,2025-03-19,2368.22,0.0,2400.0,31.78,31.78,31.78,31.78,calc,merz,2107
2025-06-24,2025-06-26,DE000BU22098,Schatz,fixed,0.017,2027-06-10,Auk,False,4000.0,3066.32,933.68,99.712,1.85,1.85,2025-04-24,3059.77,2.29,3066.32,110.8,110.8,110.8,110.8,calc,merz,2108
2025-07-02,2025-07-04,DE000BU2Z056,Bund,fixed,0.026,2035-08-15,Auk,True,6000.0,4557.25,1442.75,99.77,2.63,2.63,2025-07-04,4546.77,0.0,4557.25,1209.0,1209.0,1209.0,1209.0,calc,merz,2109
2025-07-07,2025-07-09,DE000BU0E246,Bubill,zero,0.0,2026-01-14,M-A,False,3000.0,2786.0,214.0,99.03861,1.849,1.849,2025-01-15,2759.22,0.0,2786.0,26.78,26.78,26.78,26.78,calc,merz,2110
2025-07-07,2025-07-09,DE000BU0E303,Bubill,zero,0.0,2026-06-17,M-A,False,1000.0,983.7,16.3,98.35261,1.758,1.758,2025-06-18,967.49,0.0,983.7,16.21,16.21,16.21,16.21,calc,merz,2111
2025-07-08,2025-07-10,DE000BU25059,Bobl,fixed,0.022,2030-10-10,Auk,True,5000.0,3753.99,1246.01,99.72,2.26,2.26,2025-07-10,3743.48,0.0,3753.99,444.27,444.27,444.27,444.27,calc,merz,2112
2025-07-09,2025-07-11,DE0001135481,Bund,fixed,0.025,2044-07-04,M-A,False,1000.0,794.4,205.6,92.36,3.04,3.04,2012-04-27,734.09,0.38,794.4,437.65,437.65,437.65,437.65,calc,merz,2114
2025-07-09,2025-07-11,DE000BU2F009,Bund,fixed,0.026,2041-05-15,M-A,False,1500.0,1135.2,364.8,95.06,3.0,3.0,2024-04-12,1083.73,4.61,1135.2,523.71,523.71,523.71,523.71,calc,merz,2113
2025-07-14,2025-07-16,DE000BU0E311,Bubill,zero,0.0,2026-07-15,Auk,True,3000.0,2005.0,995.0,98.21448,1.798,1.798,2025-07-16,1969.2,0.0,2005.0,35.8,35.8,35.8,35.8,calc,merz,2115
2025-07-15,2025-07-17,DE000BU22106,Schatz,fixed,0.019,2027-09-16,Auk,True,5000.0,3899.03,1100.97,100.064,1.87,1.87,2025-07-17,3901.53,0.0,3899.03,158.05,158.05,158.05,158.05,calc,merz,2116
2025-07-16,2025-07-18,DE0001102432,Bund,fixed,0.0125,2048-08-15,M-A,False,1000.0,800.3,199.7,69.39,3.13,3.13,2017-09-20,564.56,9.24,800.3,475.83,475.83,475.83,475.83,calc,merz,2117
2025-07-16,2025-07-18,DE000BU2D012,Bund,fixed,0.029,2056-08-15,M-A,False,1500.0,1128.69,371.31,93.78,3.22,3.22,2025-03-12,1069.96,11.48,1128.69,1087.41,1087.41,1087.41,1087.41,calc,merz,2118
2025-07-21,2025-07-23,DE000BU0E220,Bubill,zero,0.0,2025-10-15,M-A,False,2000.0,1900.0,100.0,99.58199,1.799,1.799,2024-10-16,1892.06,0.0,1900.0,7.94,7.94,7.94,7.94,calc,merz,2119
2025-07-21,2025-07-23,DE000BU0E287,Bubill,zero,0.0,2026-04-15,M-A,False,3000.0,2495.0,505.0,98.68314,1.806,1.806,2025-04-16,2462.14,0.0,2495.0,32.86,32.86,32.86,32.86,calc,merz,2120
2025-07-22,2025-07-24,DE000BU3Z005,Green,fixed,0.023,2033-02-15,M-A,False,500.0,421.5,78.5,99.35,2.39,2.39,2023-05-03,422.98,4.22,421.5,76.07,76.07,76.07,76.07,calc,merz,2121
2025-07-22,2025-07-24,DE000BU3Z047,Green,fixed,0.025,2035-02-15,M-A,False,1000.0,930.8,69.2,99.34,2.58,2.58,2025-04-10,931.35,6.69,930.8,228.71,228.71,228.71,228.71,calc,merz,2122
2025-07-23,2025-07-25,DE000BU2Z056,Bund,fixed,0.026,2035-08-15,Auk,False,5000.0,3831.72,1168.28,99.85,2.62,2.62,2025-07-04,3831.7,5.73,3831.72,1007.73,1007.73,1007.73,1007.73,calc,merz,2123
2025-07-29,2025-07-31,DE000BU25059,Bobl,fixed,0.022,2030-10-10,Auk,False,4500.0,3409.36,1090.64,99.62,2.28,2.28,2025-07-10,3400.72,4.32,3409.36,402.58,402.58,402.58,402.58,calc,merz,2124
2025-08-04,2025-08-06,DE000BU0E261,Bubill,zero,0.0,2026-02-18,Auk,False,3000.0,2532.0,468.0,98.97881,1.895,1.895,2025-02-19,2506.14,0.0,2532.0,25.86,25.86,25.86,25.86,calc,merz,2125
2025-08-05,2025-08-07,DE000BU22106,Schatz,fixed,0.019,2027-09-16,Auk,False,5000.0,3916.48,1083.52,99.995,1.9,1.9,2025-07-17,3920.57,4.28,3916.48,157.18,157.18,157.18,157.18,calc,merz,2126
2025-08-06,2025-08-08,DE0001102598,Bund,fixed,0.01,2038-05-15,M-A,False,1500.0,1261.95,238.05,80.32,2.86,2.86,2022-04-29,1016.54,2.94,1261.95,409.47,409.47,409.47,409.47,calc,merz,2127
2025-08-06,2025-08-08,DE0001135432,Bund,fixed,0.0325,2042-07-04,M-A,False,1000.0,782.0,218.0,103.25,3.0,3.0,2010-07-21,809.85,2.44,782.0,404.2,404.2,404.2,404.2,calc,merz,2128
2025-08-11,2025-08-13,DE000BU0E311,Bubill,zero,0.0,2026-07-15,Auk,False,1500.0,1310.0,190.0,98.26568,1.891,1.891,2025-07-16,1287.28,0.0,1310.0,22.72,22.72,22.72,22.72,calc,merz,2129
2025-08-13,2025-08-15,DE000BU2Z056,Bund,fixed,0.026,2035-08-15,Auk,False,5000.0,3885.0,1115.0,99.21,2.69,2.69,2025-07-04,3865.93,11.62,3885.0,1040.79,1040.79,1040.79,1040.79,calc,merz,2130
2025-08-18,2025-08-20,DE000BU0E329,Bubill,zero,0.0,2026-08-19,Auk,True,3000.0,2741.0,259.0,98.11997,1.895,1.895,2025-08-20,2689.47,0.0,2741.0,51.53,51.53,51.53,51.53,calc,merz,2131
2025-08-19,2025-08-21,DE000BU25059,Bobl,fixed,0.022,2030-10-10,Auk,False,4500.0,3423.5,1076.5,99.42,2.32,2.32,2025-07-10,3412.31,8.67,3423.5,406.76,406.76,406.76,406.76,calc,merz,2132
2025-08-20,2025-08-22,DE0001102341,Bund,fixed,0.025,2046-08-15,M-A,False,1000.0,746.5,253.5,89.65,3.18,3.18,2014-02-28,669.6,0.36,746.5,468.82,468.82,468.82,468.82,calc,merz,2133
2025-08-20,2025-08-22,DE000BU2D004,Bund,fixed,0.025,2054-08-15,M-A,False,1500.0,1149.88,350.12,85.61,3.28,3.28,2024-02-06,984.96,0.55,1149.88,998.58,998.58,998.58,998.58,calc,merz,2134
2025-08-25,2025-08-27,DE000BU0E238,Bubill,zero,0.0,2025-11-19,M-A,False,2000.0,1595.0,405.0,99.57273,1.839,1.839,2024-11-20,1588.19,0.0,1595.0,6.81,6.81,6.81,6.81,calc,merz,2135
2025-08-25,2025-08-27,DE000BU0E295,Bubill,zero,0.0,2026-05-13,M-A,False,3000.0,2187.0,813.0,98.64239,1.913,1.913,2025-05-14,2157.31,0.0,2187.0,29.69,29.69,29.69,29.69,calc,merz,2136
2025-08-27,2025-08-29,DE000BU27014,Bund,fixed,0.025,2032-11-15,Auk,True,4000.0,2675.0,1325.0,100.26,2.46,2.46,2025-08-29,2681.95,0.0,2675.0,475.46,475.46,475.46,475.46,calc,merz,2137
2025-09-01,2025-09-03,DE000BU0E279,Bubill,zero,0.0,2026-03-18,Auk,False,3000.0,2463.0,537.0,98.95748,1.935,1.935,2025-03-19,2437.32,0.0,2463.0,25.68,25.68,25.68,25.68,calc,merz,2138
2025-09-02,2025-09-04,DE000BU22106,Schatz,fixed,0.019,2027-09-16,Auk,False,4500.0,3552.04,947.96,99.867,1.96,1.96,2025-07-17,3556.38,9.06,3552.04,141.92,141.92,141.92,141.92,calc,merz,2139
2025-09-03,2025-09-05,DE000BU2Z056,Bund,fixed,0.026,2035-08-15,Auk,False,5000.0,3809.58,1190.42,98.51,2.77,2.77,2025-07-04,3769.91,17.1,3809.58,1041.55,1041.55,1041.55,1041.55,calc,merz,2140
2025-09-08,2025-09-10,DE000BU0E329,Bubill,zero,0.0,2026-08-19,Auk,False,1500.0,1375.0,125.0,98.21456,1.908,1.908,2025-08-20,1350.45,0.0,1375.0,24.55,24.55,24.55,24.55,calc,merz,2141
2025-09-09,2025-09-11,DE0001030732,Green,fixed,0.0,2031-08-15,M-A,False,500.0,490.77,9.23,87.65,2.25,2.25,2021-09-10,430.16,0.0,490.77,60.61,60.61,60.61,60.61,calc,merz,2142
2025-09-09,2025-09-11,DE000BU3Z047,Green,fixed,0.025,2035-02-15,M-A,False,1000.0,851.28,148.72,99.05,2.61,2.61,2025-04-10,852.17,8.98,851.28,208.78,208.78,208.78,208.78,calc,merz,2143
2025-09-10,2025-09-12,DE0001135366,Bund,fixed,0.0475,2040-07-04,M-A,False,1000.0,602.55,397.45,121.26,2.96,2.96,2008-07-23,736.14,5.49,602.55,295.73,295.73,295.73,295.73,calc,merz,2145
2025-09-10,2025-09-12,DE000BU2F009,Bund,fixed,0.026,2041-05-15,M-A,False,1500.0,1167.08,332.92,94.68,3.03,3.03,2024-04-12,1114.97,9.98,1167.08,537.62,537.62,537.62,537.62,calc,merz,2144
2025-09-15,2025-09-17,DE000BU0E337,Bubill,zero,0.0,2026-09-16,Auk,True,3000.0,2274.0,726.0,98.07813,1.938,1.938,2025-09-17,2230.3,0.0,2274.0,43.7,43.7,43.7,43.7,calc,merz,2146
2025-09-16,2025-09-18,DE000BU25059,Bobl,fixed,0.022,2030-10-10,Auk,False,4500.0,3490.76,1009.24,99.56,2.29,2.29,2025-07-10,3490.13,14.73,3490.76,403.97,403.97,403.97,403.97,calc,merz,2147
2025-09-17,2025-09-19,DE0001102432,Bund,fixed,0.0125,2048-08-15,M-A,False,1000.0,785.5,214.5,68.97,3.18,3.18,2017-09-20,542.7,0.94,785.5,468.63,468.63,468.63,468.63,calc,merz,2148
2025-09-17,2025-09-19,DE000BU2D012,Bund,fixed,0.029,2056-08-15,M-A,False,1500.0,1130.01,369.99,93.27,3.25,3.25,2025-03-12,1057.1,3.14,1130.01,1088.79,1088.79,1088.79,1088.79,calc,merz,2149
2025-09-22,2025-09-24,DE000BU0E253,Bubill,zero,0.0,2025-12-10,M-A,False,2500.0,2300.0,200.0,99.61839,1.791,1.791,,2291.22,0.0,2300.0,8.78,8.78,8.78,8.78,calc,merz,2150
2025-09-22,2025-09-24,DE000BU0E303,Bubill,zero,0.0,2026-06-17,M-A,False,2500.0,2030.0,470.0,98.57676,1.954,1.954,2025-06-18,2001.11,0.0,2030.0,28.89,28.89,28.89,28.89,calc,merz,2151
2025-09-23,2025-09-25,DE000BU22106,Schatz,fixed,0.019,2027-09-16,Auk,False,4500.0,3600.79,899.21,99.775,2.01,2.01,2025-07-17,3605.81,13.12,3600.79,143.24,143.24,143.24,143.24,calc,merz,2152
2025-09-24,2025-09-26,DE000BU27014,Bund,fixed,0.025,2032-11-15,Auk,False,4000.0,3044.88,955.12,99.86,2.52,2.52,2025-08-29,3046.46,5.84,3044.88,547.54,547.54,547.54,547.54,calc,merz,2153
2025-10-01,2025-10-03,DE000BU2Z056,Bund,fixed,0.026,2035-08-15,Auk,False,5000.0,3806.91,1193.09,98.93,2.72,2.72,2025-07-04,3790.85,24.68,3806.91,1017.24,1017.24,1017.24,1017.24,calc,merz,2154
2025-10-06,2025-10-08,DE000BU0E287,Bubill,zero,0.0,2026-04-15,M-A,False,2500.0,2445.0,55.0,98.99331,1.937,1.937,2025-04-16,2420.39,0.0,2445.0,24.61,24.61,24.61,24.61,calc,merz,2155
2025-10-06,2025-10-08,DE000BU0E337,Bubill,zero,0.0,2026-09-16,M-A,False,2000.0,1859.0,141.0,98.18148,1.944,1.944,2025-09-17,1825.19,0.0,1859.0,33.81,33.81,33.81,33.81,calc,merz,2156
2025-10-07,2025-10-09,DE000BU25059,Bobl,fixed,0.022,2030-10-10,Auk,False,4500.0,3404.96,1095.04,99.48,2.31,2.31,2025-07-10,3405.93,18.68,3404.96,392.46,392.46,392.46,392.46,calc,merz,2157
2025-10-08,2025-10-10,DE0001135432,Bund,fixed,0.0325,2042-07-04,M-A,False,1000.0,733.0,267.0,102.24,3.08,3.08,2010-07-21,755.82,6.4,733.0,382.17,382.17,382.17,382.17,calc,merz,2159
2025-10-08,2025-10-10,DE000BU2F009,Bund,fixed,0.026,2041-05-15,M-A,False,1000.0,852.85,147.15,94.38,3.06,3.06,2024-04-12,813.91,8.99,852.85,393.72,393.72,393.72,393.72,calc,merz,2158
2025-10-13,2025-10-15,DE000BU0E345,Bubill,zero,0.0,2026-10-14,Auk,True,3000.0,2552.0,448.0,98.14431,1.87,1.87,2025-10-15,2504.64,0.0,2552.0,47.36,47.36,47.36,47.36,calc,merz,2160
2025-10-14,2025-10-16,DE000BU22114,Schatz,fixed,0.02,2027-12-16,Auk,True,5500.0,4249.6,1250.4,100.178,1.91,1.91,2025-10-16,4257.16,0.0,4249.6,176.62,176.62,176.62,176.62,calc,merz,2161
2025-10-15,2025-10-17,DE0001102481,Bund,fixed,0.0,2050-08-15,M-A,False,1000.0,757.0,243.0,46.43,3.14,3.14,2019-08-21,351.48,0.0,757.0,405.52,405.52,405.52,405.52,calc,merz,2162
2025-10-15,2025-10-17,DE000BU2D012,Bund,fixed,0.029,2056-08-15,M-A,False,1500.0,1182.45,317.55,94.74,3.17,3.17,2025-03-12,1126.17,5.92,1182.45,1119.3,1119.3,1119.3,1119.3,calc,merz,2163
2025-10-20,2025-10-22,DE000BU0E246,Bubill,zero,0.0,2026-01-14,M-A,False,4000.0,2446.0,1554.0,99.60235,1.711,1.711,2025-01-15,2436.27,0.0,2446.0,9.73,9.73,9.73,9.73,calc,merz,2164
2025-10-20,2025-10-22,DE000BU0E311,Bubill,zero,0.0,2026-07-15,M-A,False,3000.0,1780.0,1220.0,98.61627,1.899,1.899,2025-07-16,1755.37,0.0,1780.0,24.63,24.63,24.63,24.63,calc,merz,2165
2025-10-21,2025-10-23,DE0001030740,Green,fixed,0.013,2027-10-15,M-A,False,750.0,733.09,16.91,98.93,1.86,1.86,2022-09-07,725.45,0.21,733.09,26.7,26.7,26.7,26.7,calc,merz,2167
2025-10-21,2025-10-23,DE000BU3Z047,Green,fixed,0.025,2035-02-15,M-A,False,750.0,718.4,31.6,99.85,2.52,2.52,2025-04-10,726.97,9.64,718.4,168.38,168.38,168.38,168.38,calc,merz,2166
2025-10-22,2025-10-24,DE000BU27014,Bund,fixed,0.025,2032-11-15,Auk,False,3000.0,2284.08,715.92,101.07,2.33,2.33,2025-08-29,2317.28,8.76,2284.08,378.72,378.72,378.72,378.72,calc,merz,2168
2025-10-28,2025-10-30,DE000BU25059,Bobl,fixed,0.022,2030-10-10,Auk,False,4000.0,3020.0,980.0,99.92,2.21,2.21,2025-07-10,3037.97,20.39,3020.0,330.98,330.98,330.98,330.98,calc,merz,2169
2025-10-29,2025-10-31,DE000BU2Z056,Bund,fixed,0.026,2035-08-15,Auk,False,4500.0,3378.0,1122.0,99.81,2.62,2.62,2025-07-04,3400.22,28.63,3378.0,866.17,866.17,866.17,866.17,calc,merz,2170
2025-11-03,2025-11-05,DE000BU0E295,Bubill,zero,0.0,2026-05-13,M-A,False,3000.0,2610.5,389.5,98.99383,1.936,1.936,2025-05-14,2584.23,0.0,2610.5,26.27,26.27,26.27,26.27,calc,merz,2171
2025-11-03,2025-11-05,DE000BU0E345,Bubill,zero,0.0,2026-10-14,M-A,False,1500.0,1360.5,139.5,98.23294,1.888,1.888,2025-10-15,1336.46,0.0,1360.5,24.04,24.04,24.04,24.04,calc,merz,2172
2025-11-04,2025-11-06,DE000BU22114,Schatz,fixed,0.02,2027-12-16,Auk,False,5000.0,3766.0,1234.0,100.026,1.98,1.98,2025-10-16,3771.31,4.33,3766.0,157.92,157.92,157.92,157.92,calc,merz,2173
2025-11-05,2025-11-07,DE0001135481,Bund,fixed,0.025,2044-07-04,M-A,False,1000.0,800.18,199.82,91.7,3.09,3.09,2012-04-27,740.67,6.91,800.18,439.59,439.59,439.59,439.59,calc,merz,2175
2025-11-05,2025-11-07,DE000BU2F009,Bund,fixed,0.026,2041-05-15,M-A,False,1000.0,846.15,153.85,94.9,3.02,3.02,2024-04-12,813.6,10.61,846.15,384.54,384.54,384.54,384.54,calc,merz,2174
2025-11-10,2025-11-12,DE000BU0E261,Bubill,zero,0.0,2026-02-18,M-A,False,3000.0,2275.0,725.0,99.48086,1.917,1.917,2025-02-19,2263.19,0.0,2275.0,11.81,11.81,11.81,11.81,calc,merz,2176
2025-11-10,2025-11-12,DE000BU0E329,Bubill,zero,0.0,2026-08-19,M-A,False,3000.0,1722.0,1278.0,98.51128,1.943,1.943,2025-08-20,1696.36,0.0,1722.0,25.64,25.64,25.64,25.64,calc,merz,2177
2025-11-12,2025-11-14,DE0001102341,Bund,fixed,0.025,2046-08-15,M-A,False,1000.0,898.05,101.95,90.25,3.15,3.15,2014-02-28,816.09,5.6,898.05,553.44,553.44,553.44,553.44,calc,merz,2178
2025-11-12,2025-11-14,DE000BU2D012,Bund,fixed,0.029,2056-08-15,M-A,False,1500.0,1140.2,359.8,93.08,3.26,3.26,2025-03-12,1069.54,8.24,1140.2,1095.7,1095.7,1095.7,1095.7,calc,merz,2179
2025-11-17,2025-11-19,DE000BU0E352,Bubill,zero,0.0,2026-11-18,Auk,True,3000.0,1852.0,1148.0,98.0791,1.937,1.937,2025-11-19,1816.42,0.0,1852.0,35.58,35.58,35.58,35.58,calc,merz,2180
2025-11-24,2025-11-26,DE000BU0E303,Bubill,zero,0.0,2026-06-17,Auk,False,3000.0,2903.9,96.1,98.90355,1.966,1.966,2025-06-18,2872.06,0.0,2903.9,31.84,31.84,31.84,31.84,calc,merz,2181
2025-11-25,2025-11-27,DE000BU25059,Bobl,fixed,0.022,2030-10-10,Auk,False,4000.0,3044.27,955.73,99.65,2.27,2.27,2025-07-10,3059.3,25.69,3044.27,336.72,336.72,336.72,336.72,calc,merz,2182
2025-11-26,2025-11-28,DE000BU2Z056,Bund,fixed,0.026,2035-08-15,Auk,False,3000.0,2344.49,655.51,99.42,2.67,2.67,2025-07-04,2355.44,24.55,2344.49,605.63,605.63,605.63,605.63,calc,merz,2183
2025-12-01,2025-12-03,DE000BU0E279,Bubill,zero,0.0,2026-03-18,M-A,False,3000.0,2224.0,776.0,99.42812,1.972,1.972,2025-03-19,2211.28,0.0,2224.0,12.72,12.72,12.72,12.72,calc,merz,2184
2025-12-01,2025-12-03,DE000BU0E337,Bubill,zero,0.0,2026-09-16,M-A,False,3000.0,2372.0,628.0,98.44371,1.983,1.983,2025-09-17,2335.08,0.0,2372.0,36.92,36.92,36.92,36.92,calc,merz,2185
2025-12-02,2025-12-04,DE000BU22114,Schatz,fixed,0.02,2027-12-16,Auk,False,4500.0,3562.68,937.32,99.894,2.05,2.05,2025-10-16,3568.47,9.57,3562.68,148.63,148.63,148.63,148.63,calc,merz,2186
2025-12-08,2025-12-10,DE000BU0E352,Bubill,zero,0.0,2026-11-18,Auk,False,1500.0,1332.0,168.0,98.10348,2.029,2.029,2025-11-19,1306.74,0.0,1332.0,25.26,25.26,25.26,25.26,calc,merz,2187
2026-01-05,2026-01-07,DE000BU0E287,Bubill,zero,0.0,2026-04-15,M-A,False,2000.0,1400.0,600.0,99.46174,1.988,1.988,2025-04-16,1392.46,0.0,1400.0,7.54,7.54,7.54,7.54,calc,merz,2188
2026-01-05,2026-01-07,DE000BU0E345,Bubill,zero,0.0,2026-10-14,M-A,False,2000.0,1140.0,860.0,98.4645,2.005,2.005,2025-10-15,1122.5,0.0,1140.0,17.5,17.5,17.5,17.5,calc,merz,2189
2026-01-06,2026-01-08,DE000BU22114,Schatz,fixed,0.02,2027-12-16,Auk,False,6000.0,4547.0,1453.0,99.791,2.11,2.11,2025-10-16,4558.43,20.93,4547.0,185.65,185.65,185.65,185.65,calc,merz,2190
2026-01-07,2026-01-09,DE000BU2Z064,Bund,fixed,0.029,2036-02-15,Auk,True,6000.0,4542.1,1457.9,100.6,2.83,2.83,2026-01-09,4569.35,0.0,4542.1,1303.31,1303.31,1303.31,1303.31,calc,merz,2191
2026-01-12,2026-01-14,DE000BU0E311,Bubill,zero,0.0,2026-07-15,M-A,False,2000.0,1569.0,431.0,99.00595,1.986,1.986,2025-07-16,1553.4,0.0,1569.0,15.6,15.6,15.6,15.6,calc,merz,2192
2026-01-12,2026-01-14,DE000BU0E360,Bubill,zero,0.0,2027-01-13,M-A,True,3000.0,2465.0,535.0,98.01398,2.004,2.004,2026-01-14,2416.04,0.0,2465.0,48.96,48.96,48.96,48.96,calc,merz,2193
2026-01-13,2026-01-15,DE000BU25067,Bobl,fixed,0.025,2031-04-16,Auk,True,6000.0,4596.6,1403.4,100.16,2.47,2.47,2026-01-15,4603.95,0.0,4596.6,595.87,595.87,595.87,595.87,calc,merz,2194
2026-01-14,2026-01-16,DE0001102572,Bund,fixed,0.0,2052-08-15,M-A,False,1000.0,809.37,190.63,40.58,3.45,3.45,2021-09-08,328.44,0.0,809.37,480.93,480.93,480.93,480.93,calc,merz,2196
2026-01-14,2026-01-16,DE0001135432,Bund,fixed,0.0325,2042-07-04,M-A,False,1000.0,700.92,299.08,100.23,3.23,3.23,2010-07-21,714.76,12.23,700.92,373.41,373.41,373.41,373.41,calc,merz,2195
2026-01-14,2026-01-16,DE000BU2D012,Bund,fixed,0.029,2056-08-15,M-A,False,1000.0,822.45,177.55,89.7,3.45,3.45,2025-03-12,747.8,10.06,822.45,814.03,814.03,814.03,814.03,calc,merz,2197
2026-01-19,2026-01-21,DE000BU0E303,Bubill,zero,0.0,2026-06-17,M-A,False,2000.0,1522.0,478.0,99.19678,1.983,1.983,2025-06-18,1509.77,0.0,1522.0,12.23,12.23,12.23,12.23,calc,merz,2198
2026-01-19,2026-01-21,DE000BU0E378,Bubill,zero,0.0,2026-12-09,M-A,True,3000.0,2105.0,895.0,98.24773,1.994,1.994,2026-01-21,2068.11,0.0,2105.0,36.89,36.89,36.89,36.89,calc,merz,2199
2026-01-21,2026-01-23,DE000BU2D012,Bund,fixed,0.029,2056-08-15,M-A,False,1000.0,785.56,214.44,88.95,3.49,3.49,2025-03-12,708.8,10.05,785.56,782.97,782.97,782.97,782.97,calc,merz,2201
2026-01-21,2026-01-23,DE000BU2F009,Bund,fixed,0.026,2041-05-15,M-A,False,1000.0,776.03,223.97,92.52,3.23,3.23,2024-04-12,731.97,13.99,776.03,366.89,366.89,366.89,366.89,calc,merz,2200
2026-01-27,2026-01-29,DE000BU22122,Schatz,fixed,0.021,2028-03-15,Auk,True,6000.0,4632.65,1367.35,99.925,2.14,2.14,2026-01-29,4629.18,0.0,4632.65,210.04,210.04,210.04,210.04,calc,merz,2202
2026-01-27,2026-02-03,DE000BU2T000,Bund,fixed,0.034,2047-05-15,Syn,True,6500.0,5500.0,1000.0,99.921,3.404,3.4,2026-02-03,5495.65,0.0,5500.0,3983.09,3983.09,3983.09,3983.09,calc,merz,2203
2026-01-28,2026-01-30,DE000BU2Z064,Bund,fixed,0.029,2036-02-15,Auk,False,6000.0,4604.4,1395.6,100.44,2.85,2.85,2026-01-09,4632.34,7.68,4604.4,1320.87,1320.87,1320.87,1320.87,calc,merz,2204
2026-02-02,2026-02-04,DE000BU0E295,Bubill,zero,0.0,2026-05-13,M-A,False,2000.0,1625.0,375.0,99.46254,1.985,1.985,2025-05-14,1616.27,0.0,1625.0,8.73,8.73,8.73,8.73,calc,merz,2205
2026-02-02,2026-02-04,DE000BU0E352,Bubill,zero,0.0,2026-11-18,M-A,False,2000.0,1660.0,340.0,98.44062,1.987,1.987,2025-11-19,1634.11,0.0,1660.0,25.89,25.89,25.89,25.89,calc,merz,2206
2026-02-03,2026-02-05,DE000BU3Z047,Green,fixed,0.025,2035-02-15,Auk,False,1500.0,1353.87,146.13,97.74,2.79,2.79,2025-04-10,1351.18,27.91,1353.87,336.15,336.15,336.15,336.15,calc,merz,2207
2026-02-04,2026-02-06,DE000BU27014,Bund,fixed,0.025,2032-11-15,Auk,False,4000.0,3196.62,803.38,99.35,2.6,2.6,2025-08-29,3211.09,35.25,3196.62,562.01,562.01,562.01,562.01,calc,merz,2208
2026-02-09,2026-02-11,DE000BU0E311,Bubill,zero,0.0,2026-07-15,M-A,False,2000.0,1925.0,75.0,99.1618,1.976,1.976,2025-07-16,1908.86,0.0,1925.0,16.14,16.14,16.14,16.14,calc,merz,2209
2026-02-09,2026-02-11,DE000BU0E360,Bubill,zero,0.0,2027-01-13,M-A,False,2000.0,1677.0,323.0,98.18373,1.982,1.982,2026-01-14,1646.54,0.0,1677.0,30.46,30.46,30.46,30.46,calc,merz,2210
2026-02-10,2026-02-12,DE000BU25067,Bobl,fixed,0.025,2031-04-16,Auk,False,5000.0,3811.05,1188.95,100.48,2.4,2.4,2026-01-15,3836.65,7.31,3811.05,474.53,474.53,474.53,474.53,calc,merz,2211
2026-02-11,2026-02-13,DE000BU2D004,Bund,fixed,0.025,2054-08-15,M-A,False,1000.0,749.48,250.52,82.67,3.47,3.47,2024-02-06,628.94,9.34,749.48,663.92,663.92,663.92,663.92,calc,merz,2212
2026-02-11,2026-02-13,DE000BU2D012,Bund,fixed,0.029,2056-08-15,M-A,False,1500.0,1160.42,339.58,89.26,3.47,3.48,2025-03-12,1052.57,16.78,1160.42,1151.07,1151.07,1151.07,1151.07,calc,merz,2213
2026-02-16,2026-02-18,DE000BU0E329,Bubill,zero,0.0,2026-08-19,M-A,False,2000.0,1600.0,400.0,99.0114,1.975,1.975,2025-08-20,1584.18,0.0,1600.0,15.82,15.82,15.82,15.82,calc,merz,2214
2026-02-16,2026-02-18,DE000BU0E386,Bubill,zero,0.0,2027-02-17,M-A,True,3000.0,2375.0,625.0,98.03243,1.985,1.985,2026-02-18,2328.27,0.0,2375.0,46.73,46.73,46.73,46.73,calc,merz,2215
2026-02-17,2026-02-19,DE000BU22122,Schatz,fixed,0.021,2028-03-15,Auk,False,6000.0,4590.24,1409.76,100.152,2.02,2.02,2026-01-29,4602.76,5.55,4590.24,192.15,192.15,192.15,192.15,calc,merz,2216
2026-02-18,2026-02-20,DE000BU2Z064,Bund,fixed,0.029,2036-02-15,Auk,False,5500.0,4238.07,1261.93,101.44,2.73,2.73,2026-01-09,4313.24,14.14,4238.07,1166.33,1166.33,1166.33,1166.33,calc,merz,2217
2026-02-25,2026-02-27,DE0001102598,Bund,fixed,0.01,2038-05-15,M-A,False,1000.0,821.04,178.96,80.39,2.93,2.93,2022-04-29,666.51,6.48,821.04,261.26,261.26,261.26,261.26,calc,merz,2218
2026-02-25,2026-02-27,DE000BU2F009,Bund,fixed,0.026,2041-05-15,M-A,False,1000.0,853.17,146.83,94.08,3.09,3.09,2024-04-12,820.17,17.5,853.17,387.92,387.92,387.92,387.92,calc,merz,2219
2026-03-02,2026-03-04,DE000BU0E303,Bubill,zero,0.0,2026-06-17,M-A,False,2000.0,1835.0,165.0,99.42726,1.975,1.975,2025-06-18,1824.49,0.0,1835.0,10.51,10.51,10.51,10.51,calc,merz,2220
2026-03-02,2026-03-04,DE000BU0E378,Bubill,zero,0.0,2026-12-09,M-A,False,2000.0,1705.0,295.0,98.47808,1.987,1.987,2026-01-21,1679.05,0.0,1705.0,25.95,25.95,25.95,25.95,calc,merz,2221
2026-03-03,2026-03-05,DE000BU25067,Bobl,fixed,0.025,2031-04-16,Auk,False,5000.0,3825.32,1174.68,100.31,2.43,2.44,2026-01-15,3850.02,12.84,3825.32,477.31,477.31,477.31,477.31,calc,merz,2222
2026-03-03,2026-03-05,DE000BU2F009,Bund,fixed,0.026,2041-05-15,EB,False,1000.0,0.0,1000.0,,,,2024-04-12,,,,,,,,none,merz,2223
2026-03-03,2026-03-10,DE000BU3F007,Green,fixed,0.026,2041-05-15,Syn,True,4000.0,3000.0,1000.0,93.552,3.14,3.14,2026-03-10,2806.56,0.0,3000.0,1377.54,1377.54,1377.54,1377.54,calc,merz,2224
2026-03-04,2026-03-06,DE000BU3Z005,Green,fixed,0.023,2033-02-15,Auk,False,1000.0,960.0,40.0,98.58,2.53,2.53,2023-05-03,947.52,1.15,960.0,167.04,167.04,167.04,167.04,calc,merz,2225
2026-03-09,2026-03-11,DE000BU0E329,Bubill,zero,0.0,2026-08-19,M-A,False,2000.0,583.0,1417.0,99.06299,2.115,2.115,2025-08-20,577.54,0.0,583.0,5.46,5.46,5.46,5.46,calc,merz,2226
2026-03-09,2026-03-11,DE000BU0E386,Bubill,zero,0.0,2027-02-17,M-A,False,2000.0,989.0,1011.0,97.87477,2.279,2.279,2026-02-18,967.98,0.0,989.0,21.02,21.02,21.02,21.02,calc,merz,2227
2026-03-10,2026-03-12,DE000BU22122,Schatz,fixed,0.021,2028-03-15,Auk,False,5000.0,3871.08,1128.92,99.674,2.27,2.27,2026-01-29,3867.81,9.35,3871.08,175.87,175.87,175.87,175.87,calc,merz,2228
2026-03-11,2026-03-13,DE000BU2Z064,Bund,fixed,0.029,2036-02-15,Auk,False,5000.0,3811.0,1189.0,100.05,2.89,2.89,2026-01-09,3831.98,19.08,3811.0,1095.41,1095.41,1095.41,1095.41,calc,merz,2229
2026-03-16,2026-03-18,DE000BU0E337,Bubill,zero,0.0,2026-09-16,M-A,False,2000.0,1472.0,528.0,98.93909,2.121,2.121,2025-09-17,1456.38,0.0,1472.0,15.62,15.62,15.62,15.62,calc,merz,2230
2026-03-16,2026-03-18,DE000BU0E394,Bubill,zero,0.0,2027-03-17,M-A,True,3000.0,2325.0,675.0,97.75628,2.27,2.27,2026-03-18,2272.83,0.0,2325.0,52.17,52.17,52.17,52.17,calc,merz,2231
2026-03-18,2026-03-20,DE0001102341,Bund,fixed,0.025,2046-08-15,M-A,False,1000.0,757.36,242.64,87.47,3.36,3.36,2014-02-28,673.72,11.26,757.36,481.25,481.25,481.25,481.25,calc,merz,2232
2026-03-18,2026-03-20,DE000BU2D012,Bund,fixed,0.029,2056-08-15,M-A,False,1500.0,1148.28,351.72,89.7,3.45,3.45,2025-03-12,1049.8,19.8,1148.28,1130.78,1130.78,1130.78,1130.78,calc,merz,2233
2026-03-24,2026-03-26,DE000BU25067,Bobl,fixed,0.025,2031-04-16,Auk,False,5000.0,3548.0,1452.0,98.97,2.72,2.72,2026-01-15,3528.47,17.01,3548.0,485.15,485.15,485.15,485.15,calc,merz,2234
2026-03-25,2026-03-27,DE0001102572,Bund,fixed,0.0,2052-08-15,M-A,False,1000.0,859.57,140.43,41.2,3.42,3.42,2021-09-08,354.14,0.0,859.57,505.43,505.43,505.43,505.43,calc,merz,2236
2026-03-25,2026-03-27,DE000BU2F009,Bund,fixed,0.026,2041-05-15,M-A,False,1000.0,866.05,133.95,91.88,3.29,3.29,2024-04-12,815.22,19.49,866.05,411.11,411.11,411.11,411.11,calc,merz,2235
2026-03-30,2026-04-01,DE000BU0E311,Bubill,zero,0.0,2026-07-15,M-A,False,2000.0,1892.0,108.0,99.37654,2.151,2.151,2025-07-16,1880.2,0.0,1892.0,11.8,11.8,11.8,11.8,calc,merz,2237
2026-03-30,2026-04-01,DE000BU0E360,Bubill,zero,0.0,2027-01-13,M-A,False,3000.0,2923.4,76.6,98.06045,2.481,2.481,2026-01-14,2866.7,0.0,2923.4,56.7,56.7,56.7,56.7,calc,merz,2238
2026-03-31,2026-04-02,DE000BU22122,Schatz,fixed,0.021,2028-03-15,Auk,False,5000.0,3811.0,1189.0,99.014,2.62,2.62,2026-01-29,3787.24,13.81,3811.0,193.69,193.69,193.69,193.69,calc,merz,2239
2026-04-01,2026-04-07,DE000BU27014,Bund,fixed,0.025,2032-11-15,Auk,False,4000.0,3052.0,948.0,98.33,2.78,2.78,2025-08-29,3047.23,46.2,3052.0,555.18,555.18,555.18,555.18,calc,merz,2240
2026-04-07,2026-04-09,DE0001030724,Green,fixed,0.0,2050-08-15,M-A,False,750.0,387.0,363.0,43.9,3.44,3.44,2021-05-18,169.89,0.0,387.0,217.11,217.11,217.11,217.11,calc,merz,2242
2026-04-07,2026-04-09,DE000BU3Z047,Green,fixed,0.025,2035-02-15,M-A,False,750.0,659.0,91.0,96.66,2.93,2.93,2025-04-10,639.38,2.39,659.0,167.89,167.89,167.89,167.89,calc,merz,2241
2026-04-08,2026-04-10,DE000BU2Z064,Bund,fixed,0.029,2036-02-15,Auk,False,5000.0,3817.19,1182.81,99.78,2.92,2.92,2026-01-09,3836.39,27.6,3817.19,1099.01,1099.01,1099.01,1099.01,calc,merz,2243
2026-04-13,2026-04-15,DE000BU0E345,Bubill,zero,0.0,2026-10-14,M-A,False,2000.0,1895.0,105.0,98.84565,2.31,2.31,2025-10-15,1873.13,0.0,1895.0,21.87,21.87,21.87,21.87,calc,merz,2244
2026-04-13,2026-04-15,DE000BU0E402,Bubill,zero,0.0,2027-04-14,M-A,True,3000.0,2317.0,683.0,97.51819,2.517,2.517,2026-04-15,2259.5,0.0,2317.0,57.5,57.5,57.5,57.5,calc,merz,2245
2026-04-14,2026-04-16,DE000BU25067,Bobl,fixed,0.025,2031-04-16,Auk,False,5000.0,3953.04,1046.96,98.88,2.74,2.74,2026-01-15,3908.77,0.0,3953.04,538.4,538.4,538.4,538.4,calc,merz,2246
2026-04-15,2026-04-17,DE0001102432,Bund,fixed,0.0125,2048-08-15,M-A,False,1500.0,1261.02,238.98,64.93,3.55,3.55,2017-09-20,829.36,10.58,1261.02,794.2,794.2,794.2,794.2,calc,merz,2247
2026-04-15,2026-04-17,DE0001102572,Bund,fixed,0.0,2052-08-15,M-A,False,500.0,463.0,37.0,39.75,3.57,3.57,2021-09-08,184.04,0.0,463.0,278.96,278.96,278.96,278.96,calc,merz,2248
2026-04-15,2026-04-17,DE000BU2D012,Bund,fixed,0.029,2056-08-15,M-A,False,1000.0,779.31,220.69,87.49,3.58,3.58,2025-03-12,696.99,15.17,779.31,782.92,782.92,782.92,782.92,calc,merz,2249
2026-04-20,2026-04-22,DE000BU0E337,Bubill,zero,0.0,2026-09-16,M-A,False,2000.0,1889.52,110.48,99.13253,2.143,2.143,2025-09-17,1873.13,0.0,1889.52,16.39,16.39,16.39,16.39,calc,merz,2250
2026-04-20,2026-04-22,DE000BU0E394,Bubill,zero,0.0,2027-03-17,M-A,False,2000.0,1892.0,108.0,97.91942,2.325,2.325,2026-03-18,1852.64,0.0,1892.0,39.36,39.36,39.36,39.36,calc,merz,2251
2026-04-21,2026-04-23,DE000BU22130,Schatz,fixed,0.025,2028-06-14,Auk,True,6000.0,4282.0,1718.0,100.059,2.47,2.47,2026-04-23,4284.53,0.0,4282.0,226.82,226.82,226.82,226.82,calc,merz,2252
2026-04-22,2026-04-24,DE000BU2F009,Bund,fixed,0.026,2041-05-15,M-A,False,1000.0,963.44,36.56,91.33,3.34,3.34,2024-04-12,903.52,23.61,963.44,460.71,460.71,460.71,460.71,calc,merz,2253
2026-04-22,2026-04-24,DE000BU2T000,Bund,fixed,0.034,2047-05-15,M-A,False,1000.0,957.5,42.5,98.92,3.47,3.47,2026-02-03,954.29,7.14,957.5,695.87,695.87,695.87,695.87,calc,merz,2254
2026-04-29,2026-05-04,DE000BU2Z064,Bund,fixed,0.029,2036-02-15,Auk,False,5000.0,3834.36,1165.64,98.52,3.08,3.08,2026-01-09,3812.65,35.03,3834.36,1144.95,1144.95,1144.95,1144.95,calc,merz,2255
2026-05-04,2026-05-06,DE000BU0E329,Bubill,zero,0.0,2026-08-19,M-A,False,2000.0,1894.8,105.2,99.37279,2.164,2.164,2025-08-20,1882.92,0.0,1894.8,11.88,11.88,11.88,11.88,calc,merz,2256
2026-05-04,2026-05-06,DE000BU0E386,Bubill,zero,0.0,2027-02-17,M-A,False,3000.0,2165.0,835.0,98.05509,2.488,2.488,2026-02-18,2122.89,0.0,2165.0,42.11,42.11,42.11,42.11,calc,merz,2257
2026-05-05,2026-05-07,DE000BU35025,Green,fixed,0.021,2029-04-12,M-A,False,1000.0,993.0,7.0,98.38,2.68,2.68,2024-05-03,978.34,1.43,993.0,77.22,77.22,77.22,77.22,calc,merz,2259
2026-05-05,2026-05-07,DE000BU3Z047,Green,fixed,0.025,2035-02-15,M-A,False,500.0,483.68,16.32,96.18,3.0,3.0,2025-04-10,467.89,2.68,483.68,124.62,124.62,124.62,124.62,calc,merz,2258
2026-05-06,2026-05-08,DE000BU27014,Bund,fixed,0.025,2032-11-15,Auk,False,3500.0,2661.64,838.36,98.23,2.8,2.8,2025-08-29,2660.47,45.94,2661.64,481.18,481.18,481.18,481.18,calc,merz,2260
2026-05-06,2026-05-08,DE000BU2D012,Bund,fixed,0.029,2056-08-15,Syn,False,3500.0,3500.0,0.0,88.301,3.535,3.54,2025-03-12,3164.5,73.97,3500.0,3482.0,3482.0,3482.0,3482.0,calc,merz,2261
2026-05-11,2026-05-13,DE000BU0E352,Bubill,zero,0.0,2026-11-18,M-A,False,2000.0,1930.25,69.75,98.82895,2.257,2.257,2025-11-19,1907.65,0.0,1930.25,22.6,22.6,22.6,22.6,calc,merz,2262
2026-05-11,2026-05-13,DE000BU0E410,Bubill,zero,0.0,2027-05-12,M-A,True,3000.0,2496.08,503.92,97.55186,2.482,2.482,2026-05-13,2434.97,0.0,2496.08,61.11,61.11,61.11,61.11,calc,merz,2263
2026-05-12,2026-05-14,DE000BU22130,Schatz,fixed,0.025,2028-06-14,Auk,False,6000.0,4630.0,1370.0,99.588,2.7,2.7,2026-04-23,4617.58,6.66,4630.0,260.41,260.41,260.41,260.41,calc,merz,2264
2026-05-13,2026-05-15,DE000BU2D004,Bund,fixed,0.025,2054-08-15,M-A,False,1500.0,1139.56,360.44,80.43,3.62,3.62,2024-02-06,937.86,21.31,1139.56,1027.88,1027.88,1027.88,1027.88,calc,merz,2266
2026-05-13,2026-05-15,DE000BU2T000,Bund,fixed,0.034,2047-05-15,M-A,False,1000.0,985.71,14.29,97.94,3.54,3.54,2026-02-03,974.68,9.27,985.71,724.1,724.1,724.1,724.1,calc,merz,2265
2026-05-18,2026-05-20,DE000BU0E345,Bubill,zero,0.0,2026-10-14,M-A,False,2000.0,1973.0,27.0,99.09082,2.247,2.247,2025-10-15,1955.06,0.0,1973.0,17.94,17.94,17.94,17.94,calc,merz,2267
2026-05-18,2026-05-20,DE000BU0E402,Bubill,zero,0.0,2027-04-14,M-A,False,2000.0,1920.0,80.0,97.75146,2.517,2.517,2026-04-15,1876.83,0.0,1920.0,43.17,43.17,43.17,43.17,calc,merz,2268
2026-05-19,2026-05-21,DE000BU25067,Bobl,fixed,0.025,2031-04-16,Auk,False,5000.0,3844.41,1155.59,98.42,2.85,2.85,2026-01-15,3792.88,9.22,3844.41,532.08,532.08,532.08,532.08,calc,merz,2269
2026-05-20,2026-05-22,DE000BU2Z064,Bund,fixed,0.029,2036-02-15,Auk,False,5000.0,3845.0,1155.0,97.83,3.16,3.16,2026-01-09,3802.19,40.63,3845.0,1169.16,1169.16,1169.16,1169.16,calc,merz,2270
2026-05-27,2026-05-29,DE000BU2D012,Bund,fixed,0.029,2056-08-15,M-A,False,1000.0,786.79,213.21,88.84,3.5,3.5,2025-03-12,716.93,17.94,786.79,777.19,777.19,777.19,777.19,calc,merz,2272
2026-05-27,2026-05-29,DE000BU2F009,Bund,fixed,0.026,2041-05-15,M-A,False,1000.0,762.56,237.44,91.89,3.3,3.3,2024-04-12,701.48,0.76,762.56,358.48,358.48,358.48,358.48,calc,merz,2271
2026-06-01,2026-06-03,DE000BU0E337,Bubill,zero,0.0,2026-09-16,M-A,False,2000.0,1652.0,348.0,99.36271,2.199,2.199,2025-09-17,1641.47,0.0,1652.0,10.53,10.53,10.53,10.53,calc,merz,2273
2026-06-01,2026-06-03,DE000BU0E394,Bubill,zero,0.0,2027-03-17,M-A,False,3000.0,2277.0,723.0,98.10264,2.426,2.426,2026-03-18,2233.8,0.0,2277.0,43.2,43.2,43.2,43.2,calc,merz,2274
2026-06-02,2026-06-04,DE000BU22130,Schatz,fixed,0.025,2028-06-14,Auk,False,5000.0,3857.4,1142.6,99.817,2.59,2.59,2026-04-23,3861.44,11.1,3857.4,202.57,202.57,202.57,202.57,calc,merz,2275
2026-06-08,2026-06-10,DE000BU0E352,Bubill,zero,0.0,2026-11-18,M-A,False,2000.0,1527.0,473.0,98.95295,2.366,2.366,2025-11-19,1511.01,0.0,1527.0,15.99,15.99,15.99,15.99,calc,merz,2276
2026-06-08,2026-06-10,DE000BU0E410,Bubill,zero,0.0,2027-05-12,M-A,False,2000.0,1650.0,350.0,97.66375,2.563,2.563,2026-05-13,1611.45,0.0,1650.0,38.55,38.55,38.55,38.55,calc,merz,2277
2026-06-09,2026-06-11,DE0001030757,Green,fixed,0.018,2053-08-15,M-A,False,1000.0,816.0,184.0,69.49,3.57,3.57,2023-06-20,579.11,12.07,816.0,648.15,648.15,648.15,648.15,calc,merz,2280
2026-06-09,2026-06-11,DE000BU3Z005,Green,fixed,0.023,2033-02-15,M-A,False,500.0,487.01,12.99,96.62,2.86,2.86,2023-05-03,474.11,3.56,487.01,91.31,91.31,91.31,91.31,calc,merz,2278
2026-06-09,2026-06-11,DE000BU3Z047,Green,fixed,0.025,2035-02-15,M-A,False,500.0,453.32,46.68,96.36,2.98,2.98,2025-04-10,440.42,3.6,453.32,114.9,114.9,114.9,114.9,calc,merz,2279
2026-06-10,2026-06-12,DE000BU2Z064,Bund,fixed,0.029,2036-02-15,Auk,False,5000.0,3981.65,1018.35,98.68,3.06,3.06,2026-01-09,3977.81,48.72,3981.65,1170.22,1170.22,1170.22,1170.22,calc,merz,2281
2026-06-15,2026-06-17,DE000BU0E378,Bubill,zero,0.0,2026-12-09,M-A,False,2000.0,1890.0,110.0,98.87957,2.331,2.331,2026-01-21,1868.82,0.0,1890.0,21.18,21.18,21.18,21.18,calc,merz,2282
2026-06-15,2026-06-17,DE000BU0E428,Bubill,zero,0.0,2027-06-16,M-A,True,3000.0,2768.0,232.0,97.55571,2.478,2.478,2026-06-17,2700.34,0.0,2768.0,67.66,67.66,67.66,67.66,calc,merz,2283
2026-06-16,2026-06-18,DE000BU25067,Bobl,fixed,0.025,2031-04-16,Auk,False,5000.0,3823.66,1176.34,99.35,2.64,2.64,2026-01-15,3815.31,16.5,3823.66,486.31,486.31,486.31,486.31,calc,merz,2284
2026-06-17,2026-06-19,DE0001102614,Bund,fixed,0.018,2053-08-15,M-A,False,1500.0,1136.0,364.0,70.71,3.49,3.49,2022-10-18,820.52,17.25,1136.0,888.02,888.02,888.02,888.02,calc,merz,2286
2026-06-17,2026-06-19,DE000BU2T000,Bund,fixed,0.034,2047-05-15,M-A,False,1000.0,970.92,29.08,99.94,3.4,3.4,2026-02-03,982.64,12.3,970.92,690.65,690.65,690.65,690.65,calc,merz,2285
2026-06-23,2026-06-25,DE000BU22130,Schatz,fixed,0.025,2028-06-14,Auk,False,5000.0,3806.7,1193.3,99.856,2.57,2.57,2026-04-23,3817.64,16.43,3806.7,192.95,192.95,192.95,192.95,calc,merz,2287
2026-06-24,2026-06-26,DE0001135275,Bund,fixed,0.04,2037-01-04,M-A,False,1000.0,885.92,114.08,109.32,2.96,2.96,2005-01-26,985.28,16.8,885.92,290.44,290.44,290.44,290.44,calc,merz,2289
2026-06-24,2026-06-26,DE000BU2T000,Bund,fixed,0.034,2047-05-15,M-A,False,1000.0,895.85,104.15,100.21,3.38,3.38,2026-02-03,909.66,11.93,895.85,634.25,634.25,634.25,634.25,calc,merz,2288
2026-07-01,2026-07-03,DE000BU27014,Bund,fixed,0.025,2032-11-15,Auk,False,3500.0,2673.0,827.0,98.93,2.68,2.68,2025-08-29,2700.79,56.39,2673.0,454.27,454.27,454.27,454.27,calc,merz,2290
2026-07-06,2026-07-08,DE000BU0E345,Bubill,zero,0.0,2026-10-14,M-A,False,2000.0,1058.0,942.0,99.38316,2.28,2.28,2025-10-15,1051.47,0.0,1058.0,6.53,6.53,6.53,6.53,calc,merz,2291
2026-07-06,2026-07-08,DE000BU0E402,Bubill,zero,0.0,2027-04-14,M-A,False,3000.0,1351.0,1649.0,98.16079,2.409,2.409,2026-04-15,1326.15,0.0,1351.0,24.85,24.85,24.85,24.85,calc,merz,2292
2026-07-07,2026-07-09,DE0001030740,Green,fixed,0.013,2027-10-15,M-A,False,750.0,748.56,1.44,98.53,2.49,2.49,2022-09-07,744.67,7.12,748.56,23.35,23.35,23.35,23.35,calc,merz,2294
2026-07-07,2026-07-09,DE000BU3F007,Green,fixed,0.026,2041-05-15,M-A,False,750.0,568.0,182.0,91.77,3.31,3.31,2026-03-10,526.15,4.9,568.0,266.04,266.04,266.04,266.04,calc,merz,2293
2026-07-08,2026-07-10,DE000BU2Z072,Bund,fixed,0.03,2036-08-15,Auk,True,6000.0,3902.0,2098.0,99.2,3.09,3.09,2026-07-10,3870.78,0.0,3902.0,1213.36,1213.36,1213.36,1213.36,calc,merz,2295
2026-07-13,2026-07-15,DE000BU0E360,Bubill,zero,0.0,2027-01-13,M-A,False,3000.0,2772.0,228.0,98.78345,2.436,2.436,2026-01-14,2738.28,0.0,2772.0,33.72,33.72,33.72,33.72,calc,merz,2296
2026-07-13,2026-07-15,DE000BU0E436,Bubill,zero,0.0,2027-07-14,M-A,True,3000.0,2154.0,846.0,97.4711,2.566,2.566,2026-07-15,2099.53,0.0,2154.0,54.47,54.47,54.47,54.47,calc,merz,2297
2026-07-14,2026-07-16,DE000BU22148,Schatz,fixed,0.027,2028-09-13,Auk,True,6000.0,4222.3,1777.7,99.839,2.77,2.77,2026-07-16,4215.5,0.0,4222.3,253.23,253.23,253.23,253.23,calc,merz,2298
2026-07-15,2026-07-17,DE0001102572,Bund,fixed,0.0,2052-08-15,M-A,False,1000.0,758.68,241.32,39.28,3.65,3.65,2021-09-08,298.01,0.0,758.68,460.67,460.67,460.67,460.67,calc,merz,2299
2026-07-15,2026-07-17,DE000BU2D004,Bund,fixed,0.025,2054-08-15,M-A,False,1000.0,753.0,247.0,80.16,3.64,3.64,2024-02-06,620.93,17.33,753.0,677.99,677.99,677.99,677.99,calc,merz,2300
2026-07-15,2026-07-17,DE000BU2D012,Bund,fixed,0.029,2056-08-15,M-A,False,1000.0,767.86,232.14,86.6,3.64,3.64,2025-03-12,685.47,20.5,767.86,772.7,772.7,772.7,772.7,calc,merz,2301
2026-07-20,2026-07-22,DE000BU0E378,Bubill,zero,0.0,2026-12-09,M-A,False,2000.0,1485.6,514.4,99.07301,2.406,2.406,2026-01-21,1471.83,0.0,1485.6,13.77,13.77,13.77,13.77,calc,merz,2302
2026-07-20,2026-07-22,DE000BU0E428,Bubill,zero,0.0,2027-06-16,M-A,False,2000.0,1472.0,528.0,97.65986,2.622,2.622,2026-06-17,1437.55,0.0,1472.0,34.45,34.45,34.45,34.45,calc,merz,2303
2026-07-21,2026-07-23,DE000BU25075,Bobl,fixed,0.029,2031-10-08,Auk,True,6000.0,4552.8,1447.2,100.02,2.89,2.89,2026-07-23,4553.71,0.0,4552.8,687.1,687.1,687.1,687.1,calc,merz,2304
2026-07-22,2026-07-24,DE000BU2F009,Bund,fixed,0.026,2041-05-15,M-A,False,1000.0,805.78,194.22,90.17,3.46,3.46,2024-04-12,730.59,4.02,805.78,389.44,389.44,389.44,389.44,calc,merz,2305
2026-07-22,2026-07-24,DE000BU2T000,Bund,fixed,0.034,2047-05-15,M-A,False,1000.0,901.62,98.38,97.14,3.6,3.6,2026-02-03,890.2,14.36,901.62,663.66,663.66,663.66,663.66,calc,merz,2306
2026-07-29,2026-07-31,DE000BU2Z072,Bund,fixed,0.03,2036-08-15,Auk,False,6000.0,4497.0,1503.0,98.91,3.13,3.13,2026-07-10,4455.74,7.76,4497.0,1403.66,1403.66,1403.66,1403.66,calc,merz,2307
2026-08-04,2026-08-06,DE000BU22148,Schatz,fixed,0.027,2028-09-13,Auk,False,6000.0,4551.89,1448.11,99.827,2.78,2.78,2026-07-16,4551.09,7.07,4551.89,266.47,266.47,266.47,266.47,calc,merz,2308
2026-08-05,2026-08-07,DE0001030757,Green,fixed,0.018,2053-08-15,M-A,False,500.0,310.0,190.0,69.22,3.6,3.6,2023-06-20,220.04,5.46,310.0,246.2,246.2,246.2,246.2,calc,merz,2310
2026-08-05,2026-08-07,DE000BU35025,Green,fixed,0.021,2029-04-12,M-A,False,500.0,489.6,10.4,98.44,2.71,2.71,2024-05-03,485.26,3.3,489.6,35.19,35.19,35.19,35.19,calc,merz,2311
2026-08-05,2026-08-07,DE000BU3Z047,Green,fixed,0.025,2035-02-15,M-A,False,500.0,472.0,28.0,96.2,3.01,3.01,2025-04-10,459.66,5.59,472.0,118.54,118.54,118.54,118.54,calc,merz,2309
2026-08-10,2026-08-12,DE000BU0E352,Bubill,zero,0.0,2026-11-18,M-A,False,2000.0,1843.0,157.0,99.35467,2.386,2.386,2025-11-19,1831.11,0.0,1843.0,11.89,11.89,11.89,11.89,calc,merz,2312
2026-08-10,2026-08-12,DE000BU0E410,Bubill,zero,0.0,2027-05-12,M-A,False,3000.0,2663.0,337.0,98.09418,2.562,2.562,2026-05-13,2612.25,0.0,2663.0,50.75,50.75,50.75,50.75,calc,merz,2313
2026-08-11,2026-08-13,DE000BU25075,Bobl,fixed,0.029,2031-10-08,Auk,False,6000.0,4627.48,1372.52,99.84,2.93,2.93,2026-07-23,4627.8,7.72,4627.48,698.98,698.98,698.98,698.98,calc,merz,2314
2026-08-12,2026-08-14,DE0001102598,Bund,fixed,0.01,2038-05-15,M-A,False,1000.0,886.89,113.11,78.0,3.29,3.29,2022-04-29,693.99,2.21,886.89,299.33,299.33,299.33,299.33,calc,merz,2315
2026-08-12,2026-08-14,DE0001102614,Bund,fixed,0.018,2053-08-15,M-A,False,1500.0,1063.0,437.0,68.56,3.65,3.65,2022-10-18,747.87,19.08,1063.0,850.88,850.88,850.88,850.88,calc,merz,2316
2026-08-17,2026-08-19,DE000BU0E386,Bubill,zero,0.0,2027-02-17,M-A,False,3000.0,2780.0,220.0,98.7509,2.502,2.502,2026-02-18,2745.28,0.0,2780.0,34.72,34.72,34.72,34.72,calc,merz,2317
2026-08-17,2026-08-19,DE000BU0E444,Bubill,zero,0.0,2027-08-18,M-A,True,3000.0,2295.0,705.0,97.38472,2.656,2.656,2026-08-19,2234.98,0.0,2295.0,60.02,60.02,60.02,60.02,calc,merz,2318
2026-08-18,2026-08-20,DE000BU2D012,Bund,fixed,0.029,2056-08-15,Syn,False,4000.0,4000.0,0.0,84.327,3.783,3.78,2025-03-12,3374.67,1.59,4000.0,4105.33,4105.33,4105.33,4105.33,calc,merz,2319
2026-08-19,2026-08-21,DE000BU2Z072,Bund,fixed,0.03,2036-08-15,Auk,False,6000.0,3769.0,2231.0,97.78,3.26,3.26,2026-07-10,3698.34,13.01,3769.0,1212.51,1212.51,1212.51,1212.51,calc,merz,2320
2026-08-24,2026-08-26,DE000BU0E360,Bubill,zero,0.0,2027-01-13,M-A,False,2500.0,2420.0,80.0,99.04019,2.492,2.492,2026-01-14,2396.77,0.0,2420.0,23.23,23.23,23.23,23.23,calc,merz,2321
2026-08-24,2026-08-26,DE000BU0E436,Bubill,zero,0.0,2027-07-14,M-A,False,2500.0,2215.0,285.0,97.68716,2.647,2.647,2026-07-15,2163.77,0.0,2215.0,51.23,51.23,51.23,51.23,calc,merz,2322
2026-08-25,2026-08-27,DE000BU22148,Schatz,fixed,0.027,2028-09-13,Auk,False,5000.0,3827.96,1172.04,99.696,2.85,2.85,2026-07-16,3828.22,11.89,3827.96,223.16,223.16,223.16,223.16,calc,merz,2323
2026-08-26,2026-08-28,DE0001102432,Bund,fixed,0.0125,2048-08-15,M-A,False,1000.0,979.75,20.25,63.87,3.68,3.68,2017-09-20,626.2,0.44,979.75,622.98,622.98,622.98,622.98,calc,merz,2325
2026-08-26,2026-08-28,DE000BU2F009,Bund,fixed,0.026,2041-05-15,M-A,False,1000.0,901.8,98.2,89.81,3.5,3.5,2024-04-12,816.65,6.74,901.8,436.85,436.85,436.85,436.85,calc,merz,2324
2026-09-01,2026-09-03,DE000BU25075,Bobl,fixed,0.029,2031-10-08,Auk,False,5500.0,4280.6,1219.4,99.09,3.09,3.09,2026-07-23,4255.93,14.28,4280.6,671.54,671.54,671.54,671.54,calc,merz,2326
2026-09-07,2026-09-09,DE000BU0E378,Bubill,zero,0.0,2026-12-09,M-A,False,2000.0,1780.0,220.0,99.37727,2.479,2.479,2026-01-21,1768.92,0.0,1780.0,11.08,11.08,11.08,11.08,calc,merz,2327
2026-09-07,2026-09-09,DE000BU0E428,Bubill,zero,0.0,2027-06-16,M-A,False,3000.0,2405.0,595.0,97.92529,2.724,2.724,2026-06-17,2355.1,0.0,2405.0,49.9,49.9,49.9,49.9,calc,merz,2328
2026-09-08,2026-09-10,DE000BU3F007,Green,fixed,0.026,2041-05-15,M-A,False,750.0,644.0,106.0,88.28,3.64,3.64,2026-03-10,576.96,8.44,644.0,321.22,321.22,321.22,321.22,calc,merz,2330
2026-09-08,2026-09-10,DE000BU3Z005,Green,fixed,0.023,2033-02-15,M-A,False,750.0,731.88,18.12,94.91,3.19,3.19,2023-05-03,704.17,9.55,731.88,145.54,145.54,145.54,145.54,calc,merz,2329
2026-09-09,2026-09-11,DE000BU2Z072,Bund,fixed,0.03,2036-08-15,Auk,False,5500.0,4200.99,1299.01,96.73,3.39,3.39,2026-07-10,4085.37,21.75,4200.99,1388.35,1388.35,1388.35,1388.35,calc,merz,2331
2026-09-14,2026-09-16,DE000BU0E394,Bubill,zero,0.0,2027-03-17,M-A,False,2000.0,1825.0,175.0,98.61993,2.768,2.768,2026-03-18,1799.81,0.0,1825.0,25.19,25.19,25.19,25.19,calc,merz,2332
2026-09-14,2026-09-16,DE000BU0E451,Bubill,zero,0.0,2027-09-15,M-A,True,4000.0,3650.0,350.0,96.9941,3.065,3.065,,3540.28,0.0,3650.0,109.72,109.72,109.72,109.72,calc,merz,2333
2026-09-15,2026-09-17,DE000BU22148,Schatz,fixed,0.027,2028-09-13,Auk,False,5000.0,3816.88,1183.12,98.906,3.27,3.27,2026-07-16,3792.91,17.79,3816.88,246.74,246.74,246.74,246.74,calc,merz,2334
2026-09-16,2026-09-18,DE000BU2D012,Bund,fixed,0.029,2056-08-15,M-A,False,1500.0,1257.41,242.59,82.57,3.9,3.9,2025-03-12,1041.64,3.4,1257.41,1309.72,1309.72,1309.72,1309.72,calc,merz,2336
2026-09-16,2026-09-18,DE000BU2T000,Bund,fixed,0.034,2047-05-15,M-A,False,1000.0,863.82,136.18,93.21,3.88,3.88,2026-02-03,823.43,18.27,863.82,665.28,665.28,665.28,665.28,calc,merz,2335
2026-09-21,2026-09-23,DE000BU0E386,Bubill,zero,0.0,2027-02-17,M-A,False,3000.0,2930.0,70.0,98.90912,2.701,2.701,2026-02-18,2898.04,0.0,2930.0,31.96,31.96,31.96,31.96,calc,merz,2337
2026-09-21,2026-09-23,DE000BU0E444,Bubill,zero,0.0,2027-08-18,M-A,False,2000.0,1985.8,14.2,97.34795,2.981,2.981,2026-08-19,1933.14,0.0,1985.8,52.66,52.66,52.66,52.66,calc,merz,2338
2026-09-22,2026-09-24,DE000BU25075,Bobl,fixed,0.029,2031-10-08,Auk,False,5000.0,3735.0,1265.0,98.24,3.28,3.28,2026-07-23,3687.96,18.7,3735.0,611.47,611.47,611.47,611.47,calc,merz,2339
2026-09-23,2026-09-25,DE000BU2D012,Bund,fixed,0.029,2056-08-15,M-A,False,1000.0,783.6,216.4,84.05,3.8,3.8,2025-03-12,661.17,2.55,783.6,804.16,804.16,804.16,804.16,calc,merz,2341
2026-09-23,2026-09-25,DE000BU2T000,Bund,fixed,0.034,2047-05-15,M-A,False,1000.0,869.74,130.26,94.53,3.78,3.78,2026-02-03,841.12,18.96,869.74,657.79,657.79,657.79,657.79,calc,merz,2340
