date,settle,isin,instrument,method,coupon,maturity,allotted,paof,cash_pub,price_pub,price,price_source,yield_pub,yield_calc,proceeds,accrued,redemption,cost,cost_low,cost_high,cost_fixed,status,gov,fm,source,row
1998-05-20,1998-05-21,6% Treasury Stock 2028,Gilt,AUK,0.06,2028-12-06,3000.0,,3086.6,103.01325000000001,103.01325,veröffentlicht (Durchschnittskurs bzw. Emissionskurs),5.79,5.7883,3172.49,82.09,3000.0,5407.51,5407.51,5407.51,5407.51,calc,blair,Gordon Brown,gb_auctions,1247
1998-07-29,1998-07-30,5¾% Treasury Stock 2009,Gilt,AUK,0.0575,2009-12-07,2500.0,,2490.5,100.25,100.25,veröffentlicht (Durchschnittskurs bzw. Emissionskurs),5.72,5.7188,2527.07,20.82,2500.0,1626.06,1626.06,1626.06,1626.06,calc,blair,Gordon Brown,gb_auctions,1246
1998-11-25,1998-11-26,2½% Index-linked Treasury Stock 2013,IL Gilt (8M),AUK,0.025,,445.3,,815.5,183.2,,,2.419418373957,,,,,,,,,none,blair,Gordon Brown,gb_auctions,1245
1999-01-27,1999-01-28,2½% Index-linked Treasury Stock 2024,IL Gilt (8M),AUK,0.025,,440.0,,816.2,181.6,,,2.013214031681,,,,,,,,,none,blair,Gordon Brown,gb_auctions,1244
1999-04-28,1999-04-29,4 1/8% Index-linked Treasury Stock 2030,IL Gilt (8M),AUK,0.04125,,500.0,,771.7,179.34,,,1.968464964589,,,,,,,,,none,blair,Gordon Brown,gb_auctions,1243
1999-05-26,1999-05-27,6% Treasury Stock 2028,Gilt,AUK,0.06,2028-12-06,2480.0,,2990.0,120.59,120.59,veröffentlicht (Durchschnittskurs bzw. Emissionskurs),4.702710854028,4.703,2986.54,-4.09,2480.0,3883.06,3883.06,3883.06,3883.06,calc,blair,Gordon Brown,gb_auctions,1242
1999-06-22,1999-06-23,5% Treasury Stock 2004,Gilt,AUK,0.05,2004-06-19,2480.0,,2438.9,98.79,98.79,veröffentlicht (Durchschnittskurs bzw. Emissionskurs),5.2792054437700004,5.2792,2449.99,0.0,2480.0,648.65,648.65,648.65,648.65,calc,blair,Gordon Brown,gb_auctions,1241
1999-07-28,1999-07-29,2½% Index-linked Treasury Stock 2011,IL Gilt (8M),AUK,0.025,,375.0,,844.1,225.5,,,2.192707686662,,,,,,,,,none,blair,Gordon Brown,gb_auctions,1240
1999-09-28,1999-09-29,5¾% Treasury Stock 2009,Gilt,AUK,0.0575,2009-12-07,2730.0,,2739.7,100.41,100.41,veröffentlicht (Durchschnittskurs bzw. Emissionskurs),5.693905352809001,5.6952,2790.09,48.89,2730.0,1588.15,1588.15,1588.15,1588.15,calc,blair,Gordon Brown,gb_auctions,1239
1999-10-27,1999-10-28,2½% Index-linked Treasury Stock 2016,IL Gilt (8M),AUK,0.025,,350.0,,716.1,204.61,,,2.339019656835,,,,,,,,,none,blair,Gordon Brown,gb_auctions,1238
1999-11-24,1999-11-25,6% Treasury Stock 2028,Gilt,AUK,0.06,2028-12-06,2000.0,,2577.3,128.95,128.95,veröffentlicht (Durchschnittskurs bzw. Emissionskurs),4.253705522341,4.2539,2635.39,56.39,2000.0,2904.61,2904.61,2904.61,2904.61,calc,blair,Gordon Brown,gb_auctions,1237
2000-01-26,2000-01-27,2½% Index-linked Treasury Stock 2024,IL Gilt (8M),AUK,0.025,,350.0,,654.2,187.01,,,1.9343723298070001,,,,,,,,,none,blair,Gordon Brown,gb_auctions,1236
2000-05-03,2000-05-04,2½% Index-linked Treasury Stock 2020,IL Gilt (8M),AUK,0.025,,375.0,,820.8,219.0,,,1.917588424785,,,,,,,,,none,blair,Gordon Brown,gb_auctions,1235
2000-05-24,2000-05-25,4¼% Treasury Stock 2032,Gilt,AUK,0.0425,2032-06-07,2500.0,,2405.3,96.21,96.21,veröffentlicht (Durchschnittskurs bzw. Emissionskurs),4.473635362974,4.4737,2405.25,0.0,2500.0,3498.52,3498.52,3498.52,3498.52,calc,blair,Gordon Brown,gb_auctions,1234
2000-07-26,2000-07-27,2½% Index-linked Treasury Stock 2013,IL Gilt (8M),AUK,0.025,,425.0,,830.4,195.45,,,2.182924592706,,,,,,,,,none,blair,Gordon Brown,gb_auctions,1233
2000-10-25,2000-10-26,4 1/8% Index-linked Treasury Stock 2030,IL Gilt (8M),AUK,0.04125,,450.0,,850.2,189.0,,,1.870145180206,,,,,,,,,none,blair,Gordon Brown,gb_auctions,1232
2000-11-21,2000-11-22,4¼% Treasury Stock 2032,Gilt,AUK,0.0425,2032-06-07,2250.0,,2188.1,97.27,97.27,veröffentlicht (Durchschnittskurs bzw. Emissionskurs),4.410868218831,4.411,2235.86,47.29,2250.0,3077.53,3077.53,3077.53,3077.53,calc,blair,Gordon Brown,gb_auctions,1231
2001-01-24,2001-01-25,2½% Index-linked Treasury Stock 2016,IL Gilt (8M),AUK,0.025,,450.0,,984.0,218.75,,,2.0833082750689997,,,,,,,,,none,blair,Gordon Brown,gb_auctions,1230
2001-03-28,2001-03-29,4¼% Treasury Stock 2032,Gilt,AUK,0.0425,2032-06-07,2000.0,,1935.6,96.82,96.82,veröffentlicht (Durchschnittskurs bzw. Emissionskurs),4.438800646259,4.439,1962.55,26.15,2000.0,2714.95,2714.95,2714.95,2714.95,calc,blair,Gordon Brown,gb_auctions,1229
2001-04-25,2001-04-26,2½% Index-linked Treasury Stock 2011,IL Gilt (8M),AUK,0.025,,400.0,,901.0,225.3,,,2.5861523898370002,,,,,,,,,none,blair,Gordon Brown,gb_auctions,1228
2001-05-24,2001-05-25,5% Treasury Stock 2012,Gilt,AUK,0.05,2012-03-07,2500.0,,2469.1,98.81,98.81,veröffentlicht (Durchschnittskurs bzw. Emissionskurs),5.14487,5.1449,2487.57,17.32,2500.0,1377.92,1377.92,1377.92,1377.92,calc,blair,Gordon Brown,gb_auctions,1227
2001-07-25,2001-07-26,2½% Index-linked Treasury Stock 2024,IL Gilt (8M),AUK,0.025,,500.0,,910.0,182.05,,,2.2947040000000003,,,,,,,,,none,blair,Gordon Brown,gb_auctions,1226
2001-09-26,2001-09-27,5% Treasury Stock 2025,Gilt,AUK,0.05,2025-03-07,2500.0,,2504.1,100.25,100.25,veröffentlicht (Durchschnittskurs bzw. Emissionskurs),4.981787,4.9816,2513.16,6.91,2500.0,2924.34,2924.34,2924.34,2924.34,calc,blair,Gordon Brown,gb_auctions,1225
2001-10-24,2001-10-25,2½% Index-linked Treasury Stock 2016,IL Gilt (8M),AUK,0.025,,425.0,,904.9,213.0,,,2.393646,,,,,,,,,none,blair,Gordon Brown,gb_auctions,1224
2001-12-06,2001-12-07,5% Treasury Stock 2025,Gilt,AUK,0.05,2025-03-07,2750.0,,2884.3,104.93,104.93,veröffentlicht (Durchschnittskurs bzw. Emissionskurs),4.65035,4.6503,2920.14,34.56,2750.0,3061.11,3061.11,3061.11,3061.11,calc,blair,Gordon Brown,gb_auctions,1223
2002-01-24,2002-01-25,4 1/8% Index-linked Treasury Stock 2030,IL Gilt (8M),AUK,0.04125,,500.0,,881.5,176.35,,,2.232126,,,,,,,,,none,blair,Gordon Brown,gb_auctions,1222
2002-03-27,2002-03-28,5% Treasury Stock 2012,Gilt,AUK,0.05,2012-03-07,2250.0,,2201.0,98.01,98.01,veröffentlicht (Durchschnittskurs bzw. Emissionskurs),5.258805,5.2591,2211.64,6.42,2250.0,1163.36,1163.36,1163.36,1163.36,calc,blair,Gordon Brown,gb_auctions,1221
2002-04-24,2002-04-25,2½% Index-linked Treasury Stock 2020,IL Gilt (8M),AUK,0.025,,425.0,,893.2,210.17,,,2.3905179999999997,,,,,,,,,none,blair,Gordon Brown,gb_auctions,1220
2002-05-29,2002-05-30,5% Treasury Stock 2025,Gilt,AUK,0.05,2025-03-07,2250.0,,2195.7,97.62,97.62,veröffentlicht (Durchschnittskurs bzw. Emissionskurs),5.1780420000000005,5.1786,2222.13,25.68,2250.0,2615.37,2615.37,2615.37,2615.37,calc,blair,Gordon Brown,gb_auctions,1219
2002-06-25,2002-06-26,5% Treasury Stock 2008,Gilt,AUK,0.05,2008-03-05,3000.0,,2986.6,99.63,99.63,veröffentlicht (Durchschnittskurs bzw. Emissionskurs),5.077008,5.0772,2988.9,0.0,3000.0,865.04,865.04,865.04,865.04,calc,blair,Gordon Brown,gb_auctions,1218
2002-07-10,2002-07-11,2% Index-linked Treasury Stock 2035,IL Gilt (8M),AUK,0.02,,950.0,,928.9,97.8,,,2.0887510000000002,,,,,,,,,none,blair,Gordon Brown,gb_auctions,1217
2002-07-24,2002-07-25,5% Treasury Stock 2014,Gilt,AUK,0.05,2014-09-07,2750.0,,2778.3,101.05,101.05,veröffentlicht (Durchschnittskurs bzw. Emissionskurs),4.884323999999999,4.8848,2778.88,0.0,2750.0,1637.57,1637.57,1637.57,1637.57,calc,blair,Gordon Brown,gb_auctions,1216
2002-09-25,2002-09-26,2% Index-linked Treasury Stock 2035,IL Gilt (8M),AUK,0.02,,900.0,,817.8,99.0,,,2.037315,,,,,,,,,none,blair,Gordon Brown,gb_auctions,1215
2002-10-22,2002-10-23,5% Treasury Stock 2014,Gilt,AUK,0.05,2014-09-07,2750.0,,2805.9,102.05,102.05,veröffentlicht (Durchschnittskurs bzw. Emissionskurs),4.770323,4.7712,2823.85,17.47,2750.0,1576.15,1576.15,1576.15,1576.15,calc,blair,Gordon Brown,gb_auctions,1214
2002-10-24,2002-10-25,2½% Index-linked Treasury Stock 2013,IL Gilt (8M),AUK,0.025,,450.0,,889.2,197.72,,,2.397561,,,,,,,,,none,blair,Gordon Brown,gb_auctions,1213
2002-12-03,2002-12-04,5% Treasury Stock 2025,Gilt,AUK,0.05,2025-03-07,2750.0,,2837.6,103.21,103.21,veröffentlicht (Durchschnittskurs bzw. Emissionskurs),4.763668,4.7639,2871.7,33.43,2750.0,2972.05,2972.05,2972.05,2972.05,calc,blair,Gordon Brown,gb_auctions,1212
2003-01-15,2003-01-16,5% Treasury Stock 2008,Gilt,AUK,0.05,2008-03-05,2750.0,,2836.1,103.27,103.27,veröffentlicht (Durchschnittskurs bzw. Emissionskurs),4.282873,4.2824,2890.44,50.52,2750.0,615.81,615.81,615.81,615.81,calc,blair,Gordon Brown,gb_auctions,1211
2003-01-22,2003-01-23,2½% Index-linked Treasury Stock 2020,IL Gilt (8M),AUK,0.025,,425.0,,960.1,226.01,,,2.029402,,,,,,,,,none,blair,Gordon Brown,gb_auctions,1210
2003-02-26,2003-02-27,4¼% Treasury Stock 2036,Gilt,AUK,0.0425,2036-03-07,2750.0,,2684.8,97.65,97.65,veröffentlicht (Durchschnittskurs bzw. Emissionskurs),4.385276999999999,4.3853,2685.38,0.0,2750.0,3924.08,3924.08,3924.08,3924.08,calc,blair,Gordon Brown,gb_auctions,1209
2003-03-26,2003-03-27,5% Treasury Stock 2008,Gilt,AUK,0.05,2008-03-05,2500.0,,2587.6,103.63,103.63,veröffentlicht (Durchschnittskurs bzw. Emissionskurs),4.178028,4.1785,2598.22,7.47,2500.0,526.78,526.78,526.78,526.78,calc,blair,Gordon Brown,gb_auctions,1208
2003-04-16,2003-04-17,2½% Index-linked Treasury Stock 2009,IL Gilt (8M),AUK,0.025,,425.0,,995.2,234.27,,,1.740495,,,,,,,,,none,blair,Gordon Brown,gb_auctions,1207
2003-04-24,2003-04-25,5% Treasury Stock 2014,Gilt,AUK,0.05,2014-09-07,2500.0,,2603.0,104.22,104.22,veröffentlicht (Durchschnittskurs bzw. Emissionskurs),4.520409,4.5205,2622.14,16.64,2500.0,1315.36,1315.36,1315.36,1315.36,calc,blair,Gordon Brown,gb_auctions,1206
2003-05-13,2003-05-14,4% Treasury Stock 2009,Gilt,AUK,0.04,2009-03-07,3500.0,,3491.6,99.82,99.82,veröffentlicht (Durchschnittskurs bzw. Emissionskurs),4.035852,4.0359,3493.7,0.0,3500.0,820.43,820.43,820.43,820.43,calc,blair,Gordon Brown,gb_auctions,1205
2003-05-28,2003-05-29,4¼% Treasury Stock 2036,Gilt,AUK,0.0425,2036-03-07,2250.0,,2210.3,98.27,98.27,veröffentlicht (Durchschnittskurs bzw. Emissionskurs),4.34892,4.3491,2234.76,23.68,2250.0,3172.98,3172.98,3172.98,3172.98,calc,blair,Gordon Brown,gb_auctions,1204
2003-06-12,2003-06-13,5% Treasury Stock 2014,Gilt,AUK,0.05,2014-09-07,2500.0,,2697.7,107.98,107.98,veröffentlicht (Durchschnittskurs bzw. Emissionskurs),4.104611,4.1054,2732.79,33.29,2500.0,1204.71,1204.71,1204.71,1204.71,calc,blair,Gordon Brown,gb_auctions,1203
2003-06-24,2003-06-25,2½% Index-linked Treasury Stock 2024,IL Gilt (8M),AUK,0.025,,350.0,,699.3,200.0,,,1.9520570000000002,,,,,,,,,none,blair,Gordon Brown,gb_auctions,1202
2003-06-26,2003-06-27,4% Treasury Stock 2009,Gilt,AUK,0.04,2009-03-07,3250.0,,3263.7,100.44,100.44,veröffentlicht (Durchschnittskurs bzw. Emissionskurs),3.912924,3.9133,3279.84,15.54,3250.0,726.13,726.13,726.13,726.13,calc,blair,Gordon Brown,gb_auctions,1201
2003-07-02,2003-07-03,4¼% Treasury Stock 2036,Gilt,AUK,0.0425,2036-03-07,2250.0,,2111.0,93.86,93.86,veröffentlicht (Durchschnittskurs bzw. Emissionskurs),4.615068,4.6153,2144.63,32.78,2250.0,3263.11,3263.11,3263.11,3263.11,calc,blair,Gordon Brown,gb_auctions,1200
2003-07-16,2003-07-17,2½% Index-linked Treasury Stock 2013,IL Gilt (8M),AUK,0.025,,425.0,,906.0,213.25,,,1.766420300917,,,,,,,,,none,blair,Gordon Brown,gb_auctions,1199
2003-07-29,2003-07-30,5% Treasury Stock 2014,Gilt,AUK,0.05,2014-09-07,2500.0,,2590.0,103.68,103.68,veröffentlicht (Durchschnittskurs bzw. Emissionskurs),4.573165378911,4.5732,2641.25,49.25,2500.0,1296.25,1296.25,1296.25,1296.25,calc,blair,Gordon Brown,gb_auctions,1198
2003-08-14,2003-08-15,4% Treasury Stock 2009,Gilt,AUK,0.04,2009-03-07,3250.0,,3189.0,98.12,98.12,veröffentlicht (Durchschnittskurs bzw. Emissionskurs),4.38446112896,4.3845,3221.75,32.85,3250.0,784.22,784.22,784.22,784.22,calc,blair,Gordon Brown,gb_auctions,1197
2003-09-10,2003-09-11,4¼% Treasury Stock 2036,Gilt,AUK,0.0425,2036-03-07,2500.0,,2285.0,91.39,91.39,veröffentlicht (Durchschnittskurs bzw. Emissionskurs),4.774222,4.7742,2285.92,1.17,2500.0,3667.21,3667.21,3667.21,3667.21,calc,blair,Gordon Brown,gb_auctions,1196
2003-09-23,2003-09-24,2% Index-linked Treasury Stock 2035,IL Gilt (8M),AUK,0.02,,650.0,,654.0,100.7,,,2.089554,,,,,,,,,none,blair,Gordon Brown,gb_auctions,1195
2003-09-25,2003-09-26,4¾% Treasury Stock 2015,Gilt,AUK,0.0475,2015-09-07,2750.0,,2768.0,100.66,100.66,veröffentlicht (Durchschnittskurs bzw. Emissionskurs),4.677544,4.6775,2768.15,0.0,2750.0,1542.53,1542.53,1542.53,1542.53,calc,blair,Gordon Brown,gb_auctions,1194
2003-10-15,2003-10-16,4% Treasury Stock 2009,Gilt,AUK,0.04,2009-03-07,3250.0,,3131.0,96.42,96.42,veröffentlicht (Durchschnittskurs bzw. Emissionskurs),4.759666,4.7597,3147.58,13.93,3250.0,817.42,817.42,817.42,817.42,calc,blair,Gordon Brown,gb_auctions,1193
2003-10-23,2003-10-24,2½% Index-linked Treasury Stock 2011,IL Gilt (8M),AUK,0.025,,400.0,,990.0,247.5,,,2.101653,,,,,,,,,none,blair,Gordon Brown,gb_auctions,1192
2003-10-29,2003-10-30,4¾% Treasury Stock 2015,Gilt,AUK,0.0475,2015-09-07,2500.0,,2441.0,97.7,97.7,veröffentlicht (Durchschnittskurs bzw. Emissionskurs),5.009452,5.0095,2453.59,11.09,2500.0,1465.21,1465.21,1465.21,1465.21,calc,blair,Gordon Brown,gb_auctions,1191
2003-11-25,2003-11-26,4¼% Treasury Stock 2036,Gilt,AUK,0.0425,2036-03-07,2500.0,,2245.2,89.83,89.83,veröffentlicht (Durchschnittskurs bzw. Emissionskurs),4.878432,4.8784,2269.1,23.35,2500.0,3684.02,3684.02,3684.02,3684.02,calc,blair,Gordon Brown,gb_auctions,1190
2003-12-02,2003-12-03,2% Index-linked Treasury Stock 2035,IL Gilt (8M),AUK,0.02,,675.0,,681.3,101.0,,,2.1038140000000003,,,,,,,,,none,blair,Gordon Brown,gb_auctions,1189
2004-01-13,2004-01-14,2½% Index-linked Treasury Stock 2016,IL Gilt (8M),AUK,0.025,,400.0,,940.8,235.26,,,1.8905340000000002,,,,,,,,,none,blair,Gordon Brown,gb_auctions,1188
2004-01-28,2004-01-29,5% Treasury Stock 2025,Gilt,AUK,0.05,2025-03-07,2500.0,,2574.1,102.99,102.99,veröffentlicht (Durchschnittskurs bzw. Emissionskurs),4.7732600000000005,4.7733,2624.2,49.45,2500.0,2563.3,2563.3,2563.3,2563.3,calc,blair,Gordon Brown,gb_auctions,1187
2004-02-12,2004-02-13,4½% Treasury Stock 2007,Gilt,AUK,0.045,2007-03-07,3000.0,,2999.5,100.05,100.05,veröffentlicht (Durchschnittskurs bzw. Emissionskurs),4.481122,4.4811,3001.5,0.0,3000.0,412.03,412.03,412.03,412.03,calc,blair,Gordon Brown,gb_auctions,1186
2004-02-24,2004-02-25,2% Index-linked Treasury Stock 2035,IL Gilt (8M),AUK,0.02,,600.0,,644.3,107.43,,,1.84537,,,,,,,,,none,blair,Gordon Brown,gb_auctions,1185
2004-03-24,2004-03-25,4½% Treasury Stock 2007,Gilt,AUK,0.045,2007-03-07,2750.0,,2744.4,99.99,99.99,veröffentlicht (Durchschnittskurs bzw. Emissionskurs),4.5007839999999995,4.5008,2763.6,13.87,2750.0,365.47,365.47,365.47,365.47,calc,blair,Gordon Brown,gb_auctions,1184
2004-04-22,2004-04-23,4¾% Treasury Stock 2038,Gilt,AUK,0.0475,2038-12-07,2500.0,,2478.5,99.15,99.15,veröffentlicht (Durchschnittskurs bzw. Emissionskurs),4.80009,4.8001,2478.75,0.0,2500.0,4132.73,4132.73,4132.73,4132.73,calc,blair,Gordon Brown,gb_auctions,1183
2004-04-28,2004-04-29,2% Index-linked Treasury Stock 2035,IL Gilt (8M),AUK,0.02,,575.0,,632.5,110.03,,,1.7774889999999999,,,,,,,,,none,blair,Gordon Brown,gb_auctions,1182
2004-05-20,2004-05-21,2½% Index-linked Treasury Stock 2020,IL Gilt (8M),AUK,0.025,,475.0,,1111.4,234.06,,,2.030007,,,,,,,,,none,blair,Gordon Brown,gb_auctions,1181
2004-05-25,2004-05-26,4½% Treasury Stock 2007,Gilt,AUK,0.045,2007-03-07,3000.0,,2952.4,98.6,98.6,veröffentlicht (Durchschnittskurs bzw. Emissionskurs),5.041315,5.0413,2995.88,37.88,3000.0,417.65,417.65,417.65,417.65,calc,blair,Gordon Brown,gb_auctions,1180
2004-05-27,2004-05-28,4¾% Treasury Stock 2038,Gilt,AUK,0.0475,2038-12-07,2500.0,,2453.6,98.16,98.16,veröffentlicht (Durchschnittskurs bzw. Emissionskurs),4.859689,4.8597,2465.36,11.36,2500.0,4146.12,4146.12,4146.12,4146.12,calc,blair,Gordon Brown,gb_auctions,1179
2004-06-17,2004-06-18,4¾% Treasury Stock 2015,Gilt,AUK,0.0475,2015-09-07,2750.0,,2639.2,96.03,96.03,veröffentlicht (Durchschnittskurs bzw. Emissionskurs),5.221103,5.2211,2677.39,36.56,2750.0,1574.8,1574.8,1574.8,1574.8,calc,blair,Gordon Brown,gb_auctions,1178
2004-06-24,2004-06-25,2% Index-linked Treasury Stock 2035,IL Gilt (8M),AUK,0.02,,600.0,,665.1,110.88,,,1.786465,,,,,,,,,none,blair,Gordon Brown,gb_auctions,1177
2004-07-15,2004-07-16,4½% Treasury Stock 2007,Gilt,AUK,0.045,2007-03-07,2750.0,,2712.9,98.73,98.73,veröffentlicht (Durchschnittskurs bzw. Emissionskurs),5.015707,5.0157,2766.95,51.87,2750.0,362.12,362.12,362.12,362.12,calc,blair,Gordon Brown,gb_auctions,1176
2004-07-22,2004-07-23,4¾% Treasury Stock 2038,Gilt,AUK,0.0475,2038-12-07,2250.0,,2234.7,99.38,99.38,veröffentlicht (Durchschnittskurs bzw. Emissionskurs),4.786017,4.786,2262.62,26.57,2250.0,3687.71,3687.71,3687.71,3687.71,calc,blair,Gordon Brown,gb_auctions,1175
2004-07-28,2004-07-29,2½% Index-linked Treasury Stock 2013,IL Gilt (8M),AUK,0.025,,425.0,,894.0,210.42,,,2.238846,,,,,,,,,none,blair,Gordon Brown,gb_auctions,1174
2004-08-12,2004-08-13,5¾% Treasury Stock 2009,Gilt,AUK,0.0575,2009-12-07,2500.0,,2586.5,103.51,103.51,veröffentlicht (Durchschnittskurs bzw. Emissionskurs),4.988503,4.9885,2614.06,26.31,2500.0,676.56,676.56,676.56,676.56,calc,blair,Gordon Brown,gb_auctions,1173
2004-09-16,2004-09-17,4¾% Treasury Stock 2015,Gilt,AUK,0.0475,2015-09-07,2500.0,,2457.8,98.41,98.41,veröffentlicht (Durchschnittskurs bzw. Emissionskurs),4.939266,4.9393,2463.53,3.28,2500.0,1342.72,1342.72,1342.72,1342.72,calc,blair,Gordon Brown,gb_auctions,1172
2004-09-28,2004-09-29,4 1/8% Index-linked Treasury Stock 2030,IL Gilt (8M),AUK,0.04125,,350.0,,716.1,204.9,,,1.711098,,,,,,,,,none,blair,Gordon Brown,gb_auctions,1171
2004-10-14,2004-10-15,4¾% Treasury Stock 2038,Gilt,AUK,0.0475,2038-12-07,2250.0,,2325.9,103.48,103.48,veröffentlicht (Durchschnittskurs bzw. Emissionskurs),4.5477609999999995,4.5478,2379.4,51.1,2250.0,3570.93,3570.93,3570.93,3570.93,calc,blair,Gordon Brown,gb_auctions,1170
2004-10-26,2004-10-27,2½% Index-linked Treasury Stock 2016,IL Gilt (8M),AUK,0.025,,350.0,,850.4,243.13,,,1.80447,,,,,,,,,none,blair,Gordon Brown,gb_auctions,1169
2004-10-28,2004-10-29,4¾% Treasury Stock 2015,Gilt,AUK,0.0475,2015-09-07,2500.0,,2499.5,100.05,100.05,veröffentlicht (Durchschnittskurs bzw. Emissionskurs),4.743377,4.7434,2518.31,17.06,2500.0,1287.94,1287.94,1287.94,1287.94,calc,blair,Gordon Brown,gb_auctions,1168
2004-11-18,2004-11-19,4¾% Treasury Stock 2010,Gilt,AUK,0.0475,2010-06-07,3500.0,,3524.0,100.71,100.71,veröffentlicht (Durchschnittskurs bzw. Emissionskurs),4.602969,4.603,3524.85,0.0,3500.0,897.7,897.7,897.7,897.7,calc,blair,Gordon Brown,gb_auctions,1167
2004-11-24,2004-11-25,2% Index-linked Treasury Stock 2035,IL Gilt (8M),AUK,0.02,,600.0,,711.2,118.55,,,1.541472,,,,,,,,,none,blair,Gordon Brown,gb_auctions,1166
2004-12-07,2004-12-08,4¾% Treasury Stock 2038,Gilt,AUK,0.0475,2038-12-07,2500.0,,2635.0,105.46,105.46,veröffentlicht (Durchschnittskurs bzw. Emissionskurs),4.43741,4.4374,2636.83,0.33,2500.0,3900.67,3900.67,3900.67,3900.67,calc,blair,Gordon Brown,gb_auctions,1165
2005-01-12,2005-01-13,2% Index-linked Treasury Stock 2035,IL Gilt (8M),AUK,0.02,,625.0,,756.3,121.03,,,1.4657499999999999,,,,,,,,,none,blair,Gordon Brown,gb_auctions,1164
2005-01-20,2005-01-21,4¾% Treasury Stock 2010,Gilt,AUK,0.0475,2010-06-07,3000.0,,3029.7,101.01,101.01,veröffentlicht (Durchschnittskurs bzw. Emissionskurs),4.5343279999999995,4.5343,3054.92,24.62,3000.0,735.83,735.83,735.83,735.83,calc,blair,Gordon Brown,gb_auctions,1163
2005-01-27,2005-01-28,4¾% Treasury Stock 2038,Gilt,AUK,0.0475,2038-12-07,2250.0,,2351.7,104.55,104.55,veröffentlicht (Durchschnittskurs bzw. Emissionskurs),4.487071,4.4871,2367.64,15.27,2250.0,3516.11,3516.11,3516.11,3516.11,calc,blair,Gordon Brown,gb_auctions,1162
2005-02-02,2005-02-03,2½% Index-linked Treasury Stock 2013,IL Gilt (8M),AUK,0.025,,375.0,,829.1,221.1,,,1.800025,,,,,,,,,none,blair,Gordon Brown,gb_auctions,1161
2005-02-24,2005-02-25,4¾% Treasury Stock 2010,Gilt,AUK,0.0475,2010-06-07,2750.0,,2747.2,99.93,99.93,veröffentlicht (Durchschnittskurs bzw. Emissionskurs),4.762998,4.763,2783.21,35.13,2750.0,691.65,691.65,691.65,691.65,calc,blair,Gordon Brown,gb_auctions,1160
2005-03-02,2005-03-03,4 1/8% Index-linked Treasury Stock 2030,IL Gilt (8M),AUK,0.04125,,400.0,,829.1,207.4,,,1.664188,,,,,,,,,none,blair,Gordon Brown,gb_auctions,1159
2005-03-24,2005-03-29,4¾% Treasury Stock 2020,Gilt,AUK,0.0475,2020-03-07,2500.0,,2478.5,99.18,99.18,veröffentlicht (Durchschnittskurs bzw. Emissionskurs),4.827949,4.8279,2479.5,0.0,2500.0,1794.65,1794.65,1794.65,1794.65,calc,blair,Gordon Brown,gb_auctions,1158
2005-04-12,2005-04-13,2% Index-linked Treasury Stock 2035,IL Gilt (8M),AUK,0.02,,800.0,,929.3,116.21,,,1.6541229999999998,,,,,,,,,none,blair,Gordon Brown,gb_auctions,1157
2005-04-14,2005-04-15,5% Treasury Stock 2025,Gilt,AUK,0.05,2025-03-07,2500.0,,2616.0,104.64,104.64,veröffentlicht (Durchschnittskurs bzw. Emissionskurs),4.6399040000000005,4.6399,2629.25,13.25,2500.0,2370.75,2370.75,2370.75,2370.75,calc,blair,Gordon Brown,gb_auctions,1156
2005-04-28,2005-04-29,4¾% Treasury Stock 2010,Gilt,AUK,0.0475,2010-06-07,3000.0,,3026.8,101.03,101.03,veröffentlicht (Durchschnittskurs bzw. Emissionskurs),4.520646,4.5206,3093.89,62.99,3000.0,696.87,696.87,696.87,696.87,calc,blair,Gordon Brown,gb_auctions,1155
2005-05-24,2005-05-25,2½% Index-linked Treasury Stock 2016,IL Gilt (8M),AUK,0.025,,425.0,,1060.5,249.65,,,1.6892660000000002,,,,,,,,,none,blair,Gordon Brown,gb_auctions,1154
2005-05-26,2005-05-27,4¼% Treasury Gilt 2055,Gilt,AUK,0.0425,2055-12-07,2500.0,,2522.7,100.93,100.93,veröffentlicht (Durchschnittskurs bzw. Emissionskurs),4.2053840000000005,4.2054,2523.25,0.0,2500.0,5345.59,5345.59,5345.59,5345.59,calc,blair,Gordon Brown,gb_auctions,1153
2005-06-07,2005-06-08,4¾% Treasury Stock 2020,Gilt,AUK,0.0475,2020-03-07,2750.0,,2886.3,104.98,104.98,veröffentlicht (Durchschnittskurs bzw. Emissionskurs),4.2904860000000005,4.2905,2912.15,25.2,2750.0,1789.41,1789.41,1789.41,1789.41,calc,blair,Gordon Brown,gb_auctions,1152
2005-06-23,2005-06-24,4 1/8% Index-linked Treasury Stock 2030,IL Gilt (8M),AUK,0.04125,,450.0,,966.3,214.8,,,1.5346819999999999,,,,,,,,,none,blair,Gordon Brown,gb_auctions,1151
2005-07-14,2005-07-15,4¼% Treasury Gilt 2055,Gilt,AUK,0.0425,2055-12-07,2250.0,,2238.1,99.5,99.5,veröffentlicht (Durchschnittskurs bzw. Emissionskurs),4.2739650000000005,4.274,2251.57,12.82,2250.0,4830.38,4830.38,4830.38,4830.38,calc,blair,Gordon Brown,gb_auctions,1150
2005-07-26,2005-07-27,2½% Index-linked Treasury Stock 2020,IL Gilt (8M),AUK,0.025,,400.0,,1011.1,252.87,,,1.657381,,,,,,,,,none,blair,Gordon Brown,gb_auctions,1149
2005-08-02,2005-08-03,4% Treasury Stock 2009,Gilt,AUK,0.04,2009-03-07,3000.0,,2966.8,99.18,99.18,veröffentlicht (Durchschnittskurs bzw. Emissionskurs),4.247371,4.2474,3023.99,48.59,3000.0,456.01,456.01,456.01,456.01,calc,blair,Gordon Brown,gb_auctions,1148
2005-09-06,2005-09-07,4¼% Treasury Stock 2036,Gilt,AUK,0.0425,2036-03-07,2750.0,,2767.6,100.66,100.66,veröffentlicht (Durchschnittskurs bzw. Emissionskurs),4.211368,4.2114,2768.15,0.0,2750.0,3546.54,3546.54,3546.54,3546.54,calc,blair,Gordon Brown,gb_auctions,1147
2005-09-27,2005-09-28,4¾% Treasury Stock 2020,Gilt,AUK,0.0475,2020-03-07,2750.0,,2873.0,104.59,104.59,veröffentlicht (Durchschnittskurs bzw. Emissionskurs),4.319255,4.3193,2883.8,7.58,2750.0,1760.26,1760.26,1760.26,1760.26,calc,blair,Gordon Brown,gb_auctions,1146
2005-10-13,2005-10-14,4¼% Treasury Stock 2032,Gilt,AUK,0.0425,2032-06-07,2750.0,,2711.4,98.6,98.6,veröffentlicht (Durchschnittskurs bzw. Emissionskurs),4.338843,4.3388,2752.69,41.19,2750.0,3152.93,3152.93,3152.93,3152.93,calc,blair,Gordon Brown,gb_auctions,1145
2005-10-25,2005-10-26,1¼% Index-linked Treasury Gilt 2055,IL Gilt,AUK,0.0125,2055-11-22,675.0,,707.2,104.61,104.77037,aus veröffentlichtem Cash-Erlös (geteilt durch Index-Verhältniszahl),1.129188,1.1292,707.2,0.0,2627.58,2907.97,1565.78,5182.01,217.94,proj,blair,Gordon Brown,gb_auctions,1144
2005-11-08,2005-11-09,4¼% Treasury Gilt 2011,Gilt,AUK,0.0425,2011-03-07,3250.0,,3216.7,98.98,98.98,veröffentlicht (Durchschnittskurs bzw. Emissionskurs),4.468448,4.4684,3216.85,0.0,3250.0,768.8,768.8,768.8,768.8,calc,blair,Gordon Brown,gb_auctions,1143
2005-11-24,2005-11-25,2½% Index-linked Treasury Stock 2013,IL Gilt (8M),AUK,0.025,,525.0,,1193.6,227.41,,,1.5763319999999998,,,,,,,,,none,blair,Gordon Brown,gb_auctions,1142
2005-12-07,2005-12-08,4¼% Treasury Gilt 2055,Gilt,AUK,0.0425,2055-12-07,2250.0,,2355.2,104.68,104.68,veröffentlicht (Durchschnittskurs bzw. Emissionskurs),4.031634,4.0316,2355.56,0.26,2250.0,4675.69,4675.69,4675.69,4675.69,calc,blair,Gordon Brown,gb_auctions,1141
2005-12-14,2005-12-15,4 1/8% Index-linked Treasury Stock 2030,IL Gilt (8M),AUK,0.04125,,375.0,,863.4,230.33,,,1.148849,,,,,,,,,none,blair,Gordon Brown,gb_auctions,1140
2006-01-10,2006-01-11,4¾% Treasury Stock 2020,Gilt,AUK,0.0475,2020-03-07,2500.0,,2678.7,107.16,107.16,veröffentlicht (Durchschnittskurs bzw. Emissionskurs),4.078601,4.0786,2720.33,41.33,2500.0,1501.54,1501.54,1501.54,1501.54,calc,blair,Gordon Brown,gb_auctions,1139
2006-01-24,2006-01-25,1¼% Index-linked Treasury Gilt 2055,IL Gilt,AUK,0.0125,2055-11-22,650.0,,884.1,135.15,135.306379,aus veröffentlichtem Cash-Erlös (geteilt durch Index-Verhältniszahl),0.459796,0.4598,886.14,2.04,2530.26,2595.13,1302.66,4784.95,8.14,proj,blair,Gordon Brown,gb_auctions,1138
2006-01-26,2006-01-27,4¼% Treasury Gilt 2011,Gilt,AUK,0.0425,2011-03-07,3000.0,,2997.1,99.92,99.92,veröffentlicht (Durchschnittskurs bzw. Emissionskurs),4.2675,4.2675,3025.42,27.82,3000.0,653.64,653.64,653.64,653.64,calc,blair,Gordon Brown,gb_auctions,1137
2006-02-07,2006-02-08,1¼% Index-linked Treasury Gilt 2017,IL Gilt,AUK,0.0125,2017-11-22,1000.0,,997.0,99.72,99.7,aus veröffentlichtem Cash-Erlös (geteilt durch Index-Verhältniszahl),1.275711,1.2757,997.0,0.0,1419.43,602.32,602.32,602.32,602.32,calc,blair,Gordon Brown,gb_auctions,1136
2006-02-16,2006-02-17,4¼% Treasury Gilt 2055,Gilt,AUK,0.0425,2055-12-07,2500.0,,2734.9,109.43,109.43,veröffentlicht (Durchschnittskurs bzw. Emissionskurs),3.8246890000000002,3.8247,2756.77,21.02,2500.0,5055.73,5055.73,5055.73,5055.73,calc,blair,Gordon Brown,gb_auctions,1135
2006-03-01,2006-03-02,4% Treasury Gilt 2016,Gilt,AUK,0.04,2016-09-07,3000.0,,2949.6,98.36,98.36,veröffentlicht (Durchschnittskurs bzw. Emissionskurs),4.1944349999999995,4.1944,2950.8,0.0,3000.0,1310.86,1310.86,1310.86,1310.86,calc,blair,Gordon Brown,gb_auctions,1134
2006-03-07,2006-03-08,2% Index-linked Treasury Stock 2035,IL Gilt (8M),AUK,0.02,,625.0,,874.2,139.91,,,0.9092239999999999,,,,,,,,,none,blair,Gordon Brown,gb_auctions,1133
2006-04-04,2006-04-05,4¼% Treasury Gilt 2055,Gilt,AUK,0.0425,2055-12-07,2000.0,,2123.7,106.19,106.19,veröffentlicht (Durchschnittskurs bzw. Emissionskurs),3.9637130000000003,3.9637,2151.59,27.79,2000.0,4098.41,4098.41,4098.41,4098.41,calc,blair,Gordon Brown,gb_auctions,1132
2006-04-11,2006-04-12,1¼% Index-linked Treasury Gilt 2017,IL Gilt,AUK,0.0125,2017-11-22,1200.0,,1177.65,98.17,98.153205,aus veröffentlichtem Cash-Erlös (geteilt durch Index-Verhältniszahl),1.421543,1.4215,1180.26,2.61,1703.32,738.93,738.93,738.93,738.93,calc,blair,Gordon Brown,gb_auctions,1131
2006-04-25,2006-04-26,1¼% Index-linked Treasury Gilt 2027,IL Gilt,AUK,0.0125,2027-11-22,1100.0,,1072.5,97.51,97.5,aus veröffentlichtem Cash-Erlös (geteilt durch Index-Verhältniszahl),1.3838910000000002,1.3839,1072.5,0.0,2439.89,1810.18,1759.02,1861.4,424.99,proj,blair,Gordon Brown,gb_auctions,1130
2006-05-11,2006-05-12,4¼% Treasury Gilt 2046,Gilt,AUK,0.0425,2046-12-07,2250.0,,2253.24,100.16,100.16,veröffentlicht (Durchschnittskurs bzw. Emissionskurs),4.241517,4.2415,2253.6,0.0,2250.0,3876.04,3876.04,3876.04,3876.04,calc,blair,Gordon Brown,gb_auctions,1129
2006-05-23,2006-05-24,1¼% Index-linked Treasury Gilt 2055,IL Gilt,AUK,0.0125,2055-11-22,700.0,,751.84,106.0,106.153108,aus veröffentlichtem Cash-Erlös (geteilt durch Index-Verhältniszahl),1.092729,1.0927,751.89,0.05,2724.9,2992.1,1600.21,5350.37,210.7,proj,blair,Gordon Brown,gb_auctions,1128
2006-05-25,2006-05-26,4% Treasury Gilt 2016,Gilt,AUK,0.04,2016-09-07,2750.0,,2624.85,95.48,95.48,veröffentlicht (Durchschnittskurs bzw. Emissionskurs),4.55465,4.5546,2651.13,25.43,2750.0,1255.39,1255.39,1255.39,1255.39,calc,blair,Gordon Brown,gb_auctions,1127
2006-06-07,2006-06-08,4¼% Treasury Gilt 2046,Gilt,AUK,0.0425,2046-12-07,2750.0,,2774.5,100.92,100.92,veröffentlicht (Durchschnittskurs bzw. Emissionskurs),4.202202,4.2022,2783.97,8.67,2750.0,4707.82,4707.82,4707.82,4707.82,calc,blair,Gordon Brown,gb_auctions,1126
2006-06-22,2006-06-23,4¼% Treasury Gilt 2011,Gilt,AUK,0.0425,2011-03-07,2500.0,,2442.45,97.72,97.72,veröffentlicht (Durchschnittskurs bzw. Emissionskurs),4.795453,4.7955,2474.18,31.18,2500.0,557.07,557.07,557.07,557.07,calc,blair,Gordon Brown,gb_auctions,1125
2006-06-27,2006-06-28,1¼% Index-linked Treasury Gilt 2027,IL Gilt,AUK,0.0125,2027-11-22,900.0,,884.92,97.2,97.180628,aus veröffentlichtem Cash-Erlös (geteilt durch Index-Verhältniszahl),1.401859,1.4019,886.88,1.96,1996.27,1471.67,1429.82,1513.58,348.93,proj,blair,Gordon Brown,gb_auctions,1124
2006-07-04,2006-07-05,4¼% Treasury Gilt 2046,Gilt,AUK,0.0425,2046-12-07,2250.0,,2255.2,100.24,100.24,veröffentlicht (Durchschnittskurs bzw. Emissionskurs),4.2371170000000005,4.2371,2269.55,14.15,2250.0,3860.1,3860.1,3860.1,3860.1,calc,blair,Gordon Brown,gb_auctions,1123
2006-07-11,2006-07-12,1¼% Index-linked Treasury Gilt 2017,IL Gilt,AUK,0.0125,2017-11-22,1200.0,,1174.82,96.36,96.310615,aus veröffentlichtem Cash-Erlös (geteilt durch Index-Verhältniszahl),1.6016460000000001,1.6016,1176.93,2.11,1703.32,737.96,737.96,737.96,737.96,calc,blair,Gordon Brown,gb_auctions,1122
2006-07-25,2006-07-26,2½% Index-linked Treasury Stock 2024,IL Gilt (8M),AUK,0.025,,450.0,,1068.28,237.48,,,1.321756,,,,,,,,,none,blair,Gordon Brown,gb_auctions,1121
2006-08-01,2006-08-02,4% Treasury Gilt 2016,Gilt,AUK,0.04,2016-09-07,2500.0,,2377.11,95.09,95.09,veröffentlicht (Durchschnittskurs bzw. Emissionskurs),4.613268,4.6133,2418.85,41.6,2500.0,1132.53,1132.53,1132.53,1132.53,calc,blair,Gordon Brown,gb_auctions,1120
2006-08-23,2006-08-24,1¼% Index-linked Treasury Gilt 2027,IL Gilt,AUK,0.0125,2027-11-22,1000.0,,1042.0,102.0,101.9789,aus veröffentlichtem Cash-Erlös (geteilt durch Index-Verhältniszahl),1.1436549999999999,1.1437,1046.18,4.18,2218.08,1574.44,1527.93,1621.0,336.96,proj,blair,Gordon Brown,gb_auctions,1119
2006-09-05,2006-09-06,4¼% Treasury Gilt 2027,Gilt,AUK,0.0425,2027-12-07,2250.0,,2229.15,99.09,99.09,veröffentlicht (Durchschnittskurs bzw. Emissionskurs),4.316257,4.3163,2229.53,0.0,2250.0,2052.64,2052.64,2052.64,2052.64,calc,blair,Gordon Brown,gb_auctions,1118
2006-09-19,2006-09-20,1¼% Index-linked Treasury Gilt 2017,IL Gilt,AUK,0.0125,2017-11-22,1200.0,,1191.7,96.93,96.919273,aus veröffentlichtem Cash-Erlös (geteilt durch Index-Verhältniszahl),1.550306,1.5503,1196.75,5.05,1703.32,718.14,718.14,718.14,718.14,calc,blair,Gordon Brown,gb_auctions,1117
2006-09-21,2006-09-22,4¼% Treasury Gilt 2011,Gilt,AUK,0.0425,2011-03-07,2500.0,,2437.94,97.61,97.61,veröffentlicht (Durchschnittskurs bzw. Emissionskurs),4.852084,4.8521,2444.65,4.4,2500.0,533.47,533.47,533.47,533.47,calc,blair,Gordon Brown,gb_auctions,1116
2006-09-27,2006-09-28,2% Index-linked Treasury Stock 2035,IL Gilt (8M),AUK,0.02,,675.0,,960.29,142.31,,,0.9453360000000001,,,,,,,,,none,blair,Gordon Brown,gb_auctions,1115
2006-10-03,2006-10-04,4¼% Treasury Gilt 2027,Gilt,AUK,0.0425,2027-12-07,2250.0,,2248.97,99.98,99.98,veröffentlicht (Durchschnittskurs bzw. Emissionskurs),4.251634,4.2516,2256.87,7.32,2250.0,2025.3,2025.3,2025.3,2025.3,calc,blair,Gordon Brown,gb_auctions,1114
2006-10-12,2006-10-13,1¼% Index-linked Treasury Gilt 2017,IL Gilt,AUK,0.0125,2017-11-22,1200.0,,1195.5,97.11,97.095658,aus veröffentlichtem Cash-Erlös (geteilt durch Index-Verhältniszahl),1.533905,1.5339,1201.52,6.02,1703.32,713.37,713.37,713.37,713.37,calc,blair,Gordon Brown,gb_auctions,1113
2006-10-24,2006-10-25,1¼% Index-linked Treasury Gilt 2055,IL Gilt,AUK,0.0125,2055-11-22,650.0,,787.13,116.97,117.130872,aus veröffentlichtem Cash-Erlös (geteilt durch Index-Verhältniszahl),0.8284560000000001,0.8285,790.69,3.56,2530.26,2685.87,1393.4,4875.69,117.48,proj,blair,Gordon Brown,gb_auctions,1112
2006-11-07,2006-11-08,4¼% Treasury Gilt 2046,Gilt,AUK,0.0425,2046-12-07,2250.0,,2403.24,106.82,106.82,veröffentlicht (Durchschnittskurs bzw. Emissionskurs),3.911415,3.9114,2450.52,47.07,2250.0,3679.13,3679.13,3679.13,3679.13,calc,blair,Gordon Brown,gb_auctions,1111
2006-11-23,2006-11-24,4% Treasury Gilt 2016,Gilt,AUK,0.04,2016-09-07,2500.0,,2387.06,95.55,95.55,veröffentlicht (Durchschnittskurs bzw. Emissionskurs),4.568376,4.5684,2410.3,21.55,2500.0,1089.7,1089.7,1089.7,1089.7,calc,blair,Gordon Brown,gb_auctions,1110
2006-11-28,2006-11-29,1¼% Index-linked Treasury Gilt 2027,IL Gilt,AUK,0.0125,2027-11-22,1000.0,,1061.85,103.03,103.014222,aus veröffentlichtem Cash-Erlös (geteilt durch Index-Verhältniszahl),1.088076,1.0881,1062.1,0.25,2218.08,1551.16,1504.65,1597.72,322.68,proj,blair,Gordon Brown,gb_auctions,1109
2006-11-29,2006-11-30,4¼% Treasury Gilt 2011,Gilt,AUK,0.0425,2011-03-07,2500.0,,2442.07,97.75,97.75,veröffentlicht (Durchschnittskurs bzw. Emissionskurs),4.838159,4.8382,2468.4,24.65,2500.0,509.72,509.72,509.72,509.72,calc,blair,Gordon Brown,gb_auctions,1108
2006-12-05,2006-12-06,4¼% Treasury Gilt 2027,Gilt,AUK,0.0425,2027-12-07,2250.0,,2259.92,100.45,100.45,veröffentlicht (Durchschnittskurs bzw. Emissionskurs),4.2175,4.2175,2259.86,-0.26,2250.0,1998.26,1998.26,1998.26,1998.26,calc,blair,Gordon Brown,gb_auctions,1107
2006-12-14,2006-12-15,2% Index-linked Treasury Stock 2035,IL Gilt (8M),AUK,0.02,,650.0,,914.87,140.79,,,1.024838,,,,,,,,,none,blair,Gordon Brown,gb_auctions,1106
2007-01-09,2007-01-10,4¼% Treasury Gilt 2027,Gilt,AUK,0.0425,2027-12-07,2250.0,,2199.6,97.79,97.79,veröffentlicht (Durchschnittskurs bzw. Emissionskurs),4.412686,4.4127,2209.21,8.93,2250.0,2048.92,2048.92,2048.92,2048.92,calc,blair,Gordon Brown,gb_auctions,1105
2007-01-18,2007-01-19,1¼% Index-linked Treasury Gilt 2017,IL Gilt,AUK,0.0125,2017-11-22,1200.0,,1185.89,95.45,95.339508,aus veröffentlichtem Cash-Erlös (geteilt durch Index-Verhältniszahl),1.711623,1.7116,1188.38,2.49,1703.32,718.78,718.78,718.78,718.78,calc,blair,Gordon Brown,gb_auctions,1104
2007-01-25,2007-01-26,1¼% Index-linked Treasury Gilt 2055,IL Gilt,AUK,0.0125,2055-11-22,625.0,,762.54,116.71,116.881161,aus veröffentlichtem Cash-Erlös (geteilt durch Index-Verhältniszahl),0.832739,0.8327,764.0,1.46,2432.94,2574.79,1332.02,4680.39,111.42,proj,blair,Gordon Brown,gb_auctions,1103
2007-02-06,2007-02-07,4¼% Treasury Gilt 2046,Gilt,AUK,0.0425,2046-12-07,2250.0,,2289.35,101.76,101.76,veröffentlicht (Durchschnittskurs bzw. Emissionskurs),4.158923,4.1589,2305.89,16.29,2250.0,3769.11,3769.11,3769.11,3769.11,calc,blair,Gordon Brown,gb_auctions,1102
2007-02-20,2007-02-21,1 1/8% Index-linked Treasury Gilt 2037,IL Gilt,AUK,0.01125,2037-11-22,1000.0,,1011.19,101.14,101.119,aus veröffentlichtem Cash-Erlös (geteilt durch Index-Verhältniszahl),1.081336,1.0813,1011.19,0.0,2594.59,2187.94,1645.54,2846.09,291.67,proj,blair,Gordon Brown,gb_auctions,1101
2007-02-22,2007-02-23,4% Treasury Gilt 2016,Gilt,AUK,0.04,2016-09-07,2750.0,,2559.27,93.21,93.21,veröffentlicht (Durchschnittskurs bzw. Emissionskurs),4.899841,4.8998,2614.63,51.35,2750.0,1235.37,1235.37,1235.37,1235.37,calc,blair,Gordon Brown,gb_auctions,1100
2007-03-06,2007-03-07,4¼% Treasury Gilt 2027,Gilt,AUK,0.0425,2027-12-07,2250.0,,2189.51,97.32,97.32,veröffentlicht (Durchschnittskurs bzw. Emissionskurs),4.448697,4.4487,2213.34,23.64,2250.0,2044.78,2044.78,2044.78,2044.78,calc,blair,Gordon Brown,gb_auctions,1099
2007-03-15,2007-03-16,5¼% Treasury Gilt 2012,Gilt,AUK,0.0525,2012-06-07,2750.0,,2781.01,101.15,101.15,veröffentlicht (Durchschnittskurs bzw. Emissionskurs),4.99906,4.9991,2781.62,0.0,2750.0,723.17,723.17,723.17,723.17,calc,blair,Gordon Brown,gb_auctions,1098
2007-03-27,2007-03-28,1¼% Index-linked Treasury Gilt 2027,IL Gilt,AUK,0.0125,2027-11-22,950.0,,978.67,99.13,99.098547,aus veröffentlichtem Cash-Erlös (geteilt durch Index-Verhältniszahl),1.2981379999999998,1.2981,982.97,4.3,2107.18,1499.63,1455.45,1543.86,340.9,proj,blair,Gordon Brown,gb_auctions,1097
2007-04-03,2007-04-04,4¼% Treasury Gilt 2046,Gilt,AUK,0.0425,2046-12-07,2000.0,,1993.06,99.66,99.66,veröffentlicht (Durchschnittskurs bzw. Emissionskurs),4.267584,4.2676,2020.75,27.55,2000.0,3379.25,3379.25,3379.25,3379.25,calc,blair,Gordon Brown,gb_auctions,1096
2007-04-12,2007-04-13,1¼% Index-linked Treasury Gilt 2017,IL Gilt,AUK,0.0125,2017-11-22,1100.0,,1085.25,94.54,94.52368,aus veröffentlichtem Cash-Erlös (geteilt durch Index-Verhältniszahl),1.81823,1.8182,1090.88,5.63,1561.37,657.35,657.35,657.35,657.35,calc,blair,Gordon Brown,gb_auctions,1095
2007-04-24,2007-04-25,1 1/8% Index-linked Treasury Gilt 2037,IL Gilt,AUK,0.01125,2037-11-22,950.0,,940.5,98.74,98.728497,aus veröffentlichtem Cash-Erlös (geteilt durch Index-Verhältniszahl),1.174171,1.1742,942.37,1.87,2464.86,2096.81,1581.53,2722.05,297.97,proj,blair,Gordon Brown,gb_auctions,1094
2007-05-03,2007-05-04,4¼% Treasury Gilt 2027,Gilt,AUK,0.0425,2027-12-07,2250.0,,2090.68,92.94,92.94,veröffentlicht (Durchschnittskurs bzw. Emissionskurs),4.792892,4.7929,2130.03,38.88,2250.0,2128.09,2128.09,2128.09,2128.09,calc,blair,Gordon Brown,gb_auctions,1093
2007-05-22,2007-05-23,1¼% Index-linked Treasury Gilt 2027,IL Gilt,AUK,0.0125,2027-11-22,1000.0,,1003.06,95.45,95.411395,aus veröffentlichtem Cash-Erlös (geteilt durch Index-Verhältniszahl),1.508904,1.5089,1003.1,0.04,2218.08,1603.59,1557.09,1650.15,395.63,proj,blair,Gordon Brown,gb_auctions,1092
2007-05-24,2007-05-25,5% Treasury Gilt 2018,Gilt,AUK,0.05,2018-03-07,2500.0,,2464.19,98.66,98.66,veröffentlicht (Durchschnittskurs bzw. Emissionskurs),5.164538,5.1645,2466.5,0.0,2500.0,1381.67,1381.67,1381.67,1381.67,calc,blair,Gordon Brown,gb_auctions,1091
2007-06-05,2007-06-06,4½% Treasury Gilt 2042,Gilt,AUK,0.045,2042-12-07,2250.0,,2208.02,98.17,98.17,veröffentlicht (Durchschnittskurs bzw. Emissionskurs),4.605152,4.6052,2208.82,0.0,2250.0,3635.83,3635.83,3635.83,3635.83,calc,blair,Gordon Brown,gb_auctions,1090
2007-06-21,2007-06-22,5¼% Treasury Gilt 2012,Gilt,AUK,0.0525,2012-06-07,2500.0,,2442.03,97.7,97.7,veröffentlicht (Durchschnittskurs bzw. Emissionskurs),5.78954,5.7895,2447.88,5.38,2500.0,708.37,708.37,708.37,708.37,calc,blair,Gordon Brown,gb_auctions,1089
2007-06-26,2007-06-27,1 1/8% Index-linked Treasury Gilt 2037,IL Gilt,AUK,0.01125,2037-11-22,1000.0,,979.67,96.54,96.523967,aus veröffentlichtem Cash-Erlös (geteilt durch Index-Verhältniszahl),1.262384,1.2624,980.79,1.12,2594.59,2215.52,1673.12,2873.68,334.21,proj,blair,Gordon Brown,gb_auctions,1088
2007-07-03,2007-07-04,4½% Treasury Gilt 2042,Gilt,AUK,0.045,2042-12-07,2250.0,,2173.06,96.6,96.6,veröffentlicht (Durchschnittskurs bzw. Emissionskurs),4.6977210000000005,4.6977,2181.25,7.75,2250.0,3663.41,3663.41,3663.41,3663.41,calc,brown,Alistair Darling,gb_auctions,1087
2007-07-10,2007-07-11,1 7/8% Index-linked Treasury Gilt 2022,IL Gilt,AUK,0.01875,2022-11-22,1200.0,,1191.94,99.47,99.328333,aus veröffentlichtem Cash-Erlös (geteilt durch Index-Verhältniszahl),1.915049,1.915,1191.94,0.0,2024.02,1269.92,1269.92,1269.92,1269.92,calc,brown,Alistair Darling,gb_auctions,1086
2007-07-26,2007-07-27,1¼% Index-linked Treasury Gilt 2055,IL Gilt,AUK,0.0125,2055-11-22,700.0,,866.25,115.44,115.614227,aus veröffentlichtem Cash-Erlös (geteilt durch Index-Verhältniszahl),0.858903,0.8589,867.93,1.68,2724.9,2866.88,1474.99,5225.15,126.48,proj,brown,Alistair Darling,gb_auctions,1085
2007-08-09,2007-08-10,5% Treasury Gilt 2018,Gilt,AUK,0.05,2018-03-07,2500.0,,2453.35,98.14,98.14,veröffentlicht (Durchschnittskurs bzw. Emissionskurs),5.231218999999999,5.2312,2479.65,26.15,2500.0,1368.51,1368.51,1368.51,1368.51,calc,brown,Alistair Darling,gb_auctions,1084
2007-09-11,2007-09-12,4½% Treasury Gilt 2042,Gilt,AUK,0.045,2042-12-07,2000.0,,2031.55,101.59,101.59,veröffentlicht (Durchschnittskurs bzw. Emissionskurs),4.410319,4.4103,2055.9,24.1,2000.0,3139.35,3139.35,3139.35,3139.35,calc,brown,Alistair Darling,gb_auctions,1083
2007-09-13,2007-09-14,5¼% Treasury Gilt 2012,Gilt,AUK,0.0525,2012-06-07,2500.0,,2526.77,101.08,101.08,veröffentlicht (Durchschnittskurs bzw. Emissionskurs),4.988897,4.9889,2562.5,35.5,2500.0,593.75,593.75,593.75,593.75,calc,brown,Alistair Darling,gb_auctions,1082
2007-09-26,2007-09-27,1 1/8% Index-linked Treasury Gilt 2037,IL Gilt,AUK,0.01125,2037-11-22,900.0,,909.44,99.11,99.081137,aus veröffentlichtem Cash-Erlös (geteilt durch Index-Verhältniszahl),1.160051,1.1601,913.03,3.59,2335.13,1963.64,1475.49,2555.99,274.88,proj,brown,Alistair Darling,gb_auctions,1081
2007-10-02,2007-10-03,4¾% Treasury Gilt 2030,Gilt,AUK,0.0475,2030-12-07,2250.0,,2239.87,99.57,99.57,veröffentlicht (Durchschnittskurs bzw. Emissionskurs),4.78135,4.7814,2240.32,0.0,2250.0,2486.78,2486.78,2486.78,2486.78,calc,brown,Alistair Darling,gb_auctions,1080
2007-10-10,2007-10-11,1 7/8% Index-linked Treasury Gilt 2022,IL Gilt,AUK,0.01875,2022-11-22,1200.0,,1265.81,105.12,105.060772,aus veröffentlichtem Cash-Erlös (geteilt durch Index-Verhältniszahl),1.495252,1.4953,1271.46,5.65,2024.02,1190.4,1190.4,1190.4,1190.4,calc,brown,Alistair Darling,gb_auctions,1079
2007-10-24,2007-10-25,1 1/8% Index-linked Treasury Gilt 2037,IL Gilt,AUK,0.01125,2037-11-22,925.0,,965.19,101.95,101.932131,aus veröffentlichtem Cash-Erlös (geteilt durch Index-Verhältniszahl),1.049221,1.0492,969.71,4.52,2400.0,1986.88,1485.16,2595.67,254.73,proj,brown,Alistair Darling,gb_auctions,1078
2007-11-01,2007-11-02,5% Treasury Gilt 2018,Gilt,AUK,0.05,2018-03-07,2500.0,,2501.18,100.06,100.06,veröffentlicht (Durchschnittskurs bzw. Emissionskurs),4.9916860000000005,4.9917,2520.73,19.23,2500.0,1291.77,1291.77,1291.77,1291.77,calc,brown,Alistair Darling,gb_auctions,1077
2007-11-06,2007-11-07,4¾% Treasury Gilt 2030,Gilt,AUK,0.0475,2030-12-07,2250.0,,2271.83,101.02,101.02,veröffentlicht (Durchschnittskurs bzw. Emissionskurs),4.677420000000001,4.6774,2283.17,10.22,2250.0,2443.94,2443.94,2443.94,2443.94,calc,brown,Alistair Darling,gb_auctions,1076
2007-11-20,2007-11-21,0¾% Index-linked Treasury Gilt 2047,IL Gilt,AUK,0.0075,2047-11-22,750.0,,729.32,97.26,97.260173,aus veröffentlichtem Cash-Erlös (geteilt durch Index-Verhältniszahl),0.830645,0.8306,729.3,-0.02,2308.56,2027.1,1180.54,3271.04,163.76,proj,brown,Alistair Darling,gb_auctions,1075
2007-11-28,2007-11-29,4½% Treasury Gilt 2042,Gilt,AUK,0.045,2042-12-07,2000.0,,2022.29,101.13,101.13,veröffentlicht (Durchschnittskurs bzw. Emissionskurs),4.436197,4.4362,2020.63,-1.97,2000.0,3129.37,3129.37,3129.37,3129.37,calc,brown,Alistair Darling,gb_auctions,1074
2007-12-04,2007-12-05,5¼% Treasury Gilt 2012,Gilt,AUK,0.0525,2012-06-07,2500.0,,2565.69,102.67,102.67,veröffentlicht (Durchschnittskurs bzw. Emissionskurs),4.587371,4.5874,2566.03,-0.72,2500.0,524.59,524.59,524.59,524.59,calc,brown,Alistair Darling,gb_auctions,1073
2007-12-12,2007-12-13,1 7/8% Index-linked Treasury Gilt 2022,IL Gilt,AUK,0.01875,2022-11-22,950.0,,1025.09,106.53,106.511046,aus veröffentlichtem Cash-Erlös (geteilt durch Index-Verhältniszahl),1.3895140000000001,1.3895,1026.13,1.04,1602.35,916.29,916.29,916.29,916.29,calc,brown,Alistair Darling,gb_auctions,1072
2008-01-08,2008-01-09,4¾% Treasury Gilt 2030,Gilt,AUK,0.0475,2030-12-07,2250.0,,2354.8,104.67,104.67,veröffentlicht (Durchschnittskurs bzw. Emissionskurs),4.423385,4.4234,2364.71,9.64,2250.0,2343.41,2343.41,2343.41,2343.41,calc,brown,Alistair Darling,gb_auctions,1071
2008-01-17,2008-01-18,0¾% Index-linked Treasury Gilt 2047,IL Gilt,AUK,0.0075,2047-11-22,725.0,,731.83,100.21,100.201579,aus veröffentlichtem Cash-Erlös (geteilt durch Index-Verhältniszahl),0.743896,0.7439,732.69,0.86,2231.61,1931.84,1113.5,3134.31,136.09,proj,brown,Alistair Darling,gb_auctions,1070
2008-01-29,2008-01-30,1 7/8% Index-linked Treasury Gilt 2022,IL Gilt,AUK,0.01875,2022-11-22,1100.0,,1234.04,110.07,110.050475,aus veröffentlichtem Cash-Erlös (geteilt durch Index-Verhältniszahl),1.134391,1.1344,1238.03,3.99,1855.35,1011.09,1011.09,1011.09,1011.09,calc,brown,Alistair Darling,gb_auctions,1069
2008-02-05,2008-02-06,5% Treasury Gilt 2018,Gilt,AUK,0.05,2018-03-07,2500.0,,2599.84,104.02,104.02,veröffentlicht (Durchschnittskurs bzw. Emissionskurs),4.499168,4.4992,2652.7,52.2,2500.0,1159.8,1159.8,1159.8,1159.8,calc,brown,Alistair Darling,gb_auctions,1068
2008-02-14,2008-02-15,4½% Treasury Gilt 2042,Gilt,AUK,0.045,2042-12-07,2000.0,,1991.39,99.58,99.58,veröffentlicht (Durchschnittskurs bzw. Emissionskurs),4.523733,4.5237,2008.81,17.21,2000.0,3141.19,3141.19,3141.19,3141.19,calc,brown,Alistair Darling,gb_auctions,1067
2008-02-27,2008-02-28,1 1/8% Index-linked Treasury Gilt 2037,IL Gilt,AUK,0.01125,2037-11-22,875.0,,948.83,104.05,104.026971,aus veröffentlichtem Cash-Erlös (geteilt durch Index-Verhältniszahl),0.9678990000000001,0.9679,951.59,2.76,2270.27,1840.12,1365.52,2416.01,217.99,proj,brown,Alistair Darling,gb_auctions,1066
2008-03-04,2008-03-05,4½% Treasury Gilt 2013,Gilt,AUK,0.045,2013-03-07,2500.0,,2524.82,101.03,101.03,veröffentlicht (Durchschnittskurs bzw. Emissionskurs),4.269219,4.2692,2525.75,0.0,2500.0,537.37,537.37,537.37,537.37,calc,brown,Alistair Darling,gb_auctions,1065
2008-03-13,2008-03-14,4¾% Treasury Gilt 2030,Gilt,AUK,0.0475,2030-12-07,2000.0,,2063.65,103.21,103.21,veröffentlicht (Durchschnittskurs bzw. Emissionskurs),4.522063999999999,4.5221,2089.64,25.44,2000.0,2095.36,2095.36,2095.36,2095.36,calc,brown,Alistair Darling,gb_auctions,1064
2008-03-27,2008-03-28,1¼% Index-linked Treasury Gilt 2027,IL Gilt,AUK,0.0125,2027-11-22,975.0,,1103.37,104.63,104.609127,aus veröffentlichtem Cash-Erlös (geteilt durch Index-Verhältniszahl),0.9901260000000001,0.9901,1107.97,4.6,2162.63,1427.03,1381.68,1472.42,279.0,proj,brown,Alistair Darling,gb_auctions,1063
2008-04-03,2008-04-04,4¾% Treasury Stock 2010,Gilt,AUK,0.0475,2010-06-07,3750.0,,3802.37,101.51,101.51,veröffentlicht (Durchschnittskurs bzw. Emissionskurs),4.0153989999999995,4.0154,3864.54,57.91,3750.0,330.77,330.77,330.77,330.77,calc,brown,Alistair Darling,gb_auctions,1062
2008-04-08,2008-04-09,1¼% Index-linked Treasury Gilt 2017,IL Gilt,AUK,0.0125,2017-11-22,1200.0,,1307.78,100.49,100.427272,aus veröffentlichtem Cash-Erlös (geteilt durch Index-Verhältniszahl),1.1958790000000001,1.1959,1314.0,6.22,1703.32,577.22,577.22,577.22,577.22,calc,brown,Alistair Darling,gb_auctions,1061
2008-04-17,2008-04-18,4½% Treasury Gilt 2042,Gilt,AUK,0.045,2042-12-07,2250.0,,2223.4,98.86,98.86,veröffentlicht (Durchschnittskurs bzw. Emissionskurs),4.5655399999999995,4.5655,2261.14,36.79,2250.0,3532.61,3532.61,3532.61,3532.61,calc,brown,Alistair Darling,gb_auctions,1060
2008-04-24,2008-04-25,0¾% Index-linked Treasury Gilt 2047,IL Gilt,AUK,0.0075,2047-11-22,675.0,,693.0,101.08,101.072749,aus veröffentlichtem Cash-Erlös (geteilt durch Index-Verhältniszahl),0.718594,0.7186,695.19,2.19,2077.7,1785.58,1023.67,2905.12,119.33,proj,brown,Alistair Darling,gb_auctions,1059
2008-05-15,2008-05-16,5% Treasury Gilt 2018,Gilt,AUK,0.05,2018-03-07,2500.0,,2516.4,100.67,100.67,veröffentlicht (Durchschnittskurs bzw. Emissionskurs),4.912183,4.9122,2540.53,23.78,2500.0,1209.47,1209.47,1209.47,1209.47,calc,brown,Alistair Darling,gb_auctions,1058
2008-05-22,2008-05-23,1 1/8% Index-linked Treasury Gilt 2037,IL Gilt,AUK,0.01125,2037-11-22,900.0,,1032.46,109.55,109.491737,aus veröffentlichtem Cash-Erlös (geteilt durch Index-Verhältniszahl),0.7628360000000001,0.7628,1032.49,0.03,2335.13,1833.68,1345.53,2426.02,170.0,proj,brown,Alistair Darling,gb_auctions,1057
2008-06-03,2008-06-04,4¼% Treasury Gilt 2055,Gilt,AUK,0.0425,2055-12-07,2250.0,,2183.53,97.06,97.06,veröffentlicht (Durchschnittskurs bzw. Emissionskurs),4.3980630000000005,4.3981,2183.07,-0.78,2250.0,4609.12,4609.12,4609.12,4609.12,calc,brown,Alistair Darling,gb_auctions,1056
2008-06-10,2008-06-11,1 7/8% Index-linked Treasury Gilt 2022,IL Gilt,AUK,0.01875,2022-11-22,1100.0,,1221.96,107.41,107.392955,aus veröffentlichtem Cash-Erlös (geteilt durch Index-Verhältniszahl),1.310271,1.3103,1223.12,1.16,1855.35,1015.37,1015.37,1015.37,1015.37,calc,brown,Alistair Darling,gb_auctions,1055
2008-06-12,2008-06-13,4½% Treasury Gilt 2013,Gilt,AUK,0.045,2013-03-07,3500.0,,3377.38,96.56,96.56,veröffentlicht (Durchschnittskurs bzw. Emissionskurs),5.329967,5.33,3422.41,42.81,3500.0,865.96,865.96,865.96,865.96,calc,brown,Alistair Darling,gb_auctions,1054
2008-06-24,2008-06-25,0¾% Index-linked Treasury Gilt 2047,IL Gilt,AUK,0.0075,2047-11-22,650.0,,739.13,110.62,110.616161,aus veröffentlichtem Cash-Erlös (geteilt durch Index-Verhältniszahl),0.455302,0.4553,739.59,0.46,2000.75,1646.81,913.12,2724.88,50.22,proj,brown,Alistair Darling,gb_auctions,1053
2008-07-02,2008-07-03,4½% Treasury Gilt 2042,Gilt,AUK,0.045,2042-12-07,2250.0,,2174.4,96.65,96.65,veröffentlicht (Durchschnittskurs bzw. Emissionskurs),4.697047,4.697,2181.82,7.19,2250.0,3561.31,3561.31,3561.31,3561.31,calc,brown,Alistair Darling,gb_auctions,1052
2008-07-08,2008-07-09,1 1/8% Index-linked Treasury Gilt 2037,IL Gilt,AUK,0.01125,2037-11-22,850.0,,993.3,110.31,110.292036,aus veröffentlichtem Cash-Erlös (geteilt durch Index-Verhältniszahl),0.734105,0.7341,994.62,1.32,2205.4,1712.32,1251.28,2271.75,151.1,proj,brown,Alistair Darling,gb_auctions,1051
2008-07-17,2008-07-18,5% Treasury Stock 2012,Gilt,AUK,0.05,2012-03-07,3750.0,,3757.81,100.29,100.29,veröffentlicht (Durchschnittskurs bzw. Emissionskurs),4.9101490000000005,4.9101,3828.64,67.76,3750.0,671.36,671.36,671.36,671.36,calc,brown,Alistair Darling,gb_auctions,1050
2008-07-24,2008-07-25,1¼% Index-linked Treasury Gilt 2027,IL Gilt,AUK,0.0125,2027-11-22,1050.0,,1179.75,101.5,101.4878,aus veröffentlichtem Cash-Erlös (geteilt durch Index-Verhältniszahl),1.163087,1.1631,1182.28,2.53,2328.98,1540.55,1491.72,1589.44,330.79,proj,brown,Alistair Darling,gb_auctions,1049
2008-07-29,2008-07-30,5% Treasury Gilt 2018,Gilt,AUK,0.05,2018-03-07,2500.0,,2490.3,99.96,99.96,veröffentlicht (Durchschnittskurs bzw. Emissionskurs),5.004611,5.0046,2548.25,49.25,2500.0,1201.75,1201.75,1201.75,1201.75,calc,brown,Alistair Darling,gb_auctions,1048
2008-08-05,2008-08-06,4¾% Treasury Gilt 2030,Gilt,AUK,0.0475,2030-12-07,2250.0,,2221.67,98.76,98.76,veröffentlicht (Durchschnittskurs bzw. Emissionskurs),4.840984000000001,4.841,2239.62,17.52,2250.0,2415.07,2415.07,2415.07,2415.07,calc,brown,Alistair Darling,gb_auctions,1047
2008-08-14,2008-08-15,1 1/8% Index-linked Treasury Gilt 2037,IL Gilt,AUK,0.01125,2037-11-22,925.0,,1149.33,116.43,116.409391,aus veröffentlichtem Cash-Erlös (geteilt durch Index-Verhältniszahl),0.519191,0.5192,1151.9,2.57,2400.0,1793.89,1292.17,2402.69,102.17,proj,brown,Alistair Darling,gb_auctions,1046
2008-09-02,2008-09-03,4¼% Treasury Gilt 2049,Gilt,AUK,0.0425,2049-12-07,2250.0,,2197.72,97.69,97.69,veröffentlicht (Durchschnittskurs bzw. Emissionskurs),4.371662,4.3717,2198.03,0.0,2250.0,3997.42,3997.42,3997.42,3997.42,calc,brown,Alistair Darling,gb_auctions,1045
2008-09-10,2008-09-11,4½% Treasury Gilt 2013,Gilt,AUK,0.045,2013-03-07,3500.0,,3510.37,100.33,100.33,veröffentlicht (Durchschnittskurs bzw. Emissionskurs),4.418018,4.418,3513.29,1.74,3500.0,695.46,695.46,695.46,695.46,calc,brown,Alistair Darling,gb_auctions,1044
2008-09-23,2008-09-24,1¼% Index-linked Treasury Gilt 2055,IL Gilt,AUK,0.0125,2055-11-22,450.0,,638.88,126.03,126.208615,aus veröffentlichtem Cash-Erlös (geteilt durch Index-Verhältniszahl),0.613514,0.6135,641.03,2.15,1751.72,1753.79,859.0,3269.82,16.65,proj,brown,Alistair Darling,gb_auctions,1043
2008-09-25,2008-09-26,4½% Treasury Gilt 2019,Gilt,AUK,0.045,2019-03-07,2500.0,,2449.72,98.1,98.1,veröffentlicht (Durchschnittskurs bzw. Emissionskurs),4.732913,4.7329,2452.5,0.0,2500.0,1222.85,1222.85,1222.85,1222.85,calc,brown,Alistair Darling,gb_auctions,1042
2008-10-01,2008-10-02,4¼% Treasury Gilt 2049,Gilt,AUK,0.0425,2049-12-07,2250.0,,2128.88,94.62,94.62,veröffentlicht (Durchschnittskurs bzw. Emissionskurs),4.540043,4.54,2136.53,7.58,2250.0,4058.92,4058.92,4058.92,4058.92,calc,brown,Alistair Darling,gb_auctions,1041
2008-10-07,2008-10-08,1 7/8% Index-linked Treasury Gilt 2022,IL Gilt,AUK,0.01875,2022-11-22,1200.0,,1264.05,100.0,99.989084,aus veröffentlichtem Cash-Erlös (geteilt durch Index-Verhältniszahl),1.874935,1.8749,1273.0,8.95,2024.02,1168.99,1168.99,1168.99,1168.99,calc,brown,Alistair Darling,gb_auctions,1040
2008-10-16,2008-10-17,4½% Treasury Gilt 2013,Gilt,AUK,0.045,2013-03-07,3750.0,,3760.64,100.3,100.3,veröffentlicht (Durchschnittskurs bzw. Emissionskurs),4.422985,4.423,3779.9,18.65,3750.0,729.48,729.48,729.48,729.48,calc,brown,Alistair Darling,gb_auctions,1039
2008-10-20,2008-10-21,4% Treasury Stock 2009,Gilt,TEN,0.04,2009-03-07,1000.0,,1003.14,100.36,100.36,veröffentlicht (Durchschnittskurs bzw. Emissionskurs),3.029,3.0287,1008.46,4.86,1000.0,11.54,11.54,11.54,11.54,calc,brown,Alistair Darling,gb_tenders,96
2008-10-21,2008-10-22,4¼% Treasury Gilt 2011,Gilt,AUK,0.0425,2011-03-07,4750.0,,4788.49,100.9,100.9,veröffentlicht (Durchschnittskurs bzw. Emissionskurs),3.848272,3.8483,4817.84,25.09,4750.0,436.84,436.84,436.84,436.84,calc,brown,Alistair Darling,gb_auctions,1038
2008-10-23,2008-10-24,5% Treasury Gilt 2018,Gilt,AUK,0.05,2018-03-07,3000.0,,3117.6,104.0,104.0,veröffentlicht (Durchschnittskurs bzw. Emissionskurs),4.4720580000000005,4.4721,3139.48,19.48,3000.0,1285.52,1285.52,1285.52,1285.52,calc,brown,Alistair Darling,gb_auctions,1037
2008-10-28,2008-10-29,1¼% Index-linked Treasury Gilt 2032,IL Gilt,AUK,0.0125,2032-11-22,1000.0,,994.86,99.5,99.486,aus veröffentlichtem Cash-Erlös (geteilt durch Index-Verhältniszahl),1.274176,1.2742,994.86,0.0,2188.89,1654.68,1397.13,1938.72,298.1,proj,brown,Alistair Darling,gb_auctions,1036
2008-10-30,2008-10-31,4% Treasury Gilt 2016,Gilt,AUK,0.04,2016-09-07,4000.0,,3926.91,98.18,98.18,veröffentlicht (Durchschnittskurs bzw. Emissionskurs),4.2746710000000006,4.2747,3951.07,23.87,4000.0,1328.93,1328.93,1328.93,1328.93,calc,brown,Alistair Darling,gb_auctions,1035
2008-11-04,2008-11-05,4¾% Treasury Gilt 2030,Gilt,AUK,0.0475,2030-12-07,2250.0,,2189.66,97.33,97.33,veröffentlicht (Durchschnittskurs bzw. Emissionskurs),4.949807,4.9498,2234.02,44.09,2250.0,2420.67,2420.67,2420.67,2420.67,calc,brown,Alistair Darling,gb_auctions,1034
2008-11-05,2008-11-06,1¼% Index-linked Treasury Gilt 2055,IL Gilt,TEN,0.0125,2055-11-22,250.0,,332.6,117.62,117.815837,aus veröffentlichtem Cash-Erlös (geteilt durch Index-Verhältniszahl),0.799836,0.7998,334.21,1.61,973.18,996.24,499.14,1838.48,32.24,proj,brown,Alistair Darling,gb_tenders,95
2008-11-11,2008-11-12,4¾% Treasury Stock 2015,Gilt,AUK,0.0475,2015-09-07,3500.0,,3656.91,104.49,104.49,veröffentlicht (Durchschnittskurs bzw. Emissionskurs),3.9903519999999997,3.9904,3687.46,30.31,3500.0,976.29,976.29,976.29,976.29,calc,brown,Alistair Darling,gb_auctions,1033
2008-11-13,2008-11-14,3¼% Treasury Gilt 2011,Gilt,AUK,0.0325,2011-12-07,4000.0,,4014.05,100.39,100.39,veröffentlicht (Durchschnittskurs bzw. Emissionskurs),3.114904,3.1149,4015.6,0.0,4000.0,382.57,382.57,382.57,382.57,calc,brown,Alistair Darling,gb_auctions,1032
2008-11-17,2008-11-18,4¼% Treasury Gilt 2055,Gilt,TEN,0.0425,2055-12-07,1250.0,,1223.95,97.92,97.92,veröffentlicht (Durchschnittskurs bzw. Emissionskurs),4.354205,4.3542,1247.8,23.8,1250.0,2525.63,2525.63,2525.63,2525.63,calc,brown,Alistair Darling,gb_tenders,94
2008-11-20,2008-11-21,4½% Treasury Gilt 2019,Gilt,AUK,0.045,2019-03-07,3000.0,,3089.82,103.0,103.0,veröffentlicht (Durchschnittskurs bzw. Emissionskurs),4.138764,4.1388,3110.88,20.88,3000.0,1299.53,1299.53,1299.53,1299.53,calc,brown,Alistair Darling,gb_auctions,1031
2008-11-26,2008-11-27,0¾% Index-linked Treasury Gilt 2047,IL Gilt,AUK,0.0075,2047-11-22,700.0,,689.54,93.8,93.795314,aus veröffentlichtem Cash-Erlös (geteilt durch Index-Verhältniszahl),0.940327,0.9403,689.62,0.08,2154.66,1877.6,1087.48,3038.6,173.76,proj,brown,Alistair Darling,gb_auctions,1030
2008-11-27,2008-11-28,5% Treasury Stock 2012,Gilt,AUK,0.05,2012-03-07,3750.0,,3968.9,105.84,105.84,veröffentlicht (Durchschnittskurs bzw. Emissionskurs),3.1083030000000003,3.1083,4011.47,42.47,3750.0,394.78,394.78,394.78,394.78,calc,brown,Alistair Darling,gb_auctions,1029
2008-12-01,2008-12-02,1¼% Index-linked Treasury Gilt 2055,IL Gilt,TEN,0.0125,2055-11-22,250.0,,325.61,114.63,114.823239,aus veröffentlichtem Cash-Erlös (geteilt durch Index-Verhältniszahl),0.869915,0.8699,325.71,0.1,973.18,1002.98,505.87,1845.22,40.25,proj,brown,Alistair Darling,gb_tenders,93
2008-12-02,2008-12-03,4¼% Treasury Gilt 2049,Gilt,AUK,0.0425,2049-12-07,2250.0,,2328.31,103.49,103.49,veröffentlicht (Durchschnittskurs bzw. Emissionskurs),4.074206,4.0742,2327.48,-1.05,2250.0,3843.15,3843.15,3843.15,3843.15,calc,brown,Alistair Darling,gb_auctions,1028
2008-12-09,2008-12-10,1¼% Index-linked Treasury Gilt 2032,IL Gilt,AUK,0.0125,2032-11-22,1250.0,,1192.05,94.91,94.898995,aus veröffentlichtem Cash-Erlös (geteilt durch Index-Verhältniszahl),1.503841,1.5038,1193.85,1.8,2736.11,2118.07,1796.13,2473.12,428.47,proj,brown,Alistair Darling,gb_auctions,1027
2008-12-11,2008-12-12,4½% Treasury Gilt 2013,Gilt,AUK,0.045,2013-03-07,3500.0,,3683.36,105.27,105.27,veröffentlicht (Durchschnittskurs bzw. Emissionskurs),3.159536,3.1595,3726.22,41.77,3500.0,482.53,482.53,482.53,482.53,calc,brown,Alistair Darling,gb_auctions,1026
2008-12-18,2008-12-19,3¼% Treasury Gilt 2011,Gilt,AUK,0.0325,2011-12-07,3500.0,,3563.72,101.86,101.86,veröffentlicht (Durchschnittskurs bzw. Emissionskurs),2.59354,2.5935,3576.0,10.9,3500.0,272.4,272.4,272.4,272.4,calc,brown,Alistair Darling,gb_auctions,1025
2009-01-06,2009-01-07,5¾% Treasury Stock 2009,Gilt,TEN,0.0575,2009-12-07,1500.0,,1565.5,104.41,104.41,veröffentlicht (Durchschnittskurs bzw. Emissionskurs),0.897823,0.8978,1573.5,7.35,1500.0,12.75,12.75,12.75,12.75,calc,brown,Alistair Darling,gb_tenders,92
2009-01-07,2009-01-08,4¾% Treasury Stock 2038,Gilt,AUK,0.0475,2038-12-07,2000.0,,2267.03,113.38,113.38,veröffentlicht (Durchschnittskurs bzw. Emissionskurs),3.9806009999999996,3.9806,2275.95,8.35,2000.0,2574.05,2574.05,2574.05,2574.05,calc,brown,Alistair Darling,gb_auctions,1024
2009-01-13,2009-01-14,4½% Treasury Gilt 2019,Gilt,AUK,0.045,2019-03-07,3000.0,,3280.3,109.39,109.39,veröffentlicht (Durchschnittskurs bzw. Emissionskurs),3.397552,3.3976,3322.72,41.02,3000.0,1087.69,1087.69,1087.69,1087.69,calc,brown,Alistair Darling,gb_auctions,1023
2009-01-15,2009-01-16,1¼% Index-linked Treasury Gilt 2032,IL Gilt,AUK,0.0125,2032-11-22,1000.0,,1098.56,110.0,109.984682,aus veröffentlichtem Cash-Erlös (geteilt durch Index-Verhältniszahl),0.7891379999999999,0.7891,1101.27,2.71,2188.89,1548.27,1290.72,1832.31,190.52,proj,brown,Alistair Darling,gb_auctions,1022
2009-01-19,2009-01-20,4¼% Treasury Gilt 2027,Gilt,TEN,0.0425,2027-12-07,1250.0,,1232.0,98.56,98.56,veröffentlicht (Durchschnittskurs bzw. Emissionskurs),4.362403,4.3624,1238.42,6.42,1250.0,1020.95,1020.95,1020.95,1020.95,calc,brown,Alistair Darling,gb_tenders,91
2009-01-22,2009-01-23,4½% Treasury Gilt 2013,Gilt,AUK,0.045,2013-03-07,3500.0,,3782.59,108.09,108.09,veröffentlicht (Durchschnittskurs bzw. Emissionskurs),2.4236619999999998,2.4237,3843.19,60.04,3500.0,365.56,365.56,365.56,365.56,calc,brown,Alistair Darling,gb_auctions,1021
2009-01-27,2009-01-28,0¾% Index-linked Treasury Gilt 2047,IL Gilt,AUK,0.0075,2047-11-22,750.0,,729.56,93.51,93.488387,aus veröffentlichtem Cash-Erlös (geteilt durch Index-Verhältniszahl),0.9503189999999999,0.9503,730.64,1.08,2308.56,2019.95,1173.39,3263.88,187.11,proj,brown,Alistair Darling,gb_auctions,1020
2009-01-29,2009-01-30,4¾% Treasury Stock 2020,Gilt,AUK,0.0475,2020-03-07,2750.0,,2923.26,106.33,106.33,veröffentlicht (Durchschnittskurs bzw. Emissionskurs),4.036374,4.0364,2976.4,52.32,2750.0,1275.79,1275.79,1275.79,1275.79,calc,brown,Alistair Darling,gb_auctions,1019
2009-02-03,2009-02-04,3¼% Treasury Gilt 2011,Gilt,AUK,0.0325,2011-12-07,3750.0,,3861.25,103.05,103.05,veröffentlicht (Durchschnittskurs bzw. Emissionskurs),2.135424,2.1354,3891.79,27.41,3750.0,231.5,231.5,231.5,231.5,calc,brown,Alistair Darling,gb_auctions,1018
2009-02-04,2009-02-05,4¼% Treasury Gilt 2049,Gilt,AUK,0.0425,2049-12-07,2000.0,,1875.81,94.04,94.04,veröffentlicht (Durchschnittskurs bzw. Emissionskurs),4.57335,4.5733,1894.81,14.01,2000.0,3590.19,3590.19,3590.19,3590.19,calc,brown,Alistair Darling,gb_auctions,1017
2009-02-10,2009-02-11,4½% Treasury Gilt 2019,Gilt,AUK,0.045,2019-03-07,3250.0,,3398.7,104.61,104.61,veröffentlicht (Durchschnittskurs bzw. Emissionskurs),3.940546,3.9405,3455.58,55.75,3250.0,1322.37,1322.37,1322.37,1322.37,calc,brown,Alistair Darling,gb_auctions,1016
2009-02-12,2009-02-13,1¼% Index-linked Treasury Gilt 2027,IL Gilt,AUK,0.0125,2027-11-22,1100.0,,1204.47,99.0,98.987744,aus veröffentlichtem Cash-Erlös (geteilt durch Index-Verhältniszahl),1.3102369999999999,1.3102,1207.96,3.49,2439.89,1636.81,1585.65,1688.03,368.41,proj,brown,Alistair Darling,gb_auctions,1015
2009-02-17,2009-02-18,4¼% Treasury Gilt 2055,Gilt,TEN,0.0425,2055-12-07,1000.0,,1034.93,103.7,103.7,veröffentlicht (Durchschnittskurs bzw. Emissionskurs),4.072163,4.0722,1045.52,8.52,1000.0,1951.98,1951.98,1951.98,1951.98,calc,brown,Alistair Darling,gb_tenders,90
2009-02-19,2009-02-20,5¼% Treasury Gilt 2012,Gilt,AUK,0.0525,2012-06-07,3250.0,,3565.51,109.75,109.75,veröffentlicht (Durchschnittskurs bzw. Emissionskurs),2.166104,2.1661,3602.03,35.16,3250.0,245.16,245.16,245.16,245.16,calc,brown,Alistair Darling,gb_auctions,1014
2009-02-24,2009-02-25,1 1/8% Index-linked Treasury Gilt 2037,IL Gilt,AUK,0.01125,2037-11-22,950.0,,999.18,99.72,99.70503,aus veröffentlichtem Cash-Erlös (geteilt durch Index-Verhältniszahl),1.1364319999999999,1.1364,1002.14,2.96,2464.86,2017.5,1502.23,2642.75,268.19,proj,brown,Alistair Darling,gb_auctions,1013
2009-02-26,2009-02-27,4% Treasury Gilt 2022,Gilt,AUK,0.04,2022-03-07,2750.0,,2745.99,99.86,99.86,veröffentlicht (Durchschnittskurs bzw. Emissionskurs),4.01382,4.0138,2746.15,0.0,2750.0,1436.28,1436.28,1436.28,1436.28,calc,brown,Alistair Darling,gb_auctions,1012
2009-03-03,2009-03-04,3¼% Treasury Gilt 2011,Gilt,AUK,0.0325,2011-12-07,3750.0,,3904.73,104.15,104.15,veröffentlicht (Durchschnittskurs bzw. Emissionskurs),1.703913,1.7039,3942.41,36.79,3750.0,180.87,180.87,180.87,180.87,calc,brown,Alistair Darling,gb_auctions,1011
2009-03-04,2009-03-05,4¼% Treasury Gilt 2039,Gilt,AUK,0.0425,2039-09-07,2250.0,,2161.78,96.12,96.12,veröffentlicht (Durchschnittskurs bzw. Emissionskurs),4.485,4.4847,2162.17,-0.53,2250.0,3004.39,3004.39,3004.39,3004.39,calc,brown,Alistair Darling,gb_auctions,1010
2009-03-10,2009-03-11,4½% Treasury Gilt 2019,Gilt,AUK,0.045,2019-03-07,3000.0,,3367.28,112.25,112.25,veröffentlicht (Durchschnittskurs bzw. Emissionskurs),3.066895,3.0669,3368.97,1.47,3000.0,981.03,981.03,981.03,981.03,calc,brown,Alistair Darling,gb_auctions,1009
2009-03-12,2009-03-13,1¼% Index-linked Treasury Gilt 2032,IL Gilt,AUK,0.0125,2032-11-22,1100.0,,1056.49,98.53,98.454717,aus veröffentlichtem Cash-Erlös (geteilt durch Index-Verhältniszahl),1.322438,1.3224,1061.48,4.99,2407.78,1853.02,1569.71,2165.46,333.85,proj,brown,Alistair Darling,gb_auctions,1008
2009-03-17,2009-03-18,5% Treasury Stock 2025,Gilt,TEN,0.05,2025-03-07,1200.0,,1400.28,116.7,116.7,veröffentlicht (Durchschnittskurs bzw. Emissionskurs),3.614354,3.6144,1402.19,1.79,1200.0,757.81,757.81,757.81,757.81,calc,brown,Alistair Darling,gb_tenders,89
2009-03-19,2009-03-20,2¼% Treasury Gilt 2014,Gilt,AUK,0.0225,2014-03-07,3250.0,,3209.33,98.75,98.75,veröffentlicht (Durchschnittskurs bzw. Emissionskurs),2.519533,2.5195,3209.38,0.0,3250.0,403.67,403.67,403.67,403.67,calc,brown,Alistair Darling,gb_auctions,1007
2009-03-25,2009-03-26,4¼% Treasury Gilt 2049,Gilt,AUK,0.0425,2049-12-07,1750.0,,1487.73,95.24,95.24,veröffentlicht (Durchschnittskurs bzw. Emissionskurs),4.505967,4.506,1688.97,22.27,1750.0,3110.4,3110.4,3110.4,3110.4,calc,brown,Alistair Darling,gb_auctions,1006
2009-03-26,2009-03-27,1 7/8% Index-linked Treasury Gilt 2022,IL Gilt,AUK,0.01875,2022-11-22,1100.0,,1195.93,106.21,106.194541,aus veröffentlichtem Cash-Erlös (geteilt durch Index-Verhältniszahl),1.374584,1.3746,1203.22,7.29,1855.35,1024.33,1024.33,1024.33,1024.33,calc,brown,Alistair Darling,gb_auctions,1005
2009-04-01,2009-04-02,4¾% Treasury Stock 2015,Gilt,AUK,0.0475,2015-09-07,3500.0,,3936.53,112.49,112.49,veröffentlicht (Durchschnittskurs bzw. Emissionskurs),2.625743,2.6257,3948.9,11.75,3500.0,631.73,631.73,631.73,631.73,calc,brown,Alistair Darling,gb_auctions,1004
2009-04-02,2009-04-03,4¼% Treasury Gilt 2039,Gilt,AUK,0.0425,2039-09-07,2250.0,,2247.04,99.88,99.88,veröffentlicht (Durchschnittskurs bzw. Emissionskurs),4.256882,4.2569,2254.32,7.02,2250.0,2912.25,2912.25,2912.25,2912.25,calc,brown,Alistair Darling,gb_auctions,1003
2009-04-07,2009-04-08,4½% Treasury Gilt 2019,Gilt,AUK,0.045,2019-03-07,3000.0,,3260.47,108.69,108.69,veröffentlicht (Durchschnittskurs bzw. Emissionskurs),3.456805,3.4568,3272.44,11.74,3000.0,1077.56,1077.56,1077.56,1077.56,calc,brown,Alistair Darling,gb_auctions,1002
2009-04-08,2009-04-09,1¼% Index-linked Treasury Gilt 2032,IL Gilt,AUK,0.0125,2032-11-22,1100.0,,1100.88,103.27,103.259356,aus veröffentlichtem Cash-Erlös (geteilt durch Index-Verhältniszahl),1.092525,1.0925,1106.83,5.95,2407.78,1807.67,1524.36,2120.11,281.56,proj,brown,Alistair Darling,gb_auctions,1001
2009-04-15,2009-04-16,1 1/8% Index-linked Treasury Gilt 2037,IL Gilt,TEN,0.01125,2037-11-22,500.0,,535.88,102.85,102.850124,aus veröffentlichtem Cash-Erlös (geteilt durch Index-Verhältniszahl),1.010004,1.01,538.23,2.35,1297.3,1051.06,779.86,1380.14,123.96,proj,brown,Alistair Darling,gb_tenders,88
2009-04-16,2009-04-17,2¼% Treasury Gilt 2014,Gilt,AUK,0.0225,2014-03-07,4000.0,,3892.51,97.33,97.33,veröffentlicht (Durchschnittskurs bzw. Emissionskurs),2.838692,2.8387,3900.05,6.85,4000.0,546.77,546.77,546.77,546.77,calc,brown,Alistair Darling,gb_auctions,1000
2009-04-28,2009-04-29,4% Treasury Gilt 2022,Gilt,AUK,0.04,2022-03-07,3000.0,,3022.17,100.76,100.76,veröffentlicht (Durchschnittskurs bzw. Emissionskurs),3.923641,3.9236,3042.73,19.93,3000.0,1519.92,1519.92,1519.92,1519.92,calc,brown,Alistair Darling,gb_auctions,999
2009-04-30,2009-05-01,1 7/8% Index-linked Treasury Gilt 2022,IL Gilt,AUK,0.01875,2022-11-22,1100.0,,1196.14,105.8,105.786443,aus veröffentlichtem Cash-Erlös (geteilt durch Index-Verhältniszahl),1.403689,1.4037,1205.51,9.37,1855.35,1022.05,1022.05,1022.05,1022.05,calc,brown,Alistair Darling,gb_auctions,998
2009-05-06,2009-05-07,4½% Treasury Gilt 2019,Gilt,AUK,0.045,2019-03-07,3500.0,,3764.78,107.57,107.57,veröffentlicht (Durchschnittskurs bzw. Emissionskurs),3.5794889999999997,3.5795,3791.06,26.11,3500.0,1283.94,1283.94,1283.94,1283.94,calc,brown,Alistair Darling,gb_auctions,997
2009-05-12,2009-05-13,4¾% Treasury Gilt 2030,Gilt,AUK,0.0475,2030-12-07,2250.0,,2362.29,105.01,105.01,veröffentlicht (Durchschnittskurs bzw. Emissionskurs),4.388129,4.3881,2408.82,46.1,2250.0,2192.43,2192.43,2192.43,2192.43,calc,brown,Alistair Darling,gb_auctions,996
2009-05-14,2009-05-15,0¾% Index-linked Treasury Gilt 2047,IL Gilt,AUK,0.0075,2047-11-22,700.0,,704.86,99.02,99.002336,aus veröffentlichtem Cash-Erlös (geteilt durch Index-Verhältniszahl),0.7795019999999999,0.7795,704.76,-0.1,2154.66,1859.79,1069.67,3020.79,132.75,proj,brown,Alistair Darling,gb_auctions,995
2009-05-19,2009-05-20,4¾% Treasury Stock 2038,Gilt,TEN,0.0475,2038-12-07,1250.0,,1312.48,105.01,105.01,veröffentlicht (Durchschnittskurs bzw. Emissionskurs),4.443678,4.4437,1339.38,26.75,1250.0,1691.87,1691.87,1691.87,1691.87,calc,brown,Alistair Darling,gb_tenders,87
2009-05-21,2009-05-22,2¼% Treasury Gilt 2014,Gilt,AUK,0.0225,2014-03-07,5000.0,,4845.43,97.06,97.06,veröffentlicht (Durchschnittskurs bzw. Emissionskurs),2.911278,2.9113,4872.26,19.26,5000.0,686.27,686.27,686.27,686.27,calc,brown,Alistair Darling,gb_auctions,994
2009-05-28,2009-05-29,1¼% Index-linked Treasury Gilt 2032,IL Gilt,AUK,0.0125,2032-11-22,1250.0,,1259.09,103.52,103.503155,aus veröffentlichtem Cash-Erlös (geteilt durch Index-Verhältniszahl),1.079878,1.0799,1259.38,0.29,2736.11,2043.95,1722.01,2399.0,314.7,proj,brown,Alistair Darling,gb_auctions,993
2009-06-02,2009-06-03,4¼% Treasury Gilt 2049,Gilt,PAOF,0.0425,2049-12-07,2197.41,197.41,2031.56,92.48,92.48,veröffentlicht (Durchschnittskurs bzw. Emissionskurs),4.664892,4.6649,2031.14,-1.03,2197.41,3948.56,3948.56,3948.56,3948.56,calc,brown,Alistair Darling,gb_auctions,992
2009-06-03,2009-06-04,4½% Treasury Gilt 2019,Gilt,PAOF,0.045,2019-03-07,3849.75,349.75,4066.45,105.7,105.7,veröffentlicht (Durchschnittskurs bzw. Emissionskurs),3.794942,3.7949,4111.08,41.9,3849.75,1471.05,1471.05,1471.05,1471.05,calc,brown,Alistair Darling,gb_auctions,991
2009-06-09,2009-06-10,5% Treasury Stock 2014,Gilt,PAOF,0.05,2014-09-07,5490.41,490.41,6078.13,110.74,110.74,veröffentlicht (Durchschnittskurs bzw. Emissionskurs),2.782941,2.7829,6150.95,70.87,5490.41,849.32,849.32,849.32,849.32,calc,brown,Alistair Darling,gb_auctions,990
2009-06-11,2009-06-12,0¾% Index-linked Treasury Gilt 2047,IL Gilt,AUK,0.0075,2047-11-22,725.0,,719.06,97.51,97.505544,aus veröffentlichtem Cash-Erlös (geteilt durch Index-Verhältniszahl),0.825725,0.8257,719.38,0.32,2231.61,1936.76,1118.42,3139.23,148.11,proj,brown,Alistair Darling,gb_auctions,989
2009-06-23,2009-06-24,4% Treasury Gilt 2022,Gilt,AUK,0.04,2022-03-07,4000.0,,3975.84,99.4,99.4,veröffentlicht (Durchschnittskurs bzw. Emissionskurs),4.060355,4.0604,4026.93,50.93,4000.0,2056.61,2056.61,2056.61,2056.61,calc,brown,Alistair Darling,gb_auctions,988
2009-06-25,2009-06-26,1 1/8% Index-linked Treasury Gilt 2037,IL Gilt,TEN,0.01125,2037-11-22,500.0,,563.21,107.81,107.728503,aus veröffentlichtem Cash-Erlös (geteilt durch Index-Verhältniszahl),0.8163720000000001,0.8164,563.77,0.56,1297.3,1022.58,751.38,1351.66,97.25,proj,brown,Alistair Darling,gb_tenders,86
2009-07-01,2009-07-02,2¼% Treasury Gilt 2014,Gilt,PAOF,0.0225,2014-03-07,5657.97,407.96,5443.65,96.22,96.22,veröffentlicht (Durchschnittskurs bzw. Emissionskurs),3.123727,3.1237,5480.07,35.98,5657.97,809.92,809.92,809.92,809.92,calc,brown,Alistair Darling,gb_auctions,987
2009-07-02,2009-07-03,4¼% Treasury Gilt 2039,Gilt,AUK,0.0425,2039-09-07,2500.0,,2412.62,96.52,96.52,veröffentlicht (Durchschnittskurs bzw. Emissionskurs),4.460602,4.4606,2447.07,34.07,2500.0,3293.56,3293.56,3293.56,3293.56,calc,brown,Alistair Darling,gb_auctions,986
2009-07-07,2009-07-08,3¾% Treasury Gilt 2019,Gilt,AUK,0.0375,2019-09-07,4000.0,,3973.45,99.34,99.34,veröffentlicht (Durchschnittskurs bzw. Emissionskurs),3.829459,3.8295,3973.6,0.0,4000.0,1551.26,1551.26,1551.26,1551.26,calc,brown,Alistair Darling,gb_auctions,985
2009-07-08,2009-07-09,1¼% Index-linked Treasury Gilt 2027,IL Gilt,AUK,0.0125,2027-11-22,1000.0,,1152.46,105.6,105.579171,aus veröffentlichtem Cash-Erlös (geteilt durch Index-Verhältniszahl),0.9180079999999999,0.918,1154.24,1.78,2218.08,1425.1,1378.6,1471.67,257.4,proj,brown,Alistair Darling,gb_auctions,984
2009-07-16,2009-07-17,4¼% Treasury Stock 2032,Gilt,TEN,0.0425,2032-06-07,1250.0,,1213.13,97.05,97.05,veröffentlicht (Durchschnittskurs bzw. Emissionskurs),4.4566300000000005,4.4566,1218.93,5.81,1250.0,1252.94,1252.94,1252.94,1252.94,calc,brown,Alistair Darling,gb_tenders,85
2009-07-21,2009-07-22,4% Treasury Gilt 2016,Gilt,AUK,0.04,2016-09-07,4000.0,,4157.01,103.95,103.95,veröffentlicht (Durchschnittskurs bzw. Emissionskurs),3.371433,3.3714,4217.57,59.57,4000.0,982.43,982.43,982.43,982.43,calc,brown,Alistair Darling,gb_auctions,983
2009-07-29,2009-07-30,2¼% Treasury Gilt 2014,Gilt,PAOF,0.0225,2014-03-07,5440.88,440.88,5214.65,95.86,95.86,veröffentlicht (Durchschnittskurs bzw. Emissionskurs),3.224144,3.2241,5259.54,43.91,5440.88,789.12,789.12,789.12,789.12,calc,brown,Alistair Darling,gb_auctions,982
2009-08-04,2009-08-05,4¼% Treasury Gilt 2027,Gilt,PAOF,0.0425,2027-12-07,2746.24,246.24,2643.03,96.26,96.26,veröffentlicht (Durchschnittskurs bzw. Emissionskurs),4.552544,4.5525,2662.34,18.81,2746.24,2243.13,2243.13,2243.13,2243.13,calc,brown,Alistair Darling,gb_auctions,981
2009-08-11,2009-08-12,3¾% Treasury Gilt 2019,Gilt,PAOF,0.0375,2019-09-07,3844.42,344.42,3785.83,98.48,98.48,veröffentlicht (Durchschnittskurs bzw. Emissionskurs),3.934414,3.9344,3799.7,13.71,3844.42,1510.28,1510.28,1510.28,1510.28,calc,brown,Alistair Darling,gb_auctions,980
2009-08-13,2009-08-14,0¾% Index-linked Treasury Gilt 2047,IL Gilt,TEN,0.0075,2047-11-22,450.0,,479.31,103.87,103.890108,aus veröffentlichtem Cash-Erlös (geteilt durch Index-Verhältniszahl),0.635913,0.6359,480.1,0.79,1385.14,1168.54,660.6,1914.9,61.97,proj,brown,Alistair Darling,gb_tenders,84
2009-08-20,2009-08-21,1¼% Index-linked Treasury Gilt 2032,IL Gilt,PAOF,0.0125,2032-11-22,1128.47,28.47,1211.2,109.33,109.317464,aus veröffentlichtem Cash-Erlös (geteilt durch Index-Verhältniszahl),0.80901,0.809,1214.62,3.42,2470.1,1767.55,1476.9,2088.08,216.18,proj,brown,Alistair Darling,gb_auctions,979
2009-09-02,2009-09-03,5¼% Treasury Gilt 2012,Gilt,PAOF,0.0525,2012-06-07,5099.57,99.57,5547.71,108.81,108.81,veröffentlicht (Durchschnittskurs bzw. Emissionskurs),1.9538669999999998,1.9539,5613.21,64.37,5099.57,289.54,289.54,289.54,289.54,calc,brown,Alistair Darling,gb_auctions,978
2009-09-03,2009-09-04,4¼% Treasury Gilt 2039,Gilt,PAOF,0.0425,2039-09-07,2298.59,48.59,2329.3,101.34,101.34,veröffentlicht (Durchschnittskurs bzw. Emissionskurs),4.171327,4.1713,2328.59,-0.8,2298.59,2900.7,2900.7,2900.7,2900.7,calc,brown,Alistair Darling,gb_auctions,977
2009-09-08,2009-09-09,3¾% Treasury Gilt 2019,Gilt,PAOF,0.0375,2019-09-07,4124.57,374.57,4110.56,99.76,99.76,veröffentlicht (Durchschnittskurs bzw. Emissionskurs),3.779033,3.779,4115.53,0.85,4124.57,1555.76,1555.76,1555.76,1555.76,calc,brown,Alistair Darling,gb_auctions,976
2009-09-14,2009-09-15,6% Treasury Stock 2028,Gilt,TEN,0.06,2028-12-06,1000.0,,1274.38,127.55,127.55,veröffentlicht (Durchschnittskurs bzw. Emissionskurs),3.9421519999999997,3.942,1292.06,16.56,1000.0,877.94,877.94,877.94,877.94,calc,brown,Alistair Darling,gb_tenders,83
2009-09-17,2009-09-18,2¼% Treasury Gilt 2014,Gilt,PAOF,0.0225,2014-03-07,5774.38,524.38,5674.6,98.3,98.3,veröffentlicht (Durchschnittskurs bzw. Emissionskurs),2.655783,2.6558,5680.17,3.95,5774.38,678.87,678.87,678.87,678.87,calc,brown,Alistair Darling,gb_auctions,975
2009-09-29,2009-09-30,4% Treasury Gilt 2022,Gilt,PAOF,0.04,2022-03-07,4047.05,297.05,4090.92,101.09,101.09,veröffentlicht (Durchschnittskurs bzw. Emissionskurs),3.8884109999999996,3.8884,4101.45,10.29,4047.05,1969.13,1969.13,1969.13,1969.13,calc,brown,Alistair Darling,gb_auctions,974
2009-10-01,2009-10-02,4¾% Treasury Gilt 2030,Gilt,PAOF,0.0475,2030-12-07,2474.85,224.85,2712.58,109.67,109.67,veröffentlicht (Durchschnittskurs bzw. Emissionskurs),4.0643400000000005,4.0643,2751.75,37.58,2474.85,2250.54,2250.54,2250.54,2250.54,calc,brown,Alistair Darling,gb_auctions,973
2009-10-06,2009-10-07,4½% Treasury Gilt 2013,Gilt,PAOF,0.045,2013-03-07,5389.71,389.71,5814.85,107.95,107.95,veröffentlicht (Durchschnittskurs bzw. Emissionskurs),2.077385,2.0774,5838.29,20.1,5389.71,400.3,400.3,400.3,400.3,calc,brown,Alistair Darling,gb_auctions,972
2009-10-07,2009-10-08,0 5/8% Index-linked Treasury Gilt 2042,IL Gilt,PAOF,0.00625,2042-11-22,818.26,68.26,859.55,104.5,104.499541,aus veröffentlichtem Cash-Erlös (geteilt durch Index-Verhältniszahl),0.47794,0.4779,861.49,1.94,2230.69,1685.99,1048.47,2538.75,80.64,proj,brown,Alistair Darling,gb_auctions,971
2009-10-14,2009-10-15,4¾% Treasury Stock 2020,Gilt,AUK,0.0475,2020-03-07,3500.0,,3857.17,110.26,110.26,veröffentlicht (Durchschnittskurs bzw. Emissionskurs),3.560057,3.5601,3876.55,17.45,3500.0,1369.07,1369.07,1369.07,1369.07,calc,brown,Alistair Darling,gb_auctions,970
2009-10-15,2009-10-16,1¼% Index-linked Treasury Gilt 2017,IL Gilt,TEN,0.0125,2017-11-22,600.0,,704.37,106.33,106.330272,aus veröffentlichtem Cash-Erlös (geteilt durch Index-Verhältniszahl),0.453239,0.4532,707.68,3.31,851.66,225.52,225.52,225.52,225.52,calc,brown,Alistair Darling,gb_tenders,82
2009-10-22,2009-10-23,5% Treasury Stock 2014,Gilt,PAOF,0.05,2014-09-07,4880.86,130.86,5363.74,110.0,110.0,veröffentlicht (Durchschnittskurs bzw. Emissionskurs),2.7901920000000002,2.7902,5399.96,31.01,4880.86,701.12,701.12,701.12,701.12,calc,brown,Alistair Darling,gb_auctions,969
2009-11-03,2009-11-04,2¾% Treasury Gilt 2015,Gilt,PAOF,0.0275,2015-01-22,5161.22,411.22,5111.26,99.08,99.08,veröffentlicht (Durchschnittskurs bzw. Emissionskurs),2.942106,2.9421,5113.74,0.0,5161.22,787.62,787.62,787.62,787.62,calc,brown,Alistair Darling,gb_auctions,968
2009-11-04,2009-11-05,4½% Treasury Gilt 2034,Gilt,AUK,0.045,2034-09-07,2000.0,,2059.06,102.97,102.97,veröffentlicht (Durchschnittskurs bzw. Emissionskurs),4.303819,4.3038,2074.07,14.67,2000.0,2175.93,2175.93,2175.93,2175.93,calc,brown,Alistair Darling,gb_auctions,967
2009-11-10,2009-11-11,3¾% Treasury Gilt 2019,Gilt,PAOF,0.0375,2019-09-07,4124.74,374.74,4066.98,98.65,98.65,veröffentlicht (Durchschnittskurs bzw. Emissionskurs),3.9164030000000003,3.9164,4096.83,27.77,4124.74,1574.69,1574.69,1574.69,1574.69,calc,brown,Alistair Darling,gb_auctions,966
2009-11-12,2009-11-13,1¼% Index-linked Treasury Gilt 2032,IL Gilt,AUK,0.0125,2032-11-22,1000.0,,1129.69,114.23,114.217396,aus veröffentlichtem Cash-Erlös (geteilt durch Index-Verhältniszahl),0.5882580000000001,0.5883,1129.39,-0.3,2188.89,1507.09,1249.54,1791.13,139.57,proj,brown,Alistair Darling,gb_auctions,965
2009-11-19,2009-11-20,1 1/8% Index-linked Treasury Gilt 2037,IL Gilt,TEN,0.01125,2037-11-22,450.0,,560.16,117.11,117.110252,aus veröffentlichtem Cash-Erlös (geteilt durch Index-Verhältniszahl),0.472054,0.4721,560.13,-0.03,1167.57,864.89,620.81,1161.06,39.89,proj,brown,Alistair Darling,gb_tenders,81
2009-11-24,2009-11-25,4% Treasury Gilt 2022,Gilt,PAOF,0.04,2022-03-07,4090.65,340.65,4107.25,100.43,100.43,veröffentlicht (Durchschnittskurs bzw. Emissionskurs),3.9549630000000002,3.955,4143.95,35.71,4090.65,1992.03,1992.03,1992.03,1992.03,calc,brown,Alistair Darling,gb_auctions,964
2009-12-01,2009-12-02,2¾% Treasury Gilt 2015,Gilt,PAOF,0.0275,2015-01-22,5499.78,499.78,5487.1,99.81,99.81,veröffentlicht (Durchschnittskurs bzw. Emissionskurs),2.790177,2.7902,5500.84,11.51,5499.78,787.63,787.63,787.63,787.63,calc,brown,Alistair Darling,gb_auctions,963
2009-12-02,2009-12-03,4¼% Treasury Gilt 2039,Gilt,PAOF,0.0425,2039-09-07,2474.83,224.83,2511.28,101.5,101.5,veröffentlicht (Durchschnittskurs bzw. Emissionskurs),4.161321,4.1613,2537.23,25.28,2474.83,3093.01,3093.01,3093.01,3093.01,calc,brown,Alistair Darling,gb_auctions,962
2009-12-08,2009-12-09,3¾% Treasury Gilt 2019,Gilt,PAOF,0.0375,2019-09-07,4118.78,368.78,4104.38,99.67,99.67,veröffentlicht (Durchschnittskurs bzw. Emissionskurs),3.790281,3.7903,4144.87,39.68,4118.78,1518.45,1518.45,1518.45,1518.45,calc,brown,Alistair Darling,gb_auctions,961
2009-12-16,2009-12-17,4¼% Treasury Stock 2032,Gilt,TEN,0.0425,2032-06-07,1000.0,,978.88,97.91,97.91,veröffentlicht (Durchschnittskurs bzw. Emissionskurs),4.397258,4.3973,980.27,1.17,1000.0,975.98,975.98,975.98,975.98,calc,brown,Alistair Darling,gb_tenders,80
2009-12-17,2009-12-18,1¼% Index-linked Treasury Gilt 2027,IL Gilt,PAOF,0.0125,2027-11-22,906.22,56.22,1081.54,107.4,107.384475,aus veröffentlichtem Cash-Erlös (geteilt durch Index-Verhältniszahl),0.8058679999999999,0.8059,1082.44,0.9,2010.07,1248.74,1206.59,1290.93,208.51,proj,brown,Alistair Darling,gb_auctions,960
2010-01-06,2010-01-07,2¾% Treasury Gilt 2015,Gilt,PAOF,0.0275,2015-01-22,4399.31,399.31,4325.23,98.47,98.47,veröffentlicht (Durchschnittskurs bzw. Emissionskurs),3.0800650000000003,3.0801,4353.04,21.04,4399.31,677.15,677.15,677.15,677.15,calc,brown,Alistair Darling,gb_auctions,959
2010-01-13,2010-01-14,4¼% Treasury Gilt 2049,Gilt,PAOF,0.0425,2049-12-07,2425.4,175.4,2381.72,98.22,98.22,veröffentlicht (Durchschnittskurs bzw. Emissionskurs),4.344105,4.3441,2392.99,10.76,2425.4,4155.59,4155.59,4155.59,4155.59,calc,brown,Alistair Darling,gb_auctions,958
2010-01-18,2010-01-19,1¼% Index-linked Treasury Gilt 2017,IL Gilt,TEN,0.0125,2017-11-22,600.0,,705.25,105.25,105.250512,aus veröffentlichtem Cash-Erlös (geteilt durch Index-Verhältniszahl),0.564443,0.5644,706.59,1.34,851.66,222.44,222.44,222.44,222.44,calc,brown,Alistair Darling,gb_tenders,79
2010-01-21,2010-01-22,3¾% Treasury Gilt 2019,Gilt,PAOF,0.0375,2019-09-07,3574.69,324.69,3476.34,97.3,97.3,veröffentlicht (Durchschnittskurs bzw. Emissionskurs),4.091857,4.0919,3528.91,50.73,3574.69,1386.29,1386.29,1386.29,1386.29,calc,brown,Alistair Darling,gb_auctions,957
2010-02-02,2010-02-03,5¼% Treasury Gilt 2012,Gilt,PAOF,0.0525,2012-06-07,4029.7,279.7,4351.22,108.2,108.2,veröffentlicht (Durchschnittskurs bzw. Emissionskurs),1.6625370000000002,1.6625,4393.85,33.71,4029.7,164.75,164.75,164.75,164.75,calc,brown,Alistair Darling,gb_auctions,956
2010-02-03,2010-02-04,5% Treasury Gilt 2018,Gilt,AUK,0.05,2018-03-07,3000.0,,3271.08,109.06,109.06,veröffentlicht (Durchschnittskurs bzw. Emissionskurs),3.693172,3.6932,3333.95,62.15,3000.0,941.05,941.05,941.05,941.05,calc,brown,Alistair Darling,gb_auctions,955
2010-02-09,2010-02-10,4½% Treasury Gilt 2034,Gilt,PAOF,0.045,2034-09-07,2159.24,159.24,2159.4,100.02,100.02,veröffentlicht (Durchschnittskurs bzw. Emissionskurs),4.498445,4.4984,2201.54,41.87,2159.24,2386.84,2386.84,2386.84,2386.84,calc,brown,Alistair Darling,gb_auctions,954
2010-02-11,2010-02-12,1 7/8% Index-linked Treasury Gilt 2022,IL Gilt,AUK,0.01875,2022-11-22,900.0,,1026.65,108.05,108.035214,aus veröffentlichtem Cash-Erlös (geteilt durch Index-Verhältniszahl),1.193592,1.1936,1030.69,4.04,1518.01,774.37,774.37,774.37,774.37,calc,brown,Alistair Darling,gb_auctions,953
2010-02-18,2010-02-19,0¾% Index-linked Treasury Gilt 2047,IL Gilt,TEN,0.0075,2047-11-22,400.0,,430.67,102.85,102.867693,aus veröffentlichtem Cash-Erlös (geteilt durch Index-Verhältniszahl),0.664517,0.6645,431.44,0.77,1231.23,1032.46,580.96,1695.89,57.41,proj,brown,Alistair Darling,gb_tenders,78
2010-02-24,2010-02-25,3¾% Treasury Gilt 2019,Gilt,PAOF,0.0375,2019-09-07,3299.57,299.56,3199.04,97.05,97.05,veröffentlicht (Durchschnittskurs bzw. Emissionskurs),4.127502,4.1275,3260.68,58.45,3299.57,1276.23,1276.23,1276.23,1276.23,calc,brown,Alistair Darling,gb_auctions,952
2010-03-02,2010-03-03,4¼% Treasury Gilt 2039,Gilt,PAOF,0.0425,2039-09-07,2169.34,169.34,2050.31,94.54,94.54,veröffentlicht (Durchschnittskurs bzw. Emissionskurs),4.589624,4.5896,2049.88,-1.02,2169.34,2839.28,2839.28,2839.28,2839.28,calc,brown,Alistair Darling,gb_auctions,951
2010-03-03,2010-03-04,2¾% Treasury Gilt 2015,Gilt,PAOF,0.0275,2015-01-22,4320.92,320.92,4311.21,99.79,99.79,veröffentlicht (Durchschnittskurs bzw. Emissionskurs),2.795907,2.7959,4325.31,13.46,4320.92,589.74,589.74,589.74,589.74,calc,brown,Alistair Darling,gb_auctions,950
2010-03-09,2010-03-10,4% Treasury Gilt 2022,Gilt,PAOF,0.04,2022-03-07,3296.48,296.48,3194.57,96.91,96.91,veröffentlicht (Durchschnittskurs bzw. Emissionskurs),4.333076,4.3331,3195.69,1.07,3296.48,1683.1,1683.1,1683.1,1683.1,calc,brown,Alistair Darling,gb_auctions,949
2010-03-11,2010-03-12,1¼% Index-linked Treasury Gilt 2032,IL Gilt,AUK,0.0125,2032-11-22,900.0,,957.91,106.05,106.028356,aus veröffentlichtem Cash-Erlös (geteilt durch Index-Verhältniszahl),0.952921,0.9529,961.34,3.43,1970.0,1411.49,1179.69,1667.12,194.01,proj,brown,Alistair Darling,gb_auctions,948
2010-03-16,2010-03-17,6% Treasury Stock 2028,Gilt,TEN,0.06,2028-12-06,1000.0,,1179.51,117.96,117.96,veröffentlicht (Durchschnittskurs bzw. Emissionskurs),4.56257,4.5625,1196.25,16.65,1000.0,943.75,943.75,943.75,943.75,calc,brown,Alistair Darling,gb_tenders,77
2010-03-18,2010-03-19,4¾% Treasury Stock 2020,Gilt,PAOF,0.0475,2020-03-07,3574.93,324.92,3795.66,106.19,106.19,veröffentlicht (Durchschnittskurs bzw. Emissionskurs),3.9910140000000003,3.991,3801.75,5.54,3574.93,1471.26,1471.26,1471.26,1471.26,calc,brown,Alistair Darling,gb_auctions,947
2010-04-07,2010-04-08,4¾% Treasury Stock 2015,Gilt,PAOF,0.0475,2015-09-07,4579.98,79.98,4998.01,109.15,109.15,veröffentlicht (Durchschnittskurs bzw. Emissionskurs),2.9102609999999998,2.9103,5017.97,18.92,4579.98,758.53,758.53,758.53,758.53,calc,brown,Alistair Darling,gb_auctions,946
2010-04-13,2010-04-14,4¼% Treasury Gilt 2039,Gilt,PAOF,0.0425,2039-09-07,2474.94,224.94,2335.62,94.39,94.39,veröffentlicht (Durchschnittskurs bzw. Emissionskurs),4.599725,4.5997,2346.96,10.86,2474.94,3230.94,3230.94,3230.94,3230.94,calc,brown,Alistair Darling,gb_auctions,945
2010-04-15,2010-04-16,0 5/8% Index-linked Treasury Gilt 2042,IL Gilt,AUK,0.00625,2042-11-22,900.0,,908.35,98.13,98.140585,aus veröffentlichtem Cash-Erlös (geteilt durch Index-Verhältniszahl),0.689143,0.6891,910.67,2.32,2453.53,1888.45,1187.24,2826.4,143.58,proj,brown,Alistair Darling,gb_auctions,944
2010-04-21,2010-04-22,1¼% Index-linked Treasury Gilt 2017,IL Gilt,TEN,0.0125,2017-11-22,600.0,,727.59,107.39,107.362615,aus veröffentlichtem Cash-Erlös (geteilt durch Index-Verhältniszahl),0.264959,0.265,731.12,3.53,851.66,197.91,197.91,197.91,197.91,calc,brown,Alistair Darling,gb_tenders,76
2010-04-22,2010-04-23,4¾% Treasury Stock 2020,Gilt,PAOF,0.0475,2020-03-07,4124.8,374.8,4346.02,105.41,105.41,veröffentlicht (Durchschnittskurs bzw. Emissionskurs),4.078243,4.0782,4372.98,25.02,4124.8,1711.1,1711.1,1711.1,1711.1,calc,brown,Alistair Darling,gb_auctions,943
2010-04-27,2010-04-28,1¼% Index-linked Treasury Gilt 2032,IL Gilt,PAOF,0.0125,2032-11-22,1099.98,99.98,1178.82,106.23,106.219728,aus veröffentlichtem Cash-Erlös (geteilt durch Index-Verhältniszahl),0.942858,0.9429,1184.84,6.02,2407.74,1715.24,1431.94,2027.68,232.83,proj,brown,Alistair Darling,gb_auctions,942
2010-04-28,2010-04-29,4½% Treasury Gilt 2013,Gilt,AUK,0.045,2013-03-07,4500.0,,4832.38,107.49,107.49,veröffentlicht (Durchschnittskurs bzw. Emissionskurs),1.79705,1.797,4866.21,29.16,4500.0,241.29,241.29,241.29,241.29,calc,brown,Alistair Darling,gb_auctions,941
2010-05-11,2010-05-12,4¼% Treasury Gilt 2027,Gilt,PAOF,0.0425,2027-12-07,2474.97,224.97,2408.08,97.31,97.31,veröffentlicht (Durchschnittskurs bzw. Emissionskurs),4.472425,4.4724,2453.47,45.08,2474.97,1914.85,1914.85,1914.85,1914.85,calc,cameron1,George Osborne,gb_auctions,940
2010-05-13,2010-05-14,1 7/8% Index-linked Treasury Gilt 2022,IL Gilt,PAOF,0.01875,2022-11-22,1146.37,46.37,1387.28,113.23,113.213489,aus veröffentlichtem Cash-Erlös (geteilt durch Index-Verhältniszahl),0.765042,0.765,1386.77,-0.51,1933.56,900.9,900.9,900.9,900.9,calc,cameron1,George Osborne,gb_auctions,939
2010-05-17,2010-05-18,4¼% Treasury Stock 2032,Gilt,TEN,0.0425,2032-06-07,1000.0,,982.17,98.23,98.23,veröffentlicht (Durchschnittskurs bzw. Emissionskurs),4.375764,4.3758,1001.21,18.91,1000.0,955.04,955.04,955.04,955.04,calc,cameron1,George Osborne,gb_tenders,75
2010-05-20,2010-05-21,4¾% Treasury Stock 2020,Gilt,PAOF,0.0475,2020-03-07,3574.78,324.78,3884.92,108.74,108.74,veröffentlicht (Durchschnittskurs bzw. Emissionskurs),3.678691,3.6787,3921.82,34.61,3574.78,1350.98,1350.98,1350.98,1350.98,calc,cameron1,George Osborne,gb_auctions,938
2010-06-02,2010-06-03,2¾% Treasury Gilt 2015,Gilt,PAOF,0.0275,2015-01-22,4674.49,424.49,4766.42,102.08,102.08,veröffentlicht (Durchschnittskurs bzw. Emissionskurs),2.274312,2.2743,4818.59,46.87,4674.49,498.64,498.64,498.64,498.64,calc,cameron1,George Osborne,gb_auctions,937
2010-06-03,2010-06-04,4½% Treasury Gilt 2034,Gilt,PAOF,0.045,2034-09-07,2175.56,175.56,2230.99,102.57,102.57,veröffentlicht (Durchschnittskurs bzw. Emissionskurs),4.327447,4.3274,2255.15,23.68,2175.56,2318.97,2318.97,2318.97,2318.97,calc,cameron1,George Osborne,gb_auctions,936
2010-06-08,2010-06-09,1¼% Index-linked Treasury Gilt 2027,IL Gilt,AUK,0.0125,2027-11-22,1100.0,,1316.64,105.0,104.984164,aus veröffentlichtem Cash-Erlös (geteilt durch Index-Verhältniszahl),0.9386990000000001,0.9387,1317.41,0.77,2439.89,1504.45,1453.3,1555.67,273.4,proj,cameron1,George Osborne,gb_auctions,935
2010-06-09,2010-06-10,3¾% Treasury Gilt 2020,Gilt,AUK,0.0375,2020-09-07,3750.0,,3786.06,101.0,101.0,veröffentlicht (Durchschnittskurs bzw. Emissionskurs),3.632692,3.6327,3787.5,0.0,3750.0,1402.76,1402.76,1402.76,1402.76,calc,cameron1,George Osborne,gb_auctions,934
2010-06-16,2010-06-17,1¼% Index-linked Treasury Gilt 2017,IL Gilt,TEN,0.0125,2017-11-22,550.0,,672.22,106.76,106.741149,aus veröffentlichtem Cash-Erlös (geteilt durch Index-Verhältniszahl),0.328202,0.3282,672.78,0.56,780.69,174.93,174.93,174.93,174.93,calc,cameron1,George Osborne,gb_tenders,74
2010-06-17,2010-06-18,5% Treasury Stock 2014,Gilt,PAOF,0.05,2014-09-07,4399.53,399.53,4920.33,111.94,111.94,veröffentlicht (Durchschnittskurs bzw. Emissionskurs),2.0324969999999998,2.0325,4986.4,61.57,4399.53,403.02,403.02,403.02,403.02,calc,cameron1,George Osborne,gb_auctions,933
2010-07-01,2010-07-02,0¾% Index-linked Treasury Gilt 2047,IL Gilt,PAOF,0.0075,2047-11-22,879.85,79.85,969.73,102.78,102.785047,aus veröffentlichtem Cash-Erlös (geteilt durch Index-Verhältniszahl),0.6658799999999999,0.6659,970.52,0.79,2708.25,2246.02,1252.9,3705.32,123.83,proj,cameron1,George Osborne,gb_auctions,932
2010-07-06,2010-07-07,3¾% Treasury Gilt 2020,Gilt,PAOF,0.0375,2020-09-07,3566.11,316.11,3652.0,102.41,102.41,veröffentlicht (Durchschnittskurs bzw. Emissionskurs),3.466972,3.467,3661.86,9.81,3566.11,1273.88,1273.88,1273.88,1273.88,calc,cameron1,George Osborne,gb_auctions,931
2010-07-14,2010-07-15,4¼% Treasury Gilt 2046,Gilt,PAOF,0.0425,2046-12-07,2415.74,165.74,2451.87,101.52,101.52,veröffentlicht (Durchschnittskurs bzw. Emissionskurs),4.168287,4.1683,2463.12,10.66,2415.74,3700.04,3700.04,3700.04,3700.04,calc,cameron1,George Osborne,gb_auctions,930
2010-07-15,2010-07-16,1 7/8% Index-linked Treasury Gilt 2022,IL Gilt,PAOF,0.01875,2022-11-22,1244.31,44.31,1495.9,110.79,110.777658,aus veröffentlichtem Cash-Erlös (geteilt durch Index-Verhältniszahl),0.9471550000000001,0.9472,1499.68,3.78,2098.75,983.43,983.43,983.43,983.43,calc,cameron1,George Osborne,gb_auctions,929
2010-07-20,2010-07-21,4% Treasury Gilt 2016,Gilt,AUK,0.04,2016-09-07,3750.0,,4062.23,108.34,108.34,veröffentlicht (Durchschnittskurs bzw. Emissionskurs),2.522694,2.5227,4118.18,55.43,3750.0,606.82,606.82,606.82,606.82,calc,cameron1,George Osborne,gb_auctions,928
2010-08-03,2010-08-04,2¾% Treasury Gilt 2015,Gilt,PAOF,0.0275,2015-01-22,4124.92,374.92,4245.04,102.93,102.93,veröffentlicht (Durchschnittskurs bzw. Emissionskurs),2.059621,2.0596,4249.79,4.01,4124.92,385.59,385.59,385.59,385.59,calc,cameron1,George Osborne,gb_auctions,927
2010-08-10,2010-08-11,4½% Treasury Gilt 2034,Gilt,AUK,0.045,2034-09-07,1750.0,,1828.69,104.51,104.51,veröffentlicht (Durchschnittskurs bzw. Emissionskurs),4.200246,4.2002,1862.52,33.6,1750.0,1816.85,1816.85,1816.85,1816.85,calc,cameron1,George Osborne,gb_auctions,926
2010-08-12,2010-08-13,4% Treasury Gilt 2022,Gilt,PAOF,0.04,2022-03-07,3299.91,299.92,3460.09,104.87,104.87,veröffentlicht (Durchschnittskurs bzw. Emissionskurs),3.484649,3.4846,3517.65,57.03,3299.91,1366.22,1366.22,1366.22,1366.22,calc,cameron1,George Osborne,gb_auctions,925
2010-08-19,2010-08-20,1¼% Index-linked Treasury Gilt 2027,IL Gilt,AUK,0.0125,2027-11-22,1000.0,,1223.78,106.08,106.068853,aus veröffentlichtem Cash-Erlös (geteilt durch Index-Verhältniszahl),0.86976,0.8698,1227.31,3.53,2218.08,1338.02,1291.52,1384.58,232.52,proj,cameron1,George Osborne,gb_auctions,924
2010-09-01,2010-09-02,4¾% Treasury Stock 2038,Gilt,TEN,0.0475,2038-12-07,1000.0,,1156.6,115.66,115.66,veröffentlicht (Durchschnittskurs bzw. Emissionskurs),3.837056,3.8371,1167.89,11.29,1000.0,1185.86,1185.86,1185.86,1185.86,calc,cameron1,George Osborne,gb_tenders,73
2010-09-02,2010-09-03,5% Treasury Stock 2014,Gilt,PAOF,0.05,2014-09-07,4122.57,372.57,4672.5,113.4,113.4,veröffentlicht (Durchschnittskurs bzw. Emissionskurs),1.541903,1.5419,4672.76,-2.24,4122.57,274.33,274.33,274.33,274.33,calc,cameron1,George Osborne,gb_auctions,923
2010-09-07,2010-09-08,0¾% Index-linked Treasury Gilt 2047,IL Gilt,PAOF,0.0075,2047-11-22,876.71,76.7,1001.79,106.03,106.013422,aus veröffentlichtem Cash-Erlös (geteilt durch Index-Verhältniszahl),0.569897,0.5699,1003.89,2.1,2698.57,2201.16,1211.58,3655.24,91.43,proj,cameron1,George Osborne,gb_auctions,922
2010-09-15,2010-09-16,4¾% Treasury Gilt 2030,Gilt,AUK,0.0475,2030-12-07,2000.0,,2219.84,111.0,111.0,veröffentlicht (Durchschnittskurs bzw. Emissionskurs),3.954414,3.9544,2246.22,26.22,2000.0,1701.28,1701.28,1701.28,1701.28,calc,cameron1,George Osborne,gb_auctions,921
2010-09-16,2010-09-17,3¾% Treasury Gilt 2020,Gilt,PAOF,0.0375,2020-09-07,3296.36,296.36,3444.42,104.53,104.53,veröffentlicht (Durchschnittskurs bzw. Emissionskurs),3.2153300000000002,3.2153,3449.1,3.41,3296.36,1083.39,1083.39,1083.39,1083.39,calc,cameron1,George Osborne,gb_auctions,920
2010-09-23,2010-09-24,1¼% Index-linked Treasury Gilt 2027,IL Gilt,TEN,0.0125,2027-11-22,550.0,,693.24,109.35,109.338847,aus veröffentlichtem Cash-Erlös (geteilt durch Index-Verhältniszahl),0.672182,0.6722,695.93,2.69,1219.94,715.0,689.42,740.61,106.43,proj,cameron1,George Osborne,gb_tenders,72
2010-10-05,2010-10-06,0 5/8% Index-linked Treasury Gilt 2042,IL Gilt,AUK,0.00625,2042-11-22,925.0,,978.99,100.52,100.525015,aus veröffentlichtem Cash-Erlös (geteilt durch Index-Verhältniszahl),0.607157,0.6072,981.26,2.27,2521.68,1892.62,1171.94,2856.62,121.89,proj,cameron1,George Osborne,gb_auctions,919
2010-10-13,2010-10-14,4¼% Treasury Gilt 2027,Gilt,TEN,0.0425,2027-12-07,1200.0,,1288.81,107.43,107.43,veröffentlicht (Durchschnittskurs bzw. Emissionskurs),3.6623509999999997,3.6624,1307.14,17.98,1200.0,785.36,785.36,785.36,785.36,calc,cameron1,George Osborne,gb_tenders,71
2010-10-14,2010-10-15,4¾% Treasury Stock 2015,Gilt,PAOF,0.0475,2015-09-07,4102.48,352.48,4686.99,114.33,114.33,veröffentlicht (Durchschnittskurs bzw. Emissionskurs),1.6873019999999999,1.6873,4710.82,20.46,4102.48,366.0,366.0,366.0,366.0,calc,cameron1,George Osborne,gb_auctions,918
2010-10-19,2010-10-20,1¼% Index-linked Treasury Gilt 2032,IL Gilt,AUK,0.0125,2032-11-22,1250.0,,1432.41,111.02,111.004039,aus veröffentlichtem Cash-Erlös (geteilt durch Index-Verhältniszahl),0.710085,0.7101,1439.03,6.62,2736.11,1848.64,1526.7,2203.69,193.33,proj,cameron1,George Osborne,gb_auctions,917
2010-10-21,2010-10-22,3¾% Treasury Gilt 2020,Gilt,PAOF,0.0375,2020-09-07,3256.62,256.62,3447.1,105.88,105.88,veröffentlicht (Durchschnittskurs bzw. Emissionskurs),3.0554419999999998,3.0554,3463.29,15.18,3256.62,1014.56,1014.56,1014.56,1014.56,calc,cameron1,George Osborne,gb_auctions,916
2010-11-02,2010-11-03,2% Treasury Gilt 2016,Gilt,PAOF,0.02,2016-01-22,4399.74,399.74,4406.49,100.21,100.21,veröffentlicht (Durchschnittskurs bzw. Emissionskurs),1.9577039999999999,1.9577,4408.98,0.0,4399.74,449.86,449.86,449.86,449.86,calc,cameron1,George Osborne,gb_auctions,915
2010-11-09,2010-11-10,1¼% Index-linked Treasury Gilt 2055,IL Gilt,PAOF,0.0125,2055-11-22,769.97,69.97,1122.92,124.77,124.932975,aus veröffentlichtem Cash-Erlös (geteilt durch Index-Verhältniszahl),0.6189009999999999,0.6189,1128.17,5.25,2997.27,2947.87,1416.84,5541.86,8.2,proj,cameron1,George Osborne,gb_auctions,914
2010-11-11,2010-11-12,4½% Treasury Gilt 2034,Gilt,PAOF,0.045,2034-09-07,2060.95,60.95,2154.31,104.57,104.57,veröffentlicht (Durchschnittskurs bzw. Emissionskurs),4.194377,4.1944,2172.04,16.91,2060.95,2114.73,2114.73,2114.73,2114.73,calc,cameron1,George Osborne,gb_auctions,913
2010-11-18,2010-11-19,3¾% Treasury Gilt 2020,Gilt,AUK,0.0375,2020-09-07,3250.0,,3329.6,102.47,102.47,veröffentlicht (Durchschnittskurs bzw. Emissionskurs),3.450294,3.4503,3354.85,24.58,3250.0,1113.9,1113.9,1113.9,1113.9,calc,cameron1,George Osborne,gb_auctions,912
2010-11-23,2010-11-24,1¼% Index-linked Treasury Gilt 2027,IL Gilt,TEN,0.0125,2027-11-22,600.0,,747.56,107.41,107.409898,aus veröffentlichtem Cash-Erlös (geteilt durch Index-Verhältniszahl),0.783452,0.7835,747.61,0.05,1330.85,787.24,759.34,815.18,127.67,proj,cameron1,George Osborne,gb_tenders,70
2010-12-07,2010-12-08,4¼% Treasury Gilt 2049,Gilt,PAOF,0.0425,2049-12-07,2197.27,197.27,2143.26,97.59,97.59,veröffentlicht (Durchschnittskurs bzw. Emissionskurs),4.379436,4.3794,2144.57,0.26,2197.27,3694.67,3694.67,3694.67,3694.67,calc,cameron1,George Osborne,gb_auctions,911
2010-12-15,2010-12-16,2% Treasury Gilt 2016,Gilt,PAOF,0.02,2016-01-22,3849.98,349.98,3746.54,97.32,97.32,veröffentlicht (Durchschnittskurs bzw. Emissionskurs),2.563985,2.564,3755.8,9.0,3849.98,495.92,495.92,495.92,495.92,calc,cameron1,George Osborne,gb_auctions,910
2010-12-16,2010-12-17,0 5/8% Index-linked Treasury Gilt 2042,IL Gilt,PAOF,0.00625,2042-11-22,883.32,58.32,900.88,96.1,96.090859,aus veröffentlichtem Cash-Erlös (geteilt durch Index-Verhältniszahl),0.762847,0.7628,901.28,0.4,2408.05,1840.17,1151.96,2760.74,156.76,proj,cameron1,George Osborne,gb_auctions,909
2011-01-06,2011-01-07,3¾% Treasury Gilt 2020,Gilt,PAOF,0.0375,2020-09-07,3023.39,273.39,3036.71,100.47,100.47,veröffentlicht (Durchschnittskurs bzw. Emissionskurs),3.691261,3.6913,3075.81,38.21,3023.39,1081.35,1081.35,1081.35,1081.35,calc,cameron1,George Osborne,gb_auctions,908
2011-01-11,2011-01-12,1¼% Index-linked Treasury Gilt 2032,IL Gilt,AUK,0.0125,2032-11-22,900.0,,1031.93,110.1,110.084863,aus veröffentlichtem Cash-Erlös (geteilt durch Index-Verhältniszahl),0.7482599999999999,0.7483,1033.58,1.65,1970.0,1327.71,1095.91,1583.35,144.18,proj,cameron1,George Osborne,gb_auctions,907
2011-01-19,2011-01-20,4¼% Treasury Stock 2036,Gilt,PAOF,0.0425,2036-03-07,2474.61,224.61,2387.02,96.57,96.57,veröffentlicht (Durchschnittskurs bzw. Emissionskurs),4.478498,4.4785,2428.95,39.22,2474.61,2727.51,2727.51,2727.51,2727.51,calc,cameron1,George Osborne,gb_auctions,906
2011-02-01,2011-02-02,2% Treasury Gilt 2016,Gilt,AUK,0.02,2016-01-22,3750.0,,3627.69,96.76,96.76,veröffentlicht (Durchschnittskurs bzw. Emissionskurs),2.701,2.701,3630.78,2.28,3750.0,494.22,494.22,494.22,494.22,calc,cameron1,George Osborne,gb_auctions,905
2011-02-03,2011-02-04,4¼% Treasury Gilt 2040,Gilt,PAOF,0.0425,2040-12-07,2161.21,161.21,2064.14,95.57,95.57,veröffentlicht (Durchschnittskurs bzw. Emissionskurs),4.521611,4.5216,2080.36,14.89,2161.21,2836.4,2836.4,2836.4,2836.4,calc,cameron1,George Osborne,gb_auctions,904
2011-02-08,2011-02-09,1 7/8% Index-linked Treasury Gilt 2022,IL Gilt,PAOF,0.01875,2022-11-22,1054.96,54.97,1302.59,111.77,111.737654,aus veröffentlichtem Cash-Erlös (geteilt durch Index-Verhältniszahl),0.824588,0.8246,1307.36,4.77,1779.39,787.08,787.08,787.08,787.08,calc,cameron1,George Osborne,gb_auctions,903
2011-02-17,2011-02-18,3¾% Treasury Gilt 2020,Gilt,PAOF,0.0375,2020-09-07,3024.67,274.67,2988.93,98.9,98.9,veröffentlicht (Durchschnittskurs bzw. Emissionskurs),3.8888380000000002,3.8888,3042.78,51.39,3024.67,1116.14,1116.14,1116.14,1116.14,calc,cameron1,George Osborne,gb_auctions,902
2011-03-01,2011-03-02,2% Treasury Gilt 2016,Gilt,PAOF,0.02,2016-01-22,4343.92,343.92,4212.11,97.0,97.0,veröffentlicht (Durchschnittskurs bzw. Emissionskurs),2.657758,2.6578,4222.96,9.36,4343.92,555.35,555.35,555.35,555.35,calc,cameron1,George Osborne,gb_auctions,901
2011-03-03,2011-03-04,4¼% Treasury Gilt 2055,Gilt,PAOF,0.0425,2055-12-07,2474.9,224.9,2431.23,98.27,98.27,veröffentlicht (Durchschnittskurs bzw. Emissionskurs),4.337631,4.3376,2457.22,25.14,2474.9,4750.92,4750.92,4750.92,4750.92,calc,cameron1,George Osborne,gb_auctions,900
2011-03-08,2011-03-09,0 5/8% Index-linked Treasury Gilt 2042,IL Gilt,PAOF,0.00625,2042-11-22,873.97,73.97,916.49,97.5,97.506351,aus veröffentlichtem Cash-Erlös (geteilt durch Index-Verhältniszahl),0.71324,0.7132,918.23,1.74,2382.56,1794.21,1113.29,2705.03,140.95,proj,cameron1,George Osborne,gb_auctions,899
2011-03-17,2011-03-18,3¾% Treasury Gilt 2021,Gilt,AUK,0.0375,2021-09-07,2750.0,,2770.12,100.8,100.8,veröffentlicht (Durchschnittskurs bzw. Emissionskurs),3.657452,3.6575,2772.0,0.0,2750.0,1057.73,1057.73,1057.73,1057.73,calc,cameron1,George Osborne,gb_auctions,898
2011-04-05,2011-04-06,3¾% Treasury Gilt 2021,Gilt,PAOF,0.0375,2021-09-07,3807.11,307.11,3765.53,98.91,98.91,veröffentlicht (Durchschnittskurs bzw. Emissionskurs),3.8780959999999998,3.8781,3772.99,7.37,3807.11,1528.91,1528.91,1528.91,1528.91,calc,cameron1,George Osborne,gb_auctions,897
2011-04-06,2011-04-07,1 1/8% Index-linked Treasury Gilt 2037,IL Gilt,AUK,0.01125,2037-11-22,1000.0,,1248.14,110.03,110.00899,aus veröffentlichtem Cash-Erlös (geteilt durch Index-Verhältniszahl),0.71083,0.7108,1252.94,4.8,2594.59,1901.39,1359.0,2559.55,139.71,proj,cameron1,George Osborne,gb_auctions,896
2011-04-13,2011-04-14,2% Treasury Gilt 2016,Gilt,AUK,0.02,2016-01-22,5000.0,,4862.25,97.33,97.33,veröffentlicht (Durchschnittskurs bzw. Emissionskurs),2.598003,2.598,4889.15,22.65,5000.0,610.85,610.85,610.85,610.85,calc,cameron1,George Osborne,gb_auctions,895
2011-04-14,2011-04-15,4¼% Treasury Gilt 2040,Gilt,AUK,0.0425,2040-12-07,2000.0,,1975.41,98.79,98.79,veröffentlicht (Durchschnittskurs bzw. Emissionskurs),4.322507,4.3225,2005.92,30.12,2000.0,2544.08,2544.08,2544.08,2544.08,calc,cameron1,George Osborne,gb_auctions,894
2011-04-19,2011-04-20,0½% Index-linked Treasury Gilt 2050,IL Gilt,PAOF,0.005,2050-03-22,971.8,71.8,997.21,95.03,95.030069,aus veröffentlichtem Cash-Erlös (geteilt durch Index-Verhältniszahl),0.6445839999999999,0.6446,997.62,0.41,3050.05,2447.38,1254.21,4285.2,158.7,proj,cameron1,George Osborne,gb_auctions,893
2011-05-04,2011-05-05,5% Treasury Stock 2025,Gilt,AUK,0.05,2025-03-07,3250.0,,3653.13,112.41,112.41,veröffentlicht (Durchschnittskurs bzw. Emissionskurs),3.8354939999999997,3.8355,3679.38,26.05,3250.0,1845.62,1845.62,1845.62,1845.62,calc,cameron1,George Osborne,gb_auctions,892
2011-05-10,2011-05-11,1 7/8% Index-linked Treasury Gilt 2022,IL Gilt,PAOF,0.01875,2022-11-22,1305.08,105.08,1697.08,115.46,115.428358,aus veröffentlichtem Cash-Erlös (geteilt durch Index-Verhältniszahl),0.49398699999999995,0.494,1710.03,12.95,2201.24,880.96,880.96,880.96,880.96,calc,cameron1,George Osborne,gb_auctions,891
2011-05-12,2011-05-13,4¼% Treasury Gilt 2040,Gilt,PAOF,0.0425,2040-12-07,2191.79,191.79,2207.14,100.75,100.75,veröffentlicht (Durchschnittskurs bzw. Emissionskurs),4.2052879999999995,4.2053,2248.4,40.18,2191.79,2737.91,2737.91,2737.91,2737.91,calc,cameron1,George Osborne,gb_auctions,890
2011-05-19,2011-05-20,2¼% Treasury Gilt 2014,Gilt,AUK,0.0225,2014-03-07,5000.0,,5105.95,102.17,102.17,veröffentlicht (Durchschnittskurs bzw. Emissionskurs),1.455622,1.4556,5131.12,22.62,5000.0,206.38,206.38,206.38,206.38,calc,cameron1,George Osborne,gb_auctions,889
2011-06-02,2011-06-03,3¾% Treasury Gilt 2021,Gilt,PAOF,0.0375,2021-09-07,3603.79,103.79,3707.21,102.88,102.88,veröffentlicht (Durchschnittskurs bzw. Emissionskurs),3.4145760000000003,3.4146,3735.85,28.28,3603.79,1282.89,1282.89,1282.89,1282.89,calc,cameron1,George Osborne,gb_auctions,888
2011-06-07,2011-06-08,0 5/8% Index-linked Treasury Gilt 2040,IL Gilt,AUK,0.00625,2040-03-22,1000.0,,1085.98,101.0,100.999786,aus veröffentlichtem Cash-Erlös (geteilt durch Index-Verhältniszahl),0.58719,0.5872,1087.4,1.42,2536.47,1773.33,1157.96,2555.48,123.36,proj,cameron1,George Osborne,gb_auctions,887
2011-06-15,2011-06-16,4¼% Treasury Gilt 2027,Gilt,PAOF,0.0425,2027-12-07,2474.95,224.95,2548.67,103.0,103.0,veröffentlicht (Durchschnittskurs bzw. Emissionskurs),3.999543,3.9995,2551.78,2.59,2474.95,1658.72,1658.72,1658.72,1658.72,calc,cameron1,George Osborne,gb_auctions,886
2011-06-21,2011-06-22,2% Treasury Gilt 2016,Gilt,AUK,0.02,2016-01-22,4750.0,,4757.06,100.16,100.16,veröffentlicht (Durchschnittskurs bzw. Emissionskurs),1.9631669999999999,1.9632,4797.23,39.63,4750.0,427.77,427.77,427.77,427.77,calc,cameron1,George Osborne,gb_auctions,885
2011-06-23,2011-06-24,0½% Index-linked Treasury Gilt 2050,IL Gilt,TEN,0.005,2050-03-22,450.0,,493.6,100.05,100.061931,aus veröffentlichtem Cash-Erlös (geteilt durch Index-Verhältniszahl),0.498577,0.4986,494.23,0.63,1412.35,1101.0,548.5,1952.02,48.6,proj,cameron1,George Osborne,gb_tenders,69
2011-07-05,2011-07-06,3¾% Treasury Gilt 2021,Gilt,PAOF,0.0375,2021-09-07,3572.95,322.95,3643.03,102.03,102.03,veröffentlicht (Durchschnittskurs bzw. Emissionskurs),3.510586,3.5106,3685.53,40.05,3572.95,1290.26,1290.26,1290.26,1290.26,calc,cameron1,George Osborne,gb_auctions,884
2011-07-06,2011-07-07,1¼% Index-linked Treasury Gilt 2027,IL Gilt,AUK,0.0125,2027-11-22,1100.0,,1461.06,109.91,109.896028,aus veröffentlichtem Cash-Erlös (geteilt durch Index-Verhältniszahl),0.61299,0.613,1463.14,2.08,2439.89,1342.53,1291.37,1393.75,186.83,proj,cameron1,George Osborne,gb_auctions,883
2011-07-14,2011-07-15,4¼% Treasury Gilt 2040,Gilt,PAOF,0.0425,2040-12-07,2179.7,179.7,2206.32,101.25,101.25,veröffentlicht (Durchschnittskurs bzw. Emissionskurs),4.175565000000001,4.1756,2216.57,9.62,2179.7,2695.94,2695.94,2695.94,2695.94,calc,cameron1,George Osborne,gb_auctions,882
2011-07-19,2011-07-20,2% Treasury Gilt 2016,Gilt,PAOF,0.02,2016-01-22,5100.64,350.64,5145.5,100.91,100.91,veröffentlicht (Durchschnittskurs bzw. Emissionskurs),1.788887,1.7889,5146.49,-0.56,5100.64,413.21,413.21,413.21,413.21,calc,cameron1,George Osborne,gb_auctions,881
2011-08-02,2011-08-03,4½% Treasury Gilt 2034,Gilt,AUK,0.045,2034-09-07,2000.0,,2162.72,108.2,108.2,veröffentlicht (Durchschnittskurs bzw. Emissionskurs),3.954951,3.955,2200.44,36.44,2000.0,1914.56,1914.56,1914.56,1914.56,calc,cameron1,George Osborne,gb_auctions,880
2011-08-11,2011-08-12,0 5/8% Index-linked Treasury Gilt 2042,IL Gilt,PAOF,0.00625,2042-11-22,905.72,80.72,1030.85,102.83,102.83911,aus veröffentlichtem Cash-Erlös (geteilt durch Index-Verhältniszahl),0.526738,0.5267,1032.25,1.4,2469.11,1775.63,1069.97,2719.53,90.63,proj,cameron1,George Osborne,gb_auctions,879
2011-08-18,2011-08-19,1¾% Treasury Gilt 2017,Gilt,PAOF,0.0175,2017-01-22,4730.2,230.2,4789.36,101.26,101.26,veröffentlicht (Durchschnittskurs bzw. Emissionskurs),1.5072780000000001,1.5073,4789.8,0.0,4730.2,389.38,389.38,389.38,389.38,calc,cameron1,George Osborne,gb_auctions,878
2011-08-23,2011-08-24,1 7/8% Index-linked Treasury Gilt 2022,IL Gilt,PAOF,0.01875,2022-11-22,1071.27,71.27,1493.27,121.9,121.883878,aus veröffentlichtem Cash-Erlös (geteilt durch Index-Verhältniszahl),-0.065161,-0.0652,1499.14,5.87,1806.89,616.34,616.34,616.34,616.34,calc,cameron1,George Osborne,gb_auctions,877
2011-09-01,2011-09-02,3¾% Treasury Gilt 2021,Gilt,AUK,0.0375,2021-09-07,3000.0,,3256.39,108.59,108.59,veröffentlicht (Durchschnittskurs bzw. Emissionskurs),2.7622340000000003,2.7622,3256.17,-1.53,3000.0,868.83,868.83,868.83,868.83,calc,cameron1,George Osborne,gb_auctions,876
2011-09-06,2011-09-07,4¾% Treasury Gilt 2030,Gilt,TEN,0.0475,2030-12-07,1000.0,,1185.14,118.55,118.55,veröffentlicht (Durchschnittskurs bzw. Emissionskurs),3.4256040000000003,3.4256,1197.44,11.94,1000.0,728.81,728.81,728.81,728.81,calc,cameron1,George Osborne,gb_tenders,68
2011-09-15,2011-09-16,0¾% Index-linked Treasury Gilt 2047,IL Gilt,AUK,0.0075,2047-11-22,900.0,,1142.05,112.23,112.233396,aus veröffentlichtem Cash-Erlös (geteilt durch Index-Verhältniszahl),0.387414,0.3874,1144.48,2.43,2770.27,2138.3,1122.43,3631.02,20.02,proj,cameron1,George Osborne,gb_auctions,875
2011-09-22,2011-09-23,1¾% Treasury Gilt 2017,Gilt,PAOF,0.0175,2017-01-22,4888.73,138.72,4977.11,101.82,101.82,veröffentlicht (Durchschnittskurs bzw. Emissionskurs),1.39441,1.3944,4985.84,8.14,4888.73,366.92,366.92,366.92,366.92,calc,cameron1,George Osborne,gb_auctions,874
2011-10-04,2011-10-05,3¾% Treasury Gilt 2021,Gilt,PAOF,0.0375,2021-09-07,3574.97,324.97,4052.52,113.37,113.37,veröffentlicht (Durchschnittskurs bzw. Emissionskurs),2.239716,2.2397,4063.26,10.31,3574.97,852.33,852.33,852.33,852.33,calc,cameron1,George Osborne,gb_auctions,873
2011-10-11,2011-10-12,1 1/8% Index-linked Treasury Gilt 2037,IL Gilt,PAOF,0.01125,2037-11-22,935.87,35.87,1303.18,119.75,119.737498,aus veröffentlichtem Cash-Erlös (geteilt durch Index-Verhältniszahl),0.33448,0.3345,1307.94,4.76,2428.21,1638.07,1130.46,2254.02,15.9,proj,cameron1,George Osborne,gb_auctions,872
2011-10-13,2011-10-14,4¼% Treasury Gilt 2039,Gilt,PAOF,0.0425,2039-09-07,2198.92,198.92,2483.43,112.98,112.98,veröffentlicht (Durchschnittskurs bzw. Emissionskurs),3.515901,3.5159,2493.84,9.5,2198.92,2321.8,2321.8,2321.8,2321.8,calc,cameron1,George Osborne,gb_auctions,871
2011-10-20,2011-10-21,1¾% Treasury Gilt 2017,Gilt,PAOF,0.0175,2017-01-22,4884.6,134.59,4932.46,101.02,101.02,veröffentlicht (Durchschnittskurs bzw. Emissionskurs),1.547004,1.547,4949.05,14.63,4884.6,399.18,399.18,399.18,399.18,calc,cameron1,George Osborne,gb_auctions,870
2011-11-03,2011-11-04,4¼% Treasury Stock 2032,Gilt,AUK,0.0425,2032-06-07,2000.0,,2345.0,117.27,117.27,veröffentlicht (Durchschnittskurs bzw. Emissionskurs),3.107999,3.108,2380.24,34.84,2000.0,1404.76,1404.76,1404.76,1404.76,calc,cameron1,George Osborne,gb_auctions,869
2011-11-08,2011-11-09,0 5/8% Index-linked Treasury Gilt 2040,IL Gilt,PAOF,0.00625,2040-03-22,989.91,89.91,1196.48,110.65,110.683671,aus veröffentlichtem Cash-Erlös (geteilt durch Index-Verhältniszahl),0.236615,0.2366,1197.37,0.89,2510.87,1631.15,1021.98,2405.4,14.44,proj,cameron1,George Osborne,gb_auctions,868
2011-11-17,2011-11-18,5% Treasury Gilt 2018,Gilt,AUK,0.05,2018-03-07,4000.0,,4855.69,121.41,121.41,veröffentlicht (Durchschnittskurs bzw. Emissionskurs),1.434392,1.4344,4895.96,39.56,4000.0,404.04,404.04,404.04,404.04,calc,cameron1,George Osborne,gb_auctions,867
2011-12-01,2011-12-02,3¾% Treasury Gilt 2021,Gilt,PAOF,0.0375,2021-09-07,3298.4,298.4,3688.19,111.85,111.85,veröffentlicht (Durchschnittskurs bzw. Emissionskurs),2.382212,2.3822,3718.48,29.22,3298.4,816.82,816.82,816.82,816.82,calc,cameron1,George Osborne,gb_auctions,866
2011-12-06,2011-12-07,4¼% Treasury Gilt 2040,Gilt,PAOF,0.0425,2040-12-07,1924.94,174.94,2269.2,117.92,117.92,veröffentlicht (Durchschnittskurs bzw. Emissionskurs),3.286783,3.2868,2269.89,0.0,1924.94,2027.54,2027.54,2027.54,2027.54,calc,cameron1,George Osborne,gb_auctions,865
2011-12-07,2011-12-08,1¼% Index-linked Treasury Gilt 2032,IL Gilt,PAOF,0.0125,2032-11-22,951.66,51.66,1314.78,126.1,126.083284,aus veröffentlichtem Cash-Erlös (geteilt durch Index-Verhältniszahl),0.004001,0.004,1315.35,0.57,2083.09,1168.63,923.53,1438.94,-31.26,proj,cameron1,George Osborne,gb_auctions,864
2011-12-14,2011-12-15,4% Treasury Gilt 2022,Gilt,PAOF,0.04,2022-03-07,3299.93,299.93,3837.06,116.3,116.3,veröffentlicht (Durchschnittskurs bzw. Emissionskurs),2.21036,2.2104,3873.72,35.9,3299.93,812.18,812.18,812.18,812.18,calc,cameron1,George Osborne,gb_auctions,863
2011-12-15,2011-12-16,1¾% Treasury Gilt 2017,Gilt,AUK,0.0175,2017-01-22,4000.0,,4122.58,103.09,103.09,veröffentlicht (Durchschnittskurs bzw. Emissionskurs),1.124886,1.1249,4146.24,22.64,4000.0,233.44,233.44,233.44,233.44,calc,cameron1,George Osborne,gb_auctions,862
2011-12-20,2011-12-21,4¼% Treasury Gilt 2027,Gilt,TEN,0.0425,2027-12-07,750.0,,906.05,120.9,120.9,veröffentlicht (Durchschnittskurs bzw. Emissionskurs),2.637191,2.6372,907.97,1.22,750.0,352.03,352.03,352.03,352.03,calc,cameron1,George Osborne,gb_tenders,67
2012-01-04,2012-01-05,1¾% Treasury Gilt 2017,Gilt,PAOF,0.0175,2017-01-22,4124.64,374.64,4251.62,103.17,103.17,veröffentlicht (Durchschnittskurs bzw. Emissionskurs),1.1024120000000002,1.1024,4282.65,27.26,4124.64,233.49,233.49,233.49,233.49,calc,cameron1,George Osborne,gb_auctions,861
2012-01-10,2012-01-11,0¾% Index-linked Treasury Gilt 2047,IL Gilt,PAOF,0.0075,2047-11-22,740.79,40.79,1118.24,131.71,131.711273,aus veröffentlichtem Cash-Erlös (geteilt durch Index-Verhältniszahl),-0.11572900000000001,-0.1157,1119.11,0.87,2280.2,1579.76,743.6,2808.41,-152.35,proj,cameron1,George Osborne,gb_auctions,860
2012-01-11,2012-01-12,3¾% Treasury Gilt 2021,Gilt,PAOF,0.0375,2021-09-07,3282.57,282.57,3757.94,114.49,114.49,veröffentlicht (Durchschnittskurs bzw. Emissionskurs),2.084513,2.0845,3801.16,42.95,3282.57,712.37,712.37,712.37,712.37,calc,cameron1,George Osborne,gb_auctions,859
2012-01-19,2012-01-20,4% Treasury Gilt 2016,Gilt,PAOF,0.04,2016-09-07,4128.2,128.2,4705.71,114.06,114.06,veröffentlicht (Durchschnittskurs bzw. Emissionskurs),0.892567,0.8926,4769.86,61.24,4128.2,183.97,183.97,183.97,183.97,calc,cameron1,George Osborne,gb_auctions,858
2012-02-01,2012-02-02,5% Treasury Stock 2025,Gilt,PAOF,0.05,2025-03-07,2749.95,249.95,3564.41,129.64,129.64,veröffentlicht (Durchschnittskurs bzw. Emissionskurs),2.355813,2.3558,3620.94,55.91,2749.95,985.22,985.22,985.22,985.22,calc,cameron1,George Osborne,gb_auctions,857
2012-02-02,2012-02-03,0 1/8% Index-linked Treasury Gilt 2029,IL Gilt,AUK,0.00125,2029-03-22,1250.0,,1324.4,105.46,105.459504,aus veröffentlichtem Cash-Erlös (geteilt durch Index-Verhältniszahl),-0.188437,-0.1884,1324.98,0.58,2326.5,1038.79,931.05,1149.52,-39.0,proj,cameron1,George Osborne,gb_auctions,856
2012-02-07,2012-02-08,1¾% Treasury Gilt 2017,Gilt,AUK,0.0175,2017-01-22,4000.0,,4115.99,103.02,103.02,veröffentlicht (Durchschnittskurs bzw. Emissionskurs),1.121464,1.1215,4124.07,3.27,4000.0,225.93,225.93,225.93,225.93,calc,cameron1,George Osborne,gb_auctions,855
2012-02-16,2012-02-17,4½% Treasury Gilt 2034,Gilt,AUK,0.045,2034-09-07,1750.0,,2137.91,122.19,122.19,veröffentlicht (Durchschnittskurs bzw. Emissionskurs),3.121916,3.1219,2173.59,35.26,1750.0,1387.66,1387.66,1387.66,1387.66,calc,cameron1,George Osborne,gb_auctions,854
2012-03-01,2012-03-02,4% Treasury Gilt 2022,Gilt,AUK,0.04,2022-03-07,2750.0,,3197.04,116.28,116.28,veröffentlicht (Durchschnittskurs bzw. Emissionskurs),2.181425,2.1814,3196.19,-1.51,2750.0,653.81,653.81,653.81,653.81,calc,cameron1,George Osborne,gb_auctions,853
2012-03-06,2012-03-07,0¾% Index-linked Treasury Gilt 2034,IL Gilt,PAOF,0.0075,2034-03-22,1010.06,10.06,1200.81,115.48,115.479526,aus veröffentlichtem Cash-Erlös (geteilt durch Index-Verhältniszahl),0.044177,0.0442,1204.39,3.58,2121.79,1178.27,881.07,1514.72,-15.15,proj,cameron1,George Osborne,gb_auctions,852
2012-03-07,2012-03-08,1% Treasury Gilt 2017,Gilt,AUK,0.01,2017-09-07,4000.0,,3957.33,98.95,98.95,veröffentlicht (Durchschnittskurs bzw. Emissionskurs),1.197934,1.1979,3958.11,0.11,4000.0,261.89,261.89,261.89,261.89,calc,cameron1,George Osborne,gb_auctions,851
2012-03-15,2012-03-16,4½% Treasury Gilt 2042,Gilt,PAOF,0.045,2042-12-07,2198.88,198.88,2642.28,120.2,120.2,veröffentlicht (Durchschnittskurs bzw. Emissionskurs),3.4309019999999997,3.4309,2670.09,27.04,2198.88,2596.23,2596.23,2596.23,2596.23,calc,cameron1,George Osborne,gb_auctions,850
2012-03-22,2012-03-23,0 5/8% Index-linked Treasury Gilt 2042,IL Gilt,AUK,0.00625,2042-11-22,900.0,,1182.85,117.15,117.154808,aus veröffentlichtem Cash-Erlös (geteilt durch Index-Verhältniszahl),0.060444000000000005,0.0604,1184.96,2.11,2453.53,1602.05,900.84,2539.99,-58.74,proj,cameron1,George Osborne,gb_auctions,849
2012-04-03,2012-04-04,4% Treasury Gilt 2022,Gilt,PAOF,0.04,2022-03-07,3574.82,324.82,4136.17,115.76,115.76,veröffentlicht (Durchschnittskurs bzw. Emissionskurs),2.2215059999999998,2.2215,4149.09,10.88,3574.82,855.66,855.66,855.66,855.66,calc,cameron1,George Osborne,gb_auctions,848
2012-04-11,2012-04-12,1% Treasury Gilt 2017,Gilt,AUK,0.01,2017-09-07,4500.0,,4465.14,99.23,99.23,veröffentlicht (Durchschnittskurs bzw. Emissionskurs),1.1473659999999999,1.1474,4469.75,4.4,4500.0,277.75,277.75,277.75,277.75,calc,cameron1,George Osborne,gb_auctions,847
2012-04-12,2012-04-13,4¼% Treasury Stock 2032,Gilt,AUK,0.0425,2032-06-07,2000.0,,2370.52,118.55,118.55,veröffentlicht (Durchschnittskurs bzw. Emissionskurs),3.0147269999999997,3.0147,2400.73,29.73,2000.0,1341.77,1341.77,1341.77,1341.77,calc,cameron1,George Osborne,gb_auctions,846
2012-04-19,2012-04-20,0 1/8% Index-linked Treasury Gilt 2029,IL Gilt,PAOF,0.00125,2029-03-22,1475.36,125.36,1529.28,102.89,102.896564,aus veröffentlichtem Cash-Erlös (geteilt durch Index-Verhältniszahl),-0.045121,-0.0451,1529.43,0.15,2745.93,1259.57,1132.4,1390.26,-8.55,proj,cameron1,George Osborne,gb_auctions,845
2012-05-01,2012-05-02,4½% Treasury Gilt 2019,Gilt,PAOF,0.045,2019-03-07,4124.93,374.93,4928.06,119.49,119.49,veröffentlicht (Durchschnittskurs bzw. Emissionskurs),1.4948009999999998,1.4948,4957.13,28.25,4124.93,467.16,467.16,467.16,467.16,calc,cameron1,George Osborne,gb_auctions,844
2012-05-03,2012-05-04,0¾% Index-linked Treasury Gilt 2034,IL Gilt,PAOF,0.0075,2034-03-22,1200.3,0.3,1429.45,115.26,115.266518,aus veröffentlichtem Cash-Erlös (geteilt durch Index-Verhältniszahl),0.048841,0.0488,1430.54,1.09,2521.42,1396.26,1043.08,1796.08,-17.5,proj,cameron1,George Osborne,gb_auctions,843
2012-05-09,2012-05-10,4½% Treasury Gilt 2042,Gilt,PAOF,0.045,2042-12-07,2199.85,199.85,2740.9,124.68,124.68,veröffentlicht (Durchschnittskurs bzw. Emissionskurs),3.224482,3.2245,2784.69,41.92,2199.85,2483.94,2483.94,2483.94,2483.94,calc,cameron1,George Osborne,gb_auctions,842
2012-05-15,2012-05-16,5% Treasury Stock 2025,Gilt,PAOF,0.05,2025-03-07,2907.51,157.51,3787.51,130.44,130.44,veröffentlicht (Durchschnittskurs bzw. Emissionskurs),2.251079,2.2511,3820.21,27.65,2907.51,977.18,977.18,977.18,977.18,calc,cameron1,George Osborne,gb_auctions,841
2012-05-17,2012-05-18,5% Treasury Stock 2014,Gilt,TEN,0.05,2014-09-07,1500.0,,1659.84,110.66,110.66,veröffentlicht (Durchschnittskurs bzw. Emissionskurs),0.350946,0.3509,1674.57,14.67,1500.0,12.93,12.93,12.93,12.93,calc,cameron1,George Osborne,gb_tenders,66
2012-06-12,2012-06-13,1% Treasury Gilt 2017,Gilt,AUK,0.01,2017-09-07,4750.0,,4766.68,100.37,100.37,veröffentlicht (Durchschnittskurs bzw. Emissionskurs),0.9273560000000001,0.9274,4780.22,12.65,4750.0,231.03,231.03,231.03,231.03,calc,cameron1,George Osborne,gb_auctions,840
2012-06-14,2012-06-15,4% Treasury Gilt 2060,Gilt,PAOF,0.04,2060-01-22,1649.81,149.81,1933.51,117.33,117.33,veröffentlicht (Durchschnittskurs bzw. Emissionskurs),3.278276,3.2783,1962.01,26.29,1649.81,2855.43,2855.43,2855.43,2855.43,calc,cameron1,George Osborne,gb_auctions,839
2012-06-21,2012-06-22,1¾% Treasury Gilt 2022,Gilt,PAOF,0.0175,2022-09-07,3574.97,324.98,3518.63,98.43,98.43,veröffentlicht (Durchschnittskurs bzw. Emissionskurs),1.9201920000000001,1.9202,3518.85,0.0,3574.97,694.84,694.84,694.84,694.84,calc,cameron1,George Osborne,gb_auctions,838
2012-06-26,2012-06-27,0 1/8% Index-linked Treasury Gilt 2029,IL Gilt,PAOF,0.00125,2029-03-22,1366.1,116.1,1448.59,103.93,103.929321,aus veröffentlichtem Cash-Erlös (geteilt durch Index-Verhältniszahl),-0.107645,-0.1076,1449.05,0.46,2542.59,1133.42,1015.67,1254.43,-23.14,proj,cameron1,George Osborne,gb_auctions,837
2012-07-03,2012-07-04,4¾% Treasury Gilt 2030,Gilt,PAOF,0.0475,2030-12-07,1919.06,169.06,2524.54,131.56,131.56,veröffentlicht (Durchschnittskurs bzw. Emissionskurs),2.5859089999999996,2.5859,2531.44,6.72,1919.06,1074.0,1074.0,1074.0,1074.0,calc,cameron1,George Osborne,gb_auctions,836
2012-07-04,2012-07-05,1% Treasury Gilt 2017,Gilt,PAOF,0.01,2017-09-07,4594.98,94.98,4607.35,100.29,100.29,veröffentlicht (Durchschnittskurs bzw. Emissionskurs),0.942388,0.9424,4623.29,14.98,4594.98,224.41,224.41,224.41,224.41,calc,cameron1,George Osborne,gb_auctions,835
2012-07-10,2012-07-11,0½% Index-linked Treasury Gilt 2050,IL Gilt,PAOF,0.005,2050-03-22,932.07,32.06,1211.44,114.41,114.404464,aus veröffentlichtem Cash-Erlös (geteilt durch Index-Verhältniszahl),0.10969200000000001,0.1097,1213.04,1.6,2925.33,2085.93,941.55,3848.6,-56.7,proj,cameron1,George Osborne,gb_auctions,834
2012-07-12,2012-07-13,1¾% Treasury Gilt 2022,Gilt,PAOF,0.0175,2022-09-07,3849.8,349.8,3858.84,100.29,100.29,veröffentlicht (Durchschnittskurs bzw. Emissionskurs),1.7188050000000001,1.7188,3864.8,3.84,3849.8,672.8,672.8,672.8,672.8,calc,cameron1,George Osborne,gb_auctions,833
2012-07-19,2012-07-20,3¾% Treasury Gilt 2052,Gilt,AUK,0.0375,2052-07-22,1750.0,,2029.59,115.99,115.99,veröffentlicht (Durchschnittskurs bzw. Emissionskurs),3.054832,3.0548,2029.46,-0.36,1750.0,2345.54,2345.54,2345.54,2345.54,calc,cameron1,George Osborne,gb_auctions,832
2012-08-09,2012-08-10,5% Treasury Stock 2014,Gilt,TEN,0.05,2014-09-07,1500.0,,1650.07,110.08,110.08,veröffentlicht (Durchschnittskurs bzw. Emissionskurs),0.136142,0.1361,1682.99,31.79,1500.0,4.51,4.51,4.51,4.51,calc,cameron1,George Osborne,gb_tenders,65
2012-08-16,2012-08-17,4½% Treasury Gilt 2034,Gilt,PAOF,0.045,2034-09-07,1649.18,149.18,2112.24,128.1,128.1,veröffentlicht (Durchschnittskurs bzw. Emissionskurs),2.7860700000000005,2.7861,2145.47,32.87,1649.18,1173.5,1173.5,1173.5,1173.5,calc,cameron1,George Osborne,gb_auctions,831
2012-08-21,2012-08-22,0 1/8% Index-linked Treasury Gilt 2029,IL Gilt,PAOF,0.00125,2029-03-22,1297.3,47.3,1355.22,102.5,102.504766,aus veröffentlichtem Cash-Erlös (geteilt durch Index-Verhältniszahl),-0.025418,-0.0254,1355.91,0.69,2414.53,1096.5,984.67,1211.41,-3.33,proj,cameron1,George Osborne,gb_auctions,830
2012-08-23,2012-08-24,5% Treasury Gilt 2018,Gilt,PAOF,0.05,2018-03-07,4065.11,315.11,4988.32,122.73,122.73,veröffentlicht (Durchschnittskurs bzw. Emissionskurs),0.796273,0.7963,5083.0,93.9,4065.11,201.64,201.64,201.64,201.64,calc,cameron1,George Osborne,gb_auctions,829
2012-09-05,2012-09-06,4½% Treasury Gilt 2042,Gilt,AUK,0.045,2042-12-07,1750.0,,2288.77,130.85,130.85,veröffentlicht (Durchschnittskurs bzw. Emissionskurs),2.95095,2.951,2309.45,19.58,1750.0,1842.42,1842.42,1842.42,1842.42,calc,cameron1,George Osborne,gb_auctions,828
2012-09-11,2012-09-12,0¾% Index-linked Treasury Gilt 2034,IL Gilt,PAOF,0.0075,2034-03-22,1345.54,95.54,1587.06,113.25,113.254154,aus veröffentlichtem Cash-Erlös (geteilt durch Index-Verhältniszahl),0.12592499999999998,0.1259,1592.03,4.97,2826.52,1576.82,1180.91,2025.02,3.13,proj,cameron1,George Osborne,gb_auctions,827
2012-09-13,2012-09-14,1¾% Treasury Gilt 2022,Gilt,PAOF,0.0175,2022-09-07,3831.18,331.19,3804.38,99.32,99.32,veröffentlicht (Durchschnittskurs bzw. Emissionskurs),1.8248179999999998,1.8248,3806.43,1.3,3831.18,695.21,695.21,695.21,695.21,calc,cameron1,George Osborne,gb_auctions,826
2012-09-20,2012-09-21,1% Treasury Gilt 2017,Gilt,PAOF,0.01,2017-09-07,4927.16,427.16,4972.61,100.96,100.96,veröffentlicht (Durchschnittskurs bzw. Emissionskurs),0.802225,0.8022,4976.36,1.91,4927.16,197.15,197.15,197.15,197.15,calc,cameron1,George Osborne,gb_auctions,825
2012-10-02,2012-10-03,1¾% Treasury Gilt 2022,Gilt,PAOF,0.0175,2022-09-07,3849.29,349.29,3837.25,99.87,99.87,veröffentlicht (Durchschnittskurs bzw. Emissionskurs),1.76428,1.7643,3849.12,4.84,3849.29,673.79,673.79,673.79,673.79,calc,cameron1,George Osborne,gb_auctions,824
2012-10-09,2012-10-10,4¼% Treasury Stock 2032,Gilt,PAOF,0.0425,2032-06-07,1762.89,12.89,2185.5,124.19,124.19,veröffentlicht (Durchschnittskurs bzw. Emissionskurs),2.661455,2.6615,2214.93,25.59,1762.89,1046.43,1046.43,1046.43,1046.43,calc,cameron1,George Osborne,gb_auctions,823
2012-10-11,2012-10-12,0 1/8% Index-linked Treasury Gilt 2024,IL Gilt,PAOF,0.00125,2024-03-22,1649.1,149.1,1758.48,106.65,106.650031,aus veröffentlichtem Cash-Erlös (geteilt durch Index-Verhältniszahl),-0.44087699999999996,-0.4409,1758.59,0.11,2573.18,842.95,842.95,842.95,842.95,calc,cameron1,George Osborne,gb_auctions,822
2012-10-18,2012-10-19,4½% Treasury Gilt 2019,Gilt,PAOF,0.045,2019-03-07,4057.75,307.75,4894.48,120.71,120.71,veröffentlicht (Durchschnittskurs bzw. Emissionskurs),1.128373,1.1284,4919.29,21.19,4057.75,325.35,325.35,325.35,325.35,calc,cameron1,George Osborne,gb_auctions,821
2012-10-30,2012-10-31,4¾% Treasury Stock 2015,Gilt,TEN,0.0475,2015-09-07,1500.0,,1687.74,112.61,112.61,veröffentlicht (Durchschnittskurs bzw. Emissionskurs),0.304033,0.304,1699.78,10.63,1500.0,13.97,13.97,13.97,13.97,calc,cameron1,George Osborne,gb_tenders,64
2012-11-01,2012-11-02,0¾% Index-linked Treasury Gilt 2047,IL Gilt,AUK,0.0075,2047-11-22,900.0,,1212.28,115.17,115.168633,aus veröffentlichtem Cash-Erlös (geteilt durch Index-Verhältniszahl),0.294224,0.2942,1215.8,3.52,2770.27,2059.22,1043.35,3551.94,-24.02,proj,cameron1,George Osborne,gb_auctions,820
2012-11-06,2012-11-07,1¾% Treasury Gilt 2022,Gilt,PAOF,0.0175,2022-09-07,3574.94,324.94,3553.62,99.42,99.42,veröffentlicht (Durchschnittskurs bzw. Emissionskurs),1.814581,1.8146,3564.75,10.54,3574.94,635.81,635.81,635.81,635.81,calc,cameron1,George Osborne,gb_auctions,819
2012-11-15,2012-11-16,3¾% Treasury Gilt 2052,Gilt,PAOF,0.0375,2052-07-22,2198.9,198.9,2458.62,111.84,111.84,veröffentlicht (Durchschnittskurs bzw. Emissionskurs),3.21928,3.2193,2485.47,26.22,2198.9,3011.78,3011.78,3011.78,3011.78,calc,cameron1,George Osborne,gb_auctions,818
2012-11-20,2012-11-21,1% Treasury Gilt 2017,Gilt,AUK,0.01,2017-09-07,4500.0,,4544.39,101.0,101.0,veröffentlicht (Durchschnittskurs bzw. Emissionskurs),0.786934,0.7869,4554.32,9.32,4500.0,170.68,170.68,170.68,170.68,calc,cameron1,George Osborne,gb_auctions,817
2012-12-11,2012-12-12,1¾% Treasury Gilt 2022,Gilt,PAOF,0.0175,2022-09-07,3529.52,279.52,3512.35,99.53,99.53,veröffentlicht (Durchschnittskurs bzw. Emissionskurs),1.8027469999999999,1.8027,3529.31,16.38,3529.52,617.87,617.87,617.87,617.87,calc,cameron1,George Osborne,gb_auctions,816
2012-12-13,2012-12-14,0 1/8% Index-linked Treasury Gilt 2024,IL Gilt,PAOF,0.00125,2024-03-22,1130.18,30.18,1235.27,108.26,108.258158,aus veröffentlichtem Cash-Erlös (geteilt durch Index-Verhältniszahl),-0.582989,-0.583,1235.6,0.33,1763.49,547.32,547.32,547.32,547.32,calc,cameron1,George Osborne,gb_auctions,815
2013-01-03,2013-01-04,1% Treasury Gilt 2017,Gilt,AUK,0.01,2017-09-07,3750.0,,3750.97,100.19,100.19,veröffentlicht (Durchschnittskurs bzw. Emissionskurs),0.958252,0.9583,3769.45,12.33,3750.0,168.05,168.05,168.05,168.05,calc,cameron1,George Osborne,gb_auctions,814
2013-01-08,2013-01-09,4¾% Treasury Gilt 2030,Gilt,PAOF,0.0475,2030-12-07,1649.15,149.15,2102.59,127.54,127.54,veröffentlicht (Durchschnittskurs bzw. Emissionskurs),2.78618,2.7862,2110.43,7.1,1649.15,948.75,948.75,948.75,948.75,calc,cameron1,George Osborne,gb_auctions,813
2013-01-17,2013-01-18,0 1/8% Index-linked Treasury Gilt 2029,IL Gilt,AUK,0.00125,2029-03-22,1000.0,,1119.05,108.2,108.193948,aus veröffentlichtem Cash-Erlös (geteilt durch Index-Verhältniszahl),-0.366636,-0.3666,1119.47,0.42,1861.2,770.28,684.09,858.86,-62.32,proj,cameron1,George Osborne,gb_auctions,812
2013-01-22,2013-01-23,4% Treasury Gilt 2022,Gilt,PAOF,0.04,2022-03-07,1924.74,174.74,2259.19,117.53,117.53,veröffentlicht (Durchschnittskurs bzw. Emissionskurs),1.897224,1.8972,2291.49,29.35,1924.74,364.64,364.64,364.64,364.64,calc,cameron1,George Osborne,gb_auctions,811
2013-02-05,2013-02-06,0 1/8% Index-linked Treasury Gilt 2024,IL Gilt,PAOF,0.00125,2024-03-22,1103.54,3.54,1245.65,111.33,111.336748,aus veröffentlichtem Cash-Erlös (geteilt durch Index-Verhältniszahl),-0.844499,-0.8445,1246.18,0.53,1721.92,494.72,494.72,494.72,494.72,calc,cameron1,George Osborne,gb_auctions,810
2013-02-14,2013-02-15,1¼% Treasury Gilt 2018,Gilt,PAOF,0.0125,2018-07-22,4399.92,399.92,4393.05,99.86,99.86,veröffentlicht (Durchschnittskurs bzw. Emissionskurs),1.2767950000000001,1.2768,4393.76,0.0,4399.92,305.01,305.01,305.01,305.01,calc,cameron1,George Osborne,gb_auctions,809
2013-02-21,2013-02-22,1¾% Treasury Gilt 2022,Gilt,PAOF,0.0175,2022-09-07,2474.58,224.58,2386.23,96.59,96.59,veröffentlicht (Durchschnittskurs bzw. Emissionskurs),2.147329,2.1473,2410.29,20.1,2474.58,497.34,497.34,497.34,497.34,calc,cameron1,George Osborne,gb_auctions,808
2013-03-05,2013-03-06,1¼% Treasury Gilt 2018,Gilt,PAOF,0.0125,2018-07-22,4399.54,399.54,4442.75,101.09,101.09,veröffentlicht (Durchschnittskurs bzw. Emissionskurs),1.041196,1.0412,4450.38,2.89,4399.54,247.98,247.98,247.98,247.98,calc,cameron1,George Osborne,gb_auctions,807
2013-03-13,2013-03-14,3¾% Treasury Gilt 2052,Gilt,PAOF,0.0375,2052-07-22,1518.87,18.87,1621.07,106.8,106.8,veröffentlicht (Durchschnittskurs bzw. Emissionskurs),3.43354,3.4335,1630.18,8.02,1518.87,2138.52,2138.52,2138.52,2138.52,calc,cameron1,George Osborne,gb_auctions,806
2013-03-21,2013-03-22,0 1/8% Index-linked Treasury Gilt 2044,IL Gilt,PAOF,0.00125,2044-03-22,989.97,89.97,1054.39,104.93,104.930485,aus veröffentlichtem Cash-Erlös (geteilt durch Index-Verhältniszahl),-0.033201999999999995,-0.0332,1054.39,0.0,2428.47,1440.72,725.73,2425.56,-28.02,proj,cameron1,George Osborne,gb_auctions,805
2013-03-26,2013-03-27,5% Treasury Stock 2025,Gilt,TEN,0.05,2025-03-07,1000.0,,1304.37,130.47,130.47,veröffentlicht (Durchschnittskurs bzw. Emissionskurs),2.10219,2.1022,1307.42,2.72,1000.0,292.58,292.58,292.58,292.58,calc,cameron1,George Osborne,gb_tenders,63
2013-04-09,2013-04-10,1¾% Treasury Gilt 2022,Gilt,PAOF,0.0175,2022-09-07,3572.43,72.43,3577.22,100.14,100.14,veröffentlicht (Durchschnittskurs bzw. Emissionskurs),1.7337420000000001,1.7337,3583.21,5.78,3572.43,583.14,583.14,583.14,583.14,calc,cameron1,George Osborne,gb_auctions,804
2013-04-11,2013-04-12,0 1/8% Index-linked Treasury Gilt 2024,IL Gilt,PAOF,0.00125,2024-03-22,1623.74,23.74,1920.11,116.33,116.331742,aus veröffentlichtem Cash-Erlös (geteilt durch Index-Verhältniszahl),-1.2619150000000001,-1.2619,1920.23,0.12,2533.62,640.28,640.28,640.28,640.28,calc,cameron1,George Osborne,gb_auctions,803
2013-04-18,2013-04-19,3¼% Treasury Gilt 2044,Gilt,PAOF,0.0325,2044-01-22,2435.16,185.16,2496.44,102.53,102.53,veröffentlicht (Durchschnittskurs bzw. Emissionskurs),3.121289,3.1213,2515.79,19.02,2435.16,2372.8,2372.8,2372.8,2372.8,calc,cameron1,George Osborne,gb_auctions,802
2013-04-24,2013-04-25,0 1/8% Index-linked Treasury Gilt 2029,IL Gilt,PAOF,0.00125,2029-03-22,1384.61,84.61,1625.59,112.75,112.757689,aus veröffentlichtem Cash-Erlös (geteilt durch Index-Verhältniszahl),-0.635405,-0.6354,1625.76,0.17,2577.03,989.91,870.56,1112.56,-153.35,proj,cameron1,George Osborne,gb_auctions,801
2013-04-30,2013-05-01,0 3/8% Index-linked Treasury Gilt 2062,IL Gilt,TEN,0.00375,2062-03-22,500.0,,684.07,130.31,130.310217,aus veröffentlichtem Cash-Erlös (geteilt durch Index-Verhältniszahl),-0.21291000000000002,-0.2129,684.28,0.21,1801.13,1323.45,361.92,3189.98,-125.8,proj,cameron1,George Osborne,gb_tenders,62
2013-05-08,2013-05-09,0 1/8% Index-linked Treasury Gilt 2044,IL Gilt,PAOF,0.00125,2044-03-22,1171.82,71.81,1335.46,111.51,111.479104,aus veröffentlichtem Cash-Erlös (geteilt durch Index-Verhältniszahl),-0.234318,-0.2343,1335.66,0.2,2874.56,1617.78,771.45,2783.53,-112.23,proj,cameron1,George Osborne,gb_auctions,800
2013-05-14,2013-05-15,1¼% Treasury Gilt 2018,Gilt,PAOF,0.0125,2018-07-22,5224.82,474.82,5297.73,101.43,101.43,veröffentlicht (Durchschnittskurs bzw. Emissionskurs),0.9666800000000001,0.9667,5315.6,16.06,5224.82,264.1,264.1,264.1,264.1,calc,cameron1,George Osborne,gb_auctions,799
2013-05-16,2013-05-17,3¼% Treasury Gilt 2044,Gilt,PAOF,0.0325,2044-01-22,2749.96,249.96,2727.01,99.18,99.18,veröffentlicht (Durchschnittskurs bzw. Emissionskurs),3.2925020000000003,3.2925,2755.8,28.39,2749.96,2764.74,2764.74,2764.74,2764.74,calc,cameron1,George Osborne,gb_auctions,798
2013-05-29,2013-05-30,4¾% Treasury Stock 2015,Gilt,TEN,0.0475,2015-09-07,1750.0,,1922.46,109.88600000000001,109.886,veröffentlicht (Durchschnittskurs bzw. Emissionskurs),0.375361,0.3754,1941.98,18.97,1750.0,15.83,15.83,15.83,15.83,calc,cameron1,George Osborne,gb_tenders,61
2013-06-04,2013-06-05,0 1/8% Index-linked Treasury Gilt 2024,IL Gilt,PAOF,0.00125,2024-03-22,1681.68,81.68,1897.59,109.95,109.960385,aus veröffentlichtem Cash-Erlös (geteilt durch Index-Verhältniszahl),-0.7576909999999999,-0.7577,1898.03,0.44,2624.02,753.84,753.84,753.84,753.84,calc,cameron1,George Osborne,gb_auctions,797
2013-06-11,2013-06-12,2¼% Treasury Gilt 2023,Gilt,AUK,0.0225,2023-09-07,3750.0,,3710.92,98.96,98.96,veröffentlicht (Durchschnittskurs bzw. Emissionskurs),2.365171,2.3652,3711.0,0.0,3750.0,902.7,902.7,902.7,902.7,calc,cameron1,George Osborne,gb_auctions,796
2013-06-13,2013-06-14,4¼% Treasury Stock 2032,Gilt,AUK,0.0425,2032-06-07,2250.0,,2652.18,117.93,117.93,veröffentlicht (Durchschnittskurs bzw. Emissionskurs),3.0037040000000004,3.0037,2655.25,1.83,2250.0,1411.62,1411.62,1411.62,1411.62,calc,cameron1,George Osborne,gb_auctions,795
2013-06-20,2013-06-21,1¼% Treasury Gilt 2018,Gilt,AUK,0.0125,2018-07-22,4750.0,,4709.48,99.16,99.16,veröffentlicht (Durchschnittskurs bzw. Emissionskurs),1.4217570000000002,1.4218,4730.77,20.67,4750.0,341.86,341.86,341.86,341.86,calc,cameron1,George Osborne,gb_auctions,794
2013-07-02,2013-07-03,2¼% Treasury Gilt 2023,Gilt,PAOF,0.0225,2023-09-07,3849.78,349.78,3733.57,97.03,97.03,veröffentlicht (Durchschnittskurs bzw. Emissionskurs),2.583806,2.5838,3740.38,4.94,3849.78,996.07,996.07,996.07,996.07,calc,cameron1,George Osborne,gb_auctions,793
2013-07-09,2013-07-10,0 1/8% Index-linked Treasury Gilt 2029,IL Gilt,PAOF,0.00125,2029-03-22,1487.16,87.17,1604.66,102.64,102.631502,aus veröffentlichtem Cash-Erlös (geteilt durch Index-Verhältniszahl),-0.042561999999999996,-0.0426,1605.24,0.58,2767.91,1204.17,1075.98,1335.9,-8.71,proj,cameron1,George Osborne,gb_auctions,792
2013-07-11,2013-07-12,3¼% Treasury Gilt 2044,Gilt,PAOF,0.0325,2044-01-22,2575.02,75.02,2430.3,94.39,94.39,veröffentlicht (Durchschnittskurs bzw. Emissionskurs),3.55261,3.5526,2428.24,-2.31,2575.02,2699.25,2699.25,2699.25,2699.25,calc,cameron1,George Osborne,gb_auctions,791
2013-08-06,2013-08-07,1¼% Treasury Gilt 2018,Gilt,PAOF,0.0125,2018-07-22,4931.47,431.46,4894.74,99.26,99.26,veröffentlicht (Durchschnittskurs bzw. Emissionskurs),1.405044,1.405,4897.65,2.68,4931.47,342.03,342.03,342.03,342.03,calc,cameron1,George Osborne,gb_auctions,790
2013-08-08,2013-08-09,0¾% Index-linked Treasury Gilt 2034,IL Gilt,PAOF,0.0075,2034-03-22,1408.09,108.09,1722.7,113.7,113.707229,aus veröffentlichtem Cash-Erlös (geteilt durch Index-Verhältniszahl),0.079957,0.08,1727.02,4.32,2957.91,1578.03,1163.72,2047.06,-20.24,proj,cameron1,George Osborne,gb_auctions,789
2013-08-15,2013-08-16,4½% Treasury Gilt 2034,Gilt,AUK,0.045,2034-09-07,2250.0,,2575.58,114.48,114.48,veröffentlicht (Durchschnittskurs bzw. Emissionskurs),3.520437,3.5204,2620.37,44.57,2250.0,1806.5,1806.5,1806.5,1806.5,calc,cameron1,George Osborne,gb_auctions,788
2013-08-20,2013-08-21,0 1/8% Index-linked Treasury Gilt 2019,IL Gilt,PAOF,0.00125,2019-11-22,1794.59,44.59,1910.82,106.52,106.476985,aus veröffentlichtem Cash-Erlös (geteilt durch Index-Verhältniszahl),-0.886797,-0.8868,1910.82,0.0,2092.02,196.3,196.3,196.3,196.3,calc,cameron1,George Osborne,gb_auctions,787
2013-09-03,2013-09-04,0 1/8% Index-linked Treasury Gilt 2024,IL Gilt,PAOF,0.00125,2024-03-22,1627.14,127.14,1726.14,103.02,103.007462,aus veröffentlichtem Cash-Erlös (geteilt durch Index-Verhältniszahl),-0.158781,-0.1588,1727.08,0.94,2538.92,838.79,838.79,838.79,838.79,calc,cameron1,George Osborne,gb_auctions,786
2013-09-10,2013-09-11,3¼% Treasury Gilt 2044,Gilt,PAOF,0.0325,2044-01-22,3017.84,267.84,2748.81,91.09,91.09,veröffentlicht (Durchschnittskurs bzw. Emissionskurs),3.7434640000000003,3.7435,2762.54,13.59,3017.84,3246.73,3246.73,3246.73,3246.73,calc,cameron1,George Osborne,gb_auctions,785
2013-09-12,2013-09-13,2¼% Treasury Gilt 2023,Gilt,PAOF,0.0225,2023-09-07,4124.6,374.6,3865.08,93.77,93.77,veröffentlicht (Durchschnittskurs bzw. Emissionskurs),2.975883,2.9759,3869.18,1.54,4124.6,1183.46,1183.46,1183.46,1183.46,calc,cameron1,George Osborne,gb_auctions,784
2013-09-19,2013-09-20,1¼% Treasury Gilt 2018,Gilt,PAOF,0.0125,2018-07-22,5083.73,333.73,4986.25,98.14,98.14,veröffentlicht (Durchschnittskurs bzw. Emissionskurs),1.6515659999999999,1.6516,4999.53,10.36,5083.73,401.93,401.93,401.93,401.93,calc,cameron1,George Osborne,gb_auctions,783
2013-10-03,2013-10-04,2¼% Treasury Gilt 2023,Gilt,PAOF,0.0225,2023-09-07,4399.53,399.53,4209.08,95.75,95.75,veröffentlicht (Durchschnittskurs bzw. Emissionskurs),2.7418970000000003,2.7419,4219.94,7.38,4399.53,1169.49,1169.49,1169.49,1169.49,calc,cameron1,George Osborne,gb_auctions,782
2013-10-08,2013-10-09,0 1/8% Index-linked Treasury Gilt 2019,IL Gilt,PAOF,0.00125,2019-11-22,1786.25,36.25,1922.29,107.53,107.51704,aus veröffentlichtem Cash-Erlös (geteilt durch Index-Verhältniszahl),-1.062636,-1.0626,1922.59,0.3,2082.3,174.75,174.75,174.75,174.75,calc,cameron1,George Osborne,gb_auctions,781
2013-10-17,2013-10-18,1¼% Treasury Gilt 2018,Gilt,PAOF,0.0125,2018-07-22,5224.87,474.87,5144.03,98.48,98.48,veröffentlicht (Durchschnittskurs bzw. Emissionskurs),1.582574,1.5826,5161.07,15.62,5224.87,390.35,390.35,390.35,390.35,calc,cameron1,George Osborne,gb_auctions,780
2013-11-05,2013-11-06,0¼% Index-linked Treasury Gilt 2052,IL Gilt,PAOF,0.0025,2052-03-22,1252.0,2.0,1406.71,108.3,108.300107,aus veröffentlichtem Cash-Erlös (geteilt durch Index-Verhältniszahl),0.032354,0.0324,1407.11,0.4,3604.35,2431.45,964.8,4787.29,-55.3,proj,cameron1,George Osborne,gb_auctions,779
2013-11-14,2013-11-15,4¼% Treasury Stock 2036,Gilt,PAOF,0.0425,2036-03-07,2474.96,224.96,2762.53,111.63,111.63,veröffentlicht (Durchschnittskurs bzw. Emissionskurs),3.4947320000000004,3.4947,2782.85,20.05,2474.96,2058.79,2058.79,2058.79,2058.79,calc,cameron1,George Osborne,gb_auctions,778
2013-11-19,2013-11-20,2¼% Treasury Gilt 2023,Gilt,PAOF,0.0225,2023-09-07,4124.49,374.49,3951.43,95.88,95.88,veröffentlicht (Durchschnittskurs bzw. Emissionskurs),2.732018,2.732,3973.53,18.97,4124.49,1078.97,1078.97,1078.97,1078.97,calc,cameron1,George Osborne,gb_auctions,777
2013-11-21,2013-11-22,1¾% Treasury Gilt 2019,Gilt,AUK,0.0175,2019-07-22,4750.0,,4709.77,99.17,99.17,veröffentlicht (Durchschnittskurs bzw. Emissionskurs),1.905411,1.9054,4710.58,0.0,4750.0,510.39,510.39,510.39,510.39,calc,cameron1,George Osborne,gb_auctions,776
2013-11-28,2013-11-29,3¼% Treasury Gilt 2044,Gilt,PAOF,0.0325,2044-01-22,2749.87,249.87,2568.23,93.43,93.43,veröffentlicht (Durchschnittskurs bzw. Emissionskurs),3.609199,3.6092,2600.77,31.57,2749.87,2874.9,2874.9,2874.9,2874.9,calc,cameron1,George Osborne,gb_auctions,775
2013-12-03,2013-12-04,5% Treasury Stock 2025,Gilt,TEN,0.05,2025-03-07,1250.0,,1489.56,119.23,119.23,veröffentlicht (Durchschnittskurs bzw. Emissionskurs),2.976522,2.9765,1505.57,15.19,1250.0,463.18,463.18,463.18,463.18,calc,cameron1,George Osborne,gb_tenders,60
2013-12-10,2013-12-11,0¾% Index-linked Treasury Gilt 2047,IL Gilt,AUK,0.0075,2047-11-22,1000.0,,1502.8,123.99,123.972942,aus veröffentlichtem Cash-Erlös (geteilt durch Index-Verhältniszahl),0.038611,0.0386,1503.28,0.48,3078.08,2122.21,993.46,3780.79,-149.87,proj,cameron1,George Osborne,gb_auctions,774
2013-12-12,2013-12-13,1¾% Treasury Gilt 2019,Gilt,PAOF,0.0175,2019-07-22,4552.35,52.35,4489.1,98.71,98.71,veröffentlicht (Durchschnittskurs bzw. Emissionskurs),1.994346,1.9943,4498.17,4.55,4552.35,505.55,505.55,505.55,505.55,calc,cameron1,George Osborne,gb_auctions,773
2014-01-07,2014-01-08,0 1/8% Index-linked Treasury Gilt 2029,IL Gilt,PAOF,0.00125,2029-03-22,1475.48,125.48,1555.09,99.33,99.333226,aus veröffentlichtem Cash-Erlös (geteilt durch Index-Verhältniszahl),0.169663,0.1697,1555.67,0.58,2746.16,1230.69,1103.51,1361.39,41.64,proj,cameron1,George Osborne,gb_auctions,772
2014-01-16,2014-01-17,3¼% Treasury Gilt 2044,Gilt,PAOF,0.0325,2044-01-22,2199.07,199.07,2062.31,93.79,93.79,veröffentlicht (Durchschnittskurs bzw. Emissionskurs),3.58971,3.5897,2061.54,-0.97,2199.07,2281.63,2281.63,2281.63,2281.63,calc,cameron1,George Osborne,gb_auctions,771
2014-01-23,2014-01-24,2¼% Treasury Gilt 2023,Gilt,PAOF,0.0225,2023-09-07,3574.74,324.74,3388.05,94.82,94.82,veröffentlicht (Durchschnittskurs bzw. Emissionskurs),2.870095,2.8701,3420.45,30.88,3574.74,958.6,958.6,958.6,958.6,calc,cameron1,George Osborne,gb_auctions,770
2014-02-04,2014-02-05,1¾% Treasury Gilt 2019,Gilt,PAOF,0.0175,2019-07-22,4177.45,177.45,4142.01,99.17,99.17,veröffentlicht (Durchschnittskurs bzw. Emissionskurs),1.910712,1.9107,4145.6,2.83,4177.45,433.93,433.93,433.93,433.93,calc,cameron1,George Osborne,gb_auctions,769
2014-02-11,2014-02-12,0 1/8% Index-linked Treasury Gilt 2024,IL Gilt,AUK,0.00125,2024-03-22,1300.0,,1386.2,102.35,102.345561,aus veröffentlichtem Cash-Erlös (geteilt durch Index-Verhältniszahl),-0.106251,-0.1063,1386.87,0.67,2028.47,662.29,662.29,662.29,662.29,calc,cameron1,George Osborne,gb_auctions,768
2014-02-13,2014-02-14,3¾% Treasury Gilt 2052,Gilt,PAOF,0.0375,2052-07-22,1912.91,162.91,2001.08,104.67,104.67,veröffentlicht (Durchschnittskurs bzw. Emissionskurs),3.527075,3.5271,2006.81,4.56,1912.91,2667.88,2667.88,2667.88,2667.88,calc,cameron1,George Osborne,gb_auctions,767
2014-02-20,2014-02-21,2¼% Treasury Gilt 2023,Gilt,AUK,0.0225,2023-09-07,3000.0,,2878.06,95.99,95.99,veröffentlicht (Durchschnittskurs bzw. Emissionskurs),2.7302910000000002,2.7303,2910.84,31.14,3000.0,764.16,764.16,764.16,764.16,calc,cameron1,George Osborne,gb_auctions,766
2014-02-25,2014-02-26,1¾% Treasury Gilt 2017,Gilt,TEN,0.0175,2017-01-22,1500.0,,1530.24,102.05,102.05,veröffentlicht (Durchschnittskurs bzw. Emissionskurs),1.031345,1.0313,1533.29,2.54,1500.0,45.46,45.46,45.46,45.46,calc,cameron1,George Osborne,gb_tenders,59
2014-03-04,2014-03-05,1¾% Treasury Gilt 2019,Gilt,PAOF,0.0175,2019-07-22,4303.2,53.2,4266.21,99.27,99.27,veröffentlicht (Durchschnittskurs bzw. Emissionskurs),1.8931110000000002,1.8931,4280.53,8.74,4303.2,436.86,436.86,436.86,436.86,calc,cameron1,George Osborne,gb_auctions,765
2014-03-11,2014-03-12,2¾% Treasury Gilt 2024,Gilt,PAOF,0.0275,2024-09-07,3282.77,282.77,3228.18,98.4,98.4,veröffentlicht (Durchschnittskurs bzw. Emissionskurs),2.9283370000000004,2.9283,3230.24,0.0,3282.77,999.2,999.2,999.2,999.2,calc,cameron1,George Osborne,gb_auctions,764
2014-03-13,2014-03-14,0 1/8% Index-linked Treasury Gilt 2019,IL Gilt,PAOF,0.00125,2019-11-22,1592.71,92.71,1712.22,106.17,106.119628,aus veröffentlichtem Cash-Erlös (geteilt durch Index-Verhältniszahl),-0.928332,-0.9283,1712.84,0.62,1856.69,156.74,156.74,156.74,156.74,calc,cameron1,George Osborne,gb_auctions,763
2014-03-27,2014-03-28,0¼% Index-linked Treasury Gilt 2052,IL Gilt,AUK,0.0025,2052-03-22,900.0,,1041.16,110.83,110.821593,aus veröffentlichtem Cash-Erlös (geteilt durch Index-Verhältniszahl),-0.033298999999999995,-0.0333,1041.2,0.04,2590.98,1716.98,662.68,3410.47,-64.84,proj,cameron1,George Osborne,gb_auctions,762
2014-04-02,2014-04-03,3¼% Treasury Gilt 2044,Gilt,PAOF,0.0325,2044-01-22,2715.76,215.76,2576.63,94.89200000000001,94.892,veröffentlicht (Durchschnittskurs bzw. Emissionskurs),3.5281990000000003,3.5282,2594.35,17.31,2715.76,2769.28,2769.28,2769.28,2769.28,calc,cameron1,George Osborne,gb_auctions,761
2014-04-08,2014-04-09,0¾% Index-linked Treasury Gilt 2034,IL Gilt,AUK,0.0075,2034-03-22,1300.0,,1626.04,114.811,114.823927,aus veröffentlichtem Cash-Erlös (geteilt durch Index-Verhältniszahl),0.007096,0.0071,1626.56,0.52,2730.86,1414.24,1031.73,1847.27,-43.96,proj,cameron1,George Osborne,gb_auctions,760
2014-04-24,2014-04-25,1¾% Treasury Gilt 2019,Gilt,AUK,0.0175,2019-07-22,4000.0,,3959.48,99.0,99.0,veröffentlicht (Durchschnittskurs bzw. Emissionskurs),1.951364,1.9514,3977.98,17.98,4000.0,407.02,407.02,407.02,407.02,calc,cameron1,George Osborne,gb_auctions,759
2014-04-29,2014-04-30,2¾% Treasury Gilt 2024,Gilt,AUK,0.0275,2024-09-07,3500.0,,3478.64,99.397,99.397,veröffentlicht (Durchschnittskurs bzw. Emissionskurs),2.8173739999999996,2.8174,3491.71,12.82,3500.0,1017.61,1017.61,1017.61,1017.61,calc,cameron1,George Osborne,gb_auctions,758
2014-05-07,2014-05-08,0 1/8% Index-linked Treasury Gilt 2044,IL Gilt,PAOF,0.00125,2044-03-22,1272.96,72.96,1398.09,104.7,104.70855,aus veröffentlichtem Cash-Erlös (geteilt durch Index-Verhältniszahl),-0.031583,-0.0316,1398.3,0.21,3122.67,1808.41,889.03,3074.78,-37.06,proj,cameron1,George Osborne,gb_auctions,757
2014-05-15,2014-05-16,4½% Treasury Gilt 2034,Gilt,PAOF,0.045,2034-09-07,2181.56,181.56,2586.86,118.59100000000001,118.591,veröffentlicht (Durchschnittskurs bzw. Emissionskurs),3.2429020000000004,3.2429,2605.81,18.67,2181.56,1588.24,1588.24,1588.24,1588.24,calc,cameron1,George Osborne,gb_auctions,756
2014-05-28,2014-05-29,0¼% Index-linked Treasury Gilt 2052,IL Gilt,PAOF,0.0025,2052-03-22,1209.97,109.97,1426.75,112.068,112.055637,aus veröffentlichtem Cash-Erlös (geteilt durch Index-Verhältniszahl),-0.065163,-0.0652,1427.34,0.59,3483.35,2280.79,863.37,4557.53,-104.53,proj,cameron1,George Osborne,gb_auctions,755
2014-06-03,2014-06-04,1¾% Treasury Gilt 2019,Gilt,PAOF,0.0175,2019-07-22,4028.42,28.42,3991.36,99.095,99.095,veröffentlicht (Durchschnittskurs bzw. Emissionskurs),1.9359110000000002,1.9359,4017.86,25.9,4028.42,398.29,398.29,398.29,398.29,calc,cameron1,George Osborne,gb_auctions,754
2014-06-10,2014-06-11,2¾% Treasury Gilt 2024,Gilt,AUK,0.0275,2024-09-07,3250.0,,3229.18,99.383,99.383,veröffentlicht (Durchschnittskurs bzw. Emissionskurs),2.8195530000000004,2.8196,3252.05,22.1,3250.0,935.17,935.17,935.17,935.17,calc,cameron1,George Osborne,gb_auctions,753
2014-06-12,2014-06-13,0 1/8% Index-linked Treasury Gilt 2019,IL Gilt,PAOF,0.00125,2019-11-22,1469.76,69.76,1586.55,105.83,105.681298,aus veröffentlichtem Cash-Erlös (geteilt durch Index-Verhältniszahl),-0.917659,-0.9177,1586.66,0.11,1713.36,137.66,137.66,137.66,137.66,calc,cameron1,George Osborne,gb_auctions,752
2014-07-01,2014-07-02,1¾% Treasury Gilt 2019,Gilt,AUK,0.0175,2019-07-22,4000.0,,3941.13,98.542,98.542,veröffentlicht (Durchschnittskurs bzw. Emissionskurs),2.055039,2.055,3972.81,31.13,4000.0,412.19,412.19,412.19,412.19,calc,cameron1,George Osborne,gb_auctions,751
2014-07-08,2014-07-09,4% Treasury Gilt 2060,Gilt,PAOF,0.04,2060-01-22,1924.98,174.99,2207.46,114.681,114.681,veröffentlicht (Durchschnittskurs bzw. Emissionskurs),3.36731,3.3673,2243.33,35.73,1924.98,3223.63,3223.63,3223.63,3223.63,calc,cameron1,George Osborne,gb_auctions,750
2014-07-17,2014-07-18,0 1/8% Index-linked Treasury Gilt 2024,IL Gilt,PAOF,0.00125,2024-03-22,1628.48,128.49,1784.59,103.89,103.866003,aus veröffentlichtem Cash-Erlös (geteilt durch Index-Verhältniszahl),-0.271358,-0.2714,1785.28,0.69,2541.02,780.6,780.6,780.6,780.6,calc,cameron1,George Osborne,gb_auctions,749
2014-07-22,2014-07-23,2¾% Treasury Gilt 2024,Gilt,PAOF,0.0275,2024-09-07,3567.25,317.25,3581.85,100.436,100.436,veröffentlicht (Durchschnittskurs bzw. Emissionskurs),2.700313,2.7003,3618.26,35.45,3567.25,977.7,977.7,977.7,977.7,calc,cameron1,George Osborne,gb_auctions,748
2014-08-06,2014-08-07,0 1/8% Index-linked Treasury Gilt 2019,IL Gilt,PAOF,0.00125,2019-11-22,1539.59,39.59,1662.06,105.38,105.352371,aus veröffentlichtem Cash-Erlös (geteilt durch Index-Verhältniszahl),-0.866525,-0.8665,1662.47,0.41,1794.76,143.78,143.78,143.78,143.78,calc,cameron1,George Osborne,gb_auctions,747
2014-08-12,2014-08-13,4¾% Treasury Gilt 2030,Gilt,PAOF,0.0475,2030-12-07,2429.98,179.98,2996.73,123.338,123.338,veröffentlicht (Durchschnittskurs bzw. Emissionskurs),2.9388690000000004,2.9389,3018.22,21.13,2429.98,1316.26,1316.26,1316.26,1316.26,calc,cameron1,George Osborne,gb_auctions,746
2014-08-21,2014-08-22,2¾% Treasury Gilt 2024,Gilt,PAOF,0.0275,2024-09-07,3568.1,318.1,3625.46,101.62899999999999,101.629,veröffentlicht (Durchschnittskurs bzw. Emissionskurs),2.5649110000000004,2.5649,3669.69,43.46,3568.1,927.37,927.37,927.37,927.37,calc,cameron1,George Osborne,gb_auctions,745
2014-08-27,2014-08-28,0 5/8% Index-linked Treasury Gilt 2040,IL Gilt,PAOF,0.00625,2040-03-22,968.16,68.17,1418.87,123.85,123.903026,aus veröffentlichtem Cash-Erlös (geteilt durch Index-Verhältniszahl),-0.274783,-0.2748,1421.96,3.09,2455.72,1327.26,731.48,2084.5,-166.04,proj,cameron1,George Osborne,gb_auctions,744
2014-09-02,2014-09-03,2% Treasury Gilt 2020,Gilt,PAOF,0.02,2020-07-22,4177.52,177.52,4191.25,100.337,100.337,veröffentlicht (Durchschnittskurs bzw. Emissionskurs),1.9392660000000002,1.9393,4191.6,0.0,4177.52,477.46,477.46,477.46,477.46,calc,cameron1,George Osborne,gb_auctions,743
2014-09-09,2014-09-10,0¼% Index-linked Treasury Gilt 2052,IL Gilt,PAOF,0.0025,2052-03-22,854.05,4.05,1060.69,117.35,117.346937,aus veröffentlichtem Cash-Erlös (geteilt durch Index-Verhältniszahl),-0.195303,-0.1953,1061.75,1.06,2458.7,1555.61,555.14,3162.64,-122.87,proj,cameron1,George Osborne,gb_auctions,742
2014-09-11,2014-09-12,3½% Treasury Gilt 2045,Gilt,PAOF,0.035,2045-01-22,2199.87,199.87,2339.68,106.406,106.406,veröffentlicht (Durchschnittskurs bzw. Emissionskurs),3.169592,3.1697,2351.67,10.88,2199.87,2196.56,2196.56,2196.56,2196.56,calc,cameron1,George Osborne,gb_auctions,741
2014-09-30,2014-10-01,4¼% Treasury Gilt 2027,Gilt,TEN,0.0425,2027-12-07,1000.0,,1176.71,117.671,117.671,veröffentlicht (Durchschnittskurs bzw. Emissionskurs),2.6525009999999996,2.6525,1190.18,13.47,1000.0,383.57,383.57,383.57,383.57,calc,cameron1,George Osborne,gb_tenders,58
2014-10-01,2014-10-02,2% Treasury Gilt 2020,Gilt,PAOF,0.02,2020-07-22,4399.89,399.89,4414.98,100.367,100.367,veröffentlicht (Durchschnittskurs bzw. Emissionskurs),1.9328940000000001,1.9329,4422.97,6.93,4399.89,494.62,494.62,494.62,494.62,calc,cameron1,George Osborne,gb_auctions,740
2014-10-07,2014-10-08,3½% Treasury Gilt 2045,Gilt,PAOF,0.035,2045-01-22,2473.54,223.54,2696.61,109.105,109.105,veröffentlicht (Durchschnittskurs bzw. Emissionskurs),3.037776,3.0379,2717.1,18.35,2473.54,2396.94,2396.94,2396.94,2396.94,calc,cameron1,George Osborne,gb_auctions,739
2014-10-16,2014-10-17,0 1/8% Index-linked Treasury Gilt 2024,IL Gilt,AUK,0.00125,2024-03-22,1400.0,,1601.67,108.13,108.135314,aus veröffentlichtem Cash-Erlös (geteilt durch Index-Verhältniszahl),-0.707106,-0.7071,1601.8,0.13,2184.5,603.15,603.15,603.15,603.15,calc,cameron1,George Osborne,gb_auctions,738
2014-10-21,2014-10-22,2¾% Treasury Gilt 2024,Gilt,AUK,0.0275,2024-09-07,3000.0,,3158.91,105.31700000000001,105.317,veröffentlicht (Durchschnittskurs bzw. Emissionskurs),2.149413,2.1494,3169.77,10.26,3000.0,655.23,655.23,655.23,655.23,calc,cameron1,George Osborne,gb_auctions,737
2014-11-04,2014-11-05,0½% Index-linked Treasury Gilt 2050,IL Gilt,PAOF,0.005,2050-03-22,869.92,69.92,1400.1,133.621,133.613028,aus veröffentlichtem Cash-Erlös (geteilt durch Index-Verhältniszahl),-0.385996,-0.386,1400.74,0.64,2730.3,1665.59,597.5,3310.74,-274.64,proj,cameron1,George Osborne,gb_auctions,736
2014-11-13,2014-11-14,2¾% Treasury Gilt 2024,Gilt,PAOF,0.0275,2024-09-07,3299.96,299.96,3457.61,104.785,104.785,veröffentlicht (Durchschnittskurs bzw. Emissionskurs),2.204815,2.2048,3474.91,17.05,3299.96,732.54,732.54,732.54,732.54,calc,cameron1,George Osborne,gb_auctions,735
2014-11-20,2014-11-21,0 5/8% Index-linked Treasury Gilt 2042,IL Gilt,PAOF,0.00625,2042-11-22,988.0,88.0,1600.78,133.77100000000002,133.769608,aus veröffentlichtem Cash-Erlös (geteilt durch Index-Verhältniszahl),-0.497445,-0.4974,1600.76,-0.02,2693.41,1437.01,667.24,2466.66,-297.85,proj,cameron1,George Osborne,gb_auctions,734
2014-12-02,2014-12-03,2% Treasury Gilt 2020,Gilt,AUK,0.02,2020-07-22,3750.0,,3858.7,102.902,102.902,veröffentlicht (Durchschnittskurs bzw. Emissionskurs),1.461658,1.4617,3877.37,18.55,3750.0,313.87,313.87,313.87,313.87,calc,cameron1,George Osborne,gb_auctions,733
2014-12-09,2014-12-10,3½% Treasury Gilt 2045,Gilt,PAOF,0.035,2045-01-22,1924.98,174.99,2242.61,116.507,116.507,veröffentlicht (Durchschnittskurs bzw. Emissionskurs),2.695971,2.696,2268.56,25.81,1924.98,1711.35,1711.35,1711.35,1711.35,calc,cameron1,George Osborne,gb_auctions,732
2014-12-11,2014-12-12,0¾% Index-linked Treasury Gilt 2034,IL Gilt,PAOF,0.0075,2034-03-22,812.37,12.37,1183.25,131.322,131.319263,aus veröffentlichtem Cash-Erlös (geteilt durch Index-Verhältniszahl),-0.756263,-0.7563,1184.76,1.51,1706.51,712.08,473.05,982.68,-183.04,proj,cameron1,George Osborne,gb_auctions,731
2015-01-06,2015-01-07,2¾% Treasury Gilt 2024,Gilt,PAOF,0.0275,2024-09-07,3024.94,274.94,3328.26,110.04899999999999,110.049,veröffentlicht (Durchschnittskurs bzw. Emissionskurs),1.622082,1.6221,3356.95,28.04,3024.94,499.85,499.85,499.85,499.85,calc,cameron1,George Osborne,gb_auctions,730
2015-01-07,2015-01-08,0 1/8% Index-linked Treasury Gilt 2044,IL Gilt,PAOF,0.00125,2044-03-22,1040.78,90.78,1417.46,128.21,128.214576,aus veröffentlichtem Cash-Erlös (geteilt durch Index-Verhältniszahl),-0.7387980000000001,-0.7388,1417.87,0.41,2553.12,1203.27,451.58,2238.66,-291.74,proj,cameron1,George Osborne,gb_auctions,729
2015-01-15,2015-01-16,4½% Treasury Gilt 2034,Gilt,PAOF,0.045,2034-09-07,1889.84,139.84,2628.37,139.102,139.102,veröffentlicht (Durchschnittskurs bzw. Emissionskurs),2.067173,2.0672,2659.58,30.78,1889.84,931.12,931.12,931.12,931.12,calc,cameron1,George Osborne,gb_auctions,728
2015-01-20,2015-01-21,2% Treasury Gilt 2020,Gilt,AUK,0.02,2020-07-22,3750.0,,3915.41,104.427,104.427,veröffentlicht (Durchschnittskurs bzw. Emissionskurs),1.167038,1.167,3915.81,-0.2,3750.0,246.69,246.69,246.69,246.69,calc,cameron1,George Osborne,gb_auctions,727
2015-02-04,2015-02-05,0 1/8% Index-linked Treasury Gilt 2024,IL Gilt,AUK,0.00125,2024-03-22,1200.0,,1412.63,110.99,110.989852,aus veröffentlichtem Cash-Erlös (geteilt durch Index-Verhältniszahl),-1.021155,-1.0212,1413.23,0.6,1872.43,476.73,476.73,476.73,476.73,calc,cameron1,George Osborne,gb_auctions,726
2015-02-11,2015-02-12,3½% Treasury Gilt 2045,Gilt,AUK,0.035,2045-01-22,1750.0,,2177.24,124.43299999999999,124.433,veröffentlicht (Durchschnittskurs bzw. Emissionskurs),2.357695,2.3577,2181.13,3.55,1750.0,1406.37,1406.37,1406.37,1406.37,calc,cameron1,George Osborne,gb_auctions,725
2015-03-03,2015-03-04,2% Treasury Gilt 2020,Gilt,AUK,0.02,2020-07-22,3500.0,,3606.61,103.05799999999999,103.058,veröffentlicht (Durchschnittskurs bzw. Emissionskurs),1.408389,1.4084,3614.96,7.93,3500.0,270.04,270.04,270.04,270.04,calc,cameron1,George Osborne,gb_auctions,724
2015-03-10,2015-03-11,3½% Treasury Gilt 2068,Gilt,PAOF,0.035,2068-07-22,1649.98,149.99,2064.26,125.118,125.118,veröffentlicht (Durchschnittskurs bzw. Emissionskurs),2.6227929999999997,2.6228,2072.09,7.66,1649.98,2667.5,2667.5,2667.5,2667.5,calc,cameron1,George Osborne,gb_auctions,723
2015-03-12,2015-03-13,1 1/8% Index-linked Treasury Gilt 2037,IL Gilt,PAOF,0.01125,2037-11-22,933.21,83.21,1689.37,142.66,142.631461,aus veröffentlichtem Cash-Erlös (geteilt durch Index-Verhältniszahl),-0.622301,-0.6223,1693.46,4.09,2421.3,1199.17,693.0,1813.37,-319.22,proj,cameron1,George Osborne,gb_auctions,722
2015-03-19,2015-03-20,2% Treasury Gilt 2025,Gilt,PAOF,0.02,2025-09-07,3024.87,274.87,3115.55,103.03399999999999,103.034,veröffentlicht (Durchschnittskurs bzw. Emissionskurs),1.682612,1.6826,3116.65,0.0,3024.87,541.31,541.31,541.31,541.31,calc,cameron1,George Osborne,gb_auctions,721
2015-04-08,2015-04-09,2% Treasury Gilt 2020,Gilt,PAOF,0.02,2020-07-22,4010.0,10.0,4176.73,104.163,104.163,veröffentlicht (Durchschnittskurs bzw. Emissionskurs),1.185241,1.1852,4194.0,17.06,4010.0,257.1,257.1,257.1,257.1,calc,cameron1,George Osborne,gb_auctions,720
2015-04-16,2015-04-17,0 5/8% Index-linked Treasury Gilt 2040,IL Gilt,PAOF,0.00625,2040-03-22,1283.94,33.94,2201.65,145.002,145.063009,aus veröffentlichtem Cash-Erlös (geteilt durch Index-Verhältniszahl),-0.9669840000000001,-0.967,2202.32,0.67,3256.68,1434.1,643.99,2438.32,-547.18,proj,cameron1,George Osborne,gb_auctions,719
2015-04-21,2015-04-22,3½% Treasury Gilt 2045,Gilt,PAOF,0.035,2045-01-22,1924.98,174.98,2399.84,124.68,124.68,veröffentlicht (Durchschnittskurs bzw. Emissionskurs),2.343202,2.3432,2416.82,16.75,1924.98,1529.39,1529.39,1529.39,1529.39,calc,cameron1,George Osborne,gb_auctions,718
2015-04-29,2015-04-30,2% Treasury Gilt 2025,Gilt,AUK,0.02,2025-09-07,3000.0,,3031.58,101.083,101.083,veröffentlicht (Durchschnittskurs bzw. Emissionskurs),1.884316,1.8843,3039.17,6.68,3000.0,588.71,588.71,588.71,588.71,calc,cameron1,George Osborne,gb_auctions,717
2015-05-14,2015-05-15,2% Treasury Gilt 2020,Gilt,PAOF,0.02,2020-07-22,4098.81,348.81,4199.83,102.485,102.485,veröffentlicht (Durchschnittskurs bzw. Emissionskurs),1.500145,1.5001,4226.26,25.59,4098.81,323.42,323.42,323.42,323.42,calc,cameron2,George Osborne,gb_auctions,716
2015-05-21,2015-05-22,4¾% Treasury Gilt 2030,Gilt,AUK,0.0475,2030-12-07,1750.0,,2295.71,131.232,131.232,veröffentlicht (Durchschnittskurs bzw. Emissionskurs),2.341291,2.3413,2334.47,37.91,1750.0,745.53,745.53,745.53,745.53,calc,cameron2,George Osborne,gb_auctions,715
2015-05-27,2015-05-28,0 1/8% Index-linked Treasury Gilt 2058,IL Gilt,PAOF,0.00125,2058-03-22,745.38,45.38,1096.69,146.5,146.499659,aus veröffentlichtem Cash-Erlös (geteilt durch Index-Verhältniszahl),-0.786301,-0.7863,1096.86,0.17,2285.62,1269.56,192.56,3217.16,-334.76,proj,cameron2,George Osborne,gb_auctions,714
2015-06-02,2015-06-03,2% Treasury Gilt 2025,Gilt,AUK,0.02,2025-09-07,3250.0,,3242.77,99.781,99.781,veröffentlicht (Durchschnittskurs bzw. Emissionskurs),2.023647,2.0236,3256.13,13.25,3250.0,674.07,674.07,674.07,674.07,calc,cameron2,George Osborne,gb_auctions,713
2015-06-04,2015-06-05,4¼% Treasury Gilt 2055,Gilt,TEN,0.0425,2055-12-07,750.0,,1019.94,136.01,136.01,veröffentlicht (Durchschnittskurs bzw. Emissionskurs),2.7662670000000005,2.7663,1019.9,-0.18,750.0,1021.04,1021.04,1021.04,1021.04,calc,cameron2,George Osborne,gb_tenders,57
2015-06-09,2015-06-10,0 1/8% Index-linked Treasury Gilt 2024,IL Gilt,AUK,0.00125,2024-03-22,900.0,,1035.92,108.46,108.433558,aus veröffentlichtem Cash-Erlös (geteilt durch Index-Verhältniszahl),-0.8027719999999999,-0.8028,1036.18,0.26,1404.32,380.7,380.7,380.7,380.7,calc,cameron2,George Osborne,gb_auctions,712
2015-06-11,2015-06-12,3½% Treasury Gilt 2045,Gilt,PAOF,0.035,2045-01-22,2199.95,199.95,2478.02,112.663,112.663,veröffentlicht (Durchschnittskurs bzw. Emissionskurs),2.862797,2.8628,2508.52,29.99,2199.95,2001.38,2001.38,2001.38,2001.38,calc,cameron2,George Osborne,gb_auctions,711
2015-07-02,2015-07-03,2% Treasury Gilt 2020,Gilt,PAOF,0.02,2020-07-22,4124.57,374.57,4201.97,101.89,101.89,veröffentlicht (Durchschnittskurs bzw. Emissionskurs),1.608937,1.6089,4239.44,36.92,4124.57,338.83,338.83,338.83,338.83,calc,cameron2,George Osborne,gb_auctions,710
2015-07-07,2015-07-08,3½% Treasury Gilt 2045,Gilt,PAOF,0.035,2045-01-22,1924.97,174.97,2224.01,115.551,115.551,veröffentlicht (Durchschnittskurs bzw. Emissionskurs),2.7296370000000003,2.7296,2255.4,31.08,1924.97,1690.78,1690.78,1690.78,1690.78,calc,cameron2,George Osborne,gb_auctions,709
2015-07-15,2015-07-16,0 1/8% Index-linked Treasury Gilt 2026,IL Gilt,AUK,0.00125,2026-03-22,1500.0,,1621.49,108.12100000000001,108.120958,aus veröffentlichtem Cash-Erlös (geteilt durch Index-Verhältniszahl),-0.60942,-0.6094,1622.08,0.59,2364.05,767.38,767.38,767.38,767.38,calc,cameron2,George Osborne,gb_auctions,708
2015-08-04,2015-08-05,2% Treasury Gilt 2025,Gilt,AUK,0.02,2025-09-07,3000.0,,3005.39,100.189,100.189,veröffentlicht (Durchschnittskurs bzw. Emissionskurs),1.979177,1.9792,3028.17,22.5,3000.0,599.71,599.71,599.71,599.71,calc,cameron2,George Osborne,gb_auctions,707
2015-08-11,2015-08-12,0 1/8% Index-linked Treasury Gilt 2058,IL Gilt,PAOF,0.00125,2058-03-22,681.9,31.9,1069.78,155.25,155.247485,aus veröffentlichtem Cash-Erlös (geteilt durch Index-Verhältniszahl),-0.9289019999999999,-0.9289,1070.11,0.33,2090.96,1094.76,109.49,2876.48,-368.68,proj,cameron2,George Osborne,gb_auctions,706
2015-08-20,2015-08-21,4¼% Treasury Stock 2036,Gilt,PAOF,0.0425,2036-03-07,1644.1,144.09,2127.64,129.464,129.464,veröffentlicht (Durchschnittskurs bzw. Emissionskurs),2.421256,2.4213,2160.22,31.71,1644.1,951.23,951.23,951.23,951.23,calc,cameron2,George Osborne,gb_auctions,705
2015-09-02,2015-09-03,1½% Treasury Gilt 2021,Gilt,AUK,0.015,2021-01-22,3750.0,,3756.91,100.199,100.199,veröffentlicht (Durchschnittskurs bzw. Emissionskurs),1.461519,1.4615,3757.46,0.0,3750.0,295.34,295.34,295.34,295.34,calc,cameron2,George Osborne,gb_auctions,704
2015-09-08,2015-09-09,3½% Treasury Gilt 2045,Gilt,AUK,0.035,2045-01-22,2000.0,,2438.56,121.93700000000001,121.937,veröffentlicht (Durchschnittskurs bzw. Emissionskurs),2.448108,2.4481,2448.06,9.32,2000.0,1616.94,1616.94,1616.94,1616.94,calc,cameron2,George Osborne,gb_auctions,703
2015-09-16,2015-09-17,2% Treasury Gilt 2025,Gilt,AUK,0.02,2025-09-07,3250.0,,3264.8,100.46,100.46,veröffentlicht (Durchschnittskurs bzw. Emissionskurs),1.9489940000000001,1.949,3266.74,1.79,3250.0,633.26,633.26,633.26,633.26,calc,cameron2,George Osborne,gb_auctions,702
2015-10-01,2015-10-02,1½% Treasury Gilt 2021,Gilt,PAOF,0.015,2021-01-22,4397.65,397.65,4439.15,100.963,100.963,veröffentlicht (Durchschnittskurs bzw. Emissionskurs),1.31149,1.3115,4445.2,5.2,4397.65,307.55,307.55,307.55,307.55,calc,cameron2,George Osborne,gb_auctions,701
2015-10-06,2015-10-07,4½% Treasury Gilt 2034,Gilt,AUK,0.045,2034-09-07,1500.0,,1988.13,132.55200000000002,132.552,veröffentlicht (Durchschnittskurs bzw. Emissionskurs),2.357133,2.3571,1993.84,5.56,1500.0,788.66,788.66,788.66,788.66,calc,cameron2,George Osborne,gb_auctions,700
2015-10-15,2015-10-16,0 1/8% Index-linked Treasury Gilt 2026,IL Gilt,AUK,0.00125,2026-03-22,1500.0,,1651.67,109.723,109.734942,aus veröffentlichtem Cash-Erlös (geteilt durch Index-Verhältniszahl),-0.7682129999999999,-0.7682,1651.79,0.12,2364.05,736.73,736.73,736.73,736.73,calc,cameron2,George Osborne,gb_auctions,699
2015-10-27,2015-10-28,2% Treasury Gilt 2025,Gilt,PAOF,0.02,2025-09-07,3299.97,299.97,3354.24,101.65299999999999,101.653,veröffentlicht (Durchschnittskurs bzw. Emissionskurs),1.816035,1.816,3363.77,9.25,3299.97,596.2,596.2,596.2,596.2,calc,cameron2,George Osborne,gb_auctions,698
2015-11-10,2015-11-11,0 1/8% Index-linked Treasury Gilt 2058,IL Gilt,PAOF,0.00125,2058-03-22,769.88,69.88,1125.84,144.1,144.103988,aus veröffentlichtem Cash-Erlös (geteilt durch Index-Verhältniszahl),-0.756203,-0.7562,1125.97,0.13,2360.72,1317.71,205.33,3329.31,-331.24,proj,cameron2,George Osborne,gb_auctions,697
2015-11-12,2015-11-13,4¼% Treasury Gilt 2039,Gilt,AUK,0.0425,2039-09-07,1500.0,,1915.4,127.70200000000001,127.702,veröffentlicht (Durchschnittskurs bzw. Emissionskurs),2.6703379999999997,2.6703,1927.26,11.73,1500.0,1102.74,1102.74,1102.74,1102.74,calc,cameron2,George Osborne,gb_auctions,696
2015-11-18,2015-11-19,2% Treasury Gilt 2025,Gilt,PAOF,0.02,2025-09-07,3347.46,97.46,3365.15,100.553,100.553,veröffentlicht (Durchschnittskurs bzw. Emissionskurs),1.9376390000000001,1.9376,3379.4,13.43,3347.46,637.55,637.55,637.55,637.55,calc,cameron2,George Osborne,gb_auctions,695
2015-12-02,2015-12-03,1½% Treasury Gilt 2021,Gilt,AUK,0.015,2021-01-22,3750.0,,3794.92,101.206,101.206,veröffentlicht (Durchschnittskurs bzw. Emissionskurs),1.256751,1.2568,3809.13,13.91,3750.0,243.67,243.67,243.67,243.67,calc,cameron2,George Osborne,gb_auctions,694
2015-12-08,2015-12-09,3½% Treasury Gilt 2045,Gilt,PAOF,0.035,2045-01-22,2199.97,199.97,2658.88,120.876,120.876,veröffentlicht (Durchschnittskurs bzw. Emissionskurs),2.4879580000000003,2.488,2688.53,29.29,2199.97,1782.91,1782.91,1782.91,1782.91,calc,cameron2,George Osborne,gb_auctions,693
2015-12-17,2015-12-18,1¼% Index-linked Treasury Gilt 2032,IL Gilt,AUK,0.0125,2032-11-22,700.0,,1133.51,135.55,135.468866,aus veröffentlichtem Cash-Erlös (geteilt durch Index-Verhältniszahl),-0.7207089999999999,-0.7207,1134.26,0.75,1532.22,652.29,472.0,851.11,-160.59,proj,cameron2,George Osborne,gb_auctions,692
2016-01-05,2016-01-06,2% Treasury Gilt 2025,Gilt,AUK,0.02,2025-09-07,3000.0,,3031.56,101.061,101.061,veröffentlicht (Durchschnittskurs bzw. Emissionskurs),1.879348,1.8793,3051.78,19.95,3000.0,548.22,548.22,548.22,548.22,calc,cameron2,George Osborne,gb_auctions,691
2016-01-07,2016-01-08,4% Treasury Gilt 2060,Gilt,AUK,0.04,2060-01-22,1500.0,,2186.92,145.814,145.814,veröffentlicht (Durchschnittskurs bzw. Emissionskurs),2.330496,2.3305,2214.93,27.72,1500.0,1955.07,1955.07,1955.07,1955.07,calc,cameron2,George Osborne,gb_auctions,690
2016-01-12,2016-01-13,0 1/8% Index-linked Treasury Gilt 2046,IL Gilt,PAOF,0.00125,2046-03-22,989.98,89.98,1280.65,128.481,128.481493,aus veröffentlichtem Cash-Erlös (geteilt durch Index-Verhältniszahl),-0.718142,-0.7181,1281.04,0.39,2375.91,1160.34,393.96,2257.85,-267.09,proj,cameron2,George Osborne,gb_auctions,689
2016-01-20,2016-01-21,1½% Treasury Gilt 2021,Gilt,AUK,0.015,2021-01-22,4000.0,,4074.1,101.85799999999999,101.858,veröffentlicht (Durchschnittskurs bzw. Emissionskurs),1.117094,1.1171,4074.16,-0.16,4000.0,225.84,225.84,225.84,225.84,calc,cameron2,George Osborne,gb_auctions,688
2016-02-09,2016-02-10,0 1/8% Index-linked Treasury Gilt 2026,IL Gilt,PAOF,0.00125,2026-03-22,1429.96,129.97,1596.7,110.911,110.907017,aus veröffentlichtem Cash-Erlös (geteilt durch Index-Verhältniszahl),-0.902996,-0.903,1597.4,0.7,2253.67,679.6,679.6,679.6,679.6,calc,cameron2,George Osborne,gb_auctions,687
2016-02-11,2016-02-12,3½% Treasury Gilt 2045,Gilt,PAOF,0.035,2045-01-22,1649.97,149.97,2103.86,127.524,127.524,veröffentlicht (Durchschnittskurs bzw. Emissionskurs),2.207899,2.2079,2107.45,3.33,1649.97,1217.25,1217.25,1217.25,1217.25,calc,cameron2,George Osborne,gb_auctions,686
2016-02-17,2016-02-18,1½% Treasury Gilt 2026,Gilt,AUK,0.015,2026-07-22,2750.0,,2726.19,99.14,99.14,veröffentlicht (Durchschnittskurs bzw. Emissionskurs),1.589878,1.5899,2726.35,0.0,2750.0,453.72,453.72,453.72,453.72,calc,cameron2,George Osborne,gb_auctions,685
2016-03-02,2016-03-03,1½% Treasury Gilt 2021,Gilt,PAOF,0.015,2021-01-22,3849.92,349.92,3966.48,103.05,103.05,veröffentlicht (Durchschnittskurs bzw. Emissionskurs),0.861313,0.8613,3973.84,6.5,3849.92,164.82,164.82,164.82,164.82,calc,cameron2,George Osborne,gb_auctions,684
2016-03-08,2016-03-09,3¾% Treasury Gilt 2052,Gilt,PAOF,0.0375,2052-07-22,1374.97,124.97,1897.92,138.063,138.063,veröffentlicht (Durchschnittskurs bzw. Emissionskurs),2.2193199999999997,2.2193,1904.98,6.66,1374.97,1351.98,1351.98,1351.98,1351.98,calc,cameron2,George Osborne,gb_auctions,683
2016-03-10,2016-03-11,0 1/8% Index-linked Treasury Gilt 2036,IL Gilt,PAOF,0.00125,2036-11-22,1053.15,53.15,1304.65,123.92,123.920393,aus veröffentlichtem Cash-Erlös (geteilt durch Index-Verhältniszahl),-0.9213330000000001,-0.9213,1305.05,0.4,2083.03,819.98,441.28,1272.14,-235.04,proj,cameron2,George Osborne,gb_auctions,682
2016-03-23,2016-03-24,0 1/8% Index-linked Treasury Gilt 2068,IL Gilt,TEN,0.00125,2068-03-22,350.0,,668.85,184.05,184.050852,aus veröffentlichtem Cash-Erlös (geteilt durch Index-Verhältniszahl),-1.076766,-1.0768,668.85,0.0,1341.02,725.88,-41.32,2410.32,-299.4,proj,cameron2,George Osborne,gb_tenders,56
2016-04-05,2016-04-06,1½% Treasury Gilt 2021,Gilt,PAOF,0.015,2021-01-22,3162.5,412.5,3266.29,103.28200000000001,103.282,veröffentlicht (Durchschnittskurs bzw. Emissionskurs),0.8007170000000001,0.8007,3276.07,9.77,3162.5,123.62,123.62,123.62,123.62,calc,cameron2,George Osborne,gb_auctions,681
2016-04-07,2016-04-08,1½% Treasury Gilt 2026,Gilt,PAOF,0.015,2026-07-22,2874.99,374.99,2871.19,99.868,99.868,veröffentlicht (Durchschnittskurs bzw. Emissionskurs),1.5138820000000002,1.5139,2877.12,5.92,2874.99,447.48,447.48,447.48,447.48,calc,cameron2,George Osborne,gb_auctions,680
2016-04-13,2016-04-14,3½% Treasury Gilt 2045,Gilt,PAOF,0.035,2045-01-22,2012.5,262.5,2496.75,124.06200000000001,124.062,veröffentlicht (Durchschnittskurs bzw. Emissionskurs),2.3452189999999997,2.3452,2512.81,16.06,2012.5,1542.38,1542.38,1542.38,1542.38,calc,cameron2,George Osborne,gb_auctions,679
2016-04-20,2016-04-21,0 1/8% Index-linked Treasury Gilt 2026,IL Gilt,PAOF,0.00125,2026-03-22,1424.8,24.8,1596.47,111.462,111.484362,aus veröffentlichtem Cash-Erlös (geteilt durch Index-Verhältniszahl),-0.972945,-0.9729,1596.62,0.15,2245.53,671.27,671.27,671.27,671.27,calc,cameron2,George Osborne,gb_auctions,678
2016-05-04,2016-05-05,1½% Treasury Gilt 2021,Gilt,PAOF,0.015,2021-01-22,3162.5,412.5,3247.0,102.67200000000001,102.672,veröffentlicht (Durchschnittskurs bzw. Emissionskurs),0.919446,0.9194,3260.55,13.55,3162.5,139.13,139.13,139.13,139.13,calc,cameron2,George Osborne,gb_auctions,677
2016-05-05,2016-05-06,1½% Treasury Gilt 2026,Gilt,PAOF,0.015,2026-07-22,2874.98,374.98,2833.08,98.54299999999999,98.543,veröffentlicht (Durchschnittskurs bzw. Emissionskurs),1.655632,1.6556,2842.34,9.24,2874.98,482.26,482.26,482.26,482.26,calc,cameron2,George Osborne,gb_auctions,676
2016-05-10,2016-05-11,0 1/8% Index-linked Treasury Gilt 2058,IL Gilt,PAOF,0.00125,2058-03-22,756.14,56.14,1169.48,152.01,152.044749,aus veröffentlichtem Cash-Erlös (geteilt durch Index-Verhältniszahl),-0.896103,-0.8961,1169.61,0.13,2318.61,1230.0,137.46,3205.71,-387.7,proj,cameron2,George Osborne,gb_auctions,675
2016-05-18,2016-05-19,4¼% Treasury Stock 2036,Gilt,AUK,0.0425,2036-03-07,1500.0,,2017.4,134.493,134.493,veröffentlicht (Durchschnittskurs bzw. Emissionskurs),2.1097479999999997,2.1097,2030.04,12.65,1500.0,744.96,744.96,744.96,744.96,calc,cameron2,George Osborne,gb_auctions,674
2016-06-01,2016-06-02,1½% Treasury Gilt 2021,Gilt,PAOF,0.015,2021-01-22,3162.49,412.5,3253.86,102.889,102.889,veröffentlicht (Durchschnittskurs bzw. Emissionskurs),0.8630530000000001,0.8631,3271.06,17.2,3162.49,128.62,128.62,128.62,128.62,calc,cameron2,George Osborne,gb_auctions,673
2016-06-07,2016-06-08,4¼% Treasury Gilt 2046,Gilt,PAOF,0.0425,2046-12-07,1707.2,207.2,2533.2,148.38299999999998,148.383,veröffentlicht (Durchschnittskurs bzw. Emissionskurs),2.09507,2.0951,2533.4,0.2,1707.2,1386.77,1386.77,1386.77,1386.77,calc,cameron2,George Osborne,gb_auctions,672
2016-06-09,2016-06-10,0 1/8% Index-linked Treasury Gilt 2036,IL Gilt,PAOF,0.00125,2036-11-22,902.67,2.67,1132.8,124.932,124.971984,aus veröffentlichtem Cash-Erlös (geteilt durch Index-Verhältniszahl),-0.9739220000000001,-0.9739,1132.86,0.06,1785.39,687.97,363.37,1075.52,-212.24,proj,cameron2,George Osborne,gb_auctions,671
2016-07-05,2016-07-06,1½% Treasury Gilt 2021,Gilt,PAOF,0.015,2021-01-22,2875.0,375.0,3020.33,105.055,105.055,veröffentlicht (Durchschnittskurs bzw. Emissionskurs),0.37691899999999995,0.3769,3039.99,19.67,2875.0,50.63,50.63,50.63,50.63,calc,cameron2,George Osborne,gb_auctions,670
2016-07-07,2016-07-08,1½% Treasury Gilt 2026,Gilt,PAOF,0.015,2026-07-22,2584.32,334.32,2729.74,105.62700000000001,105.627,veröffentlicht (Durchschnittskurs bzw. Emissionskurs),0.912117,0.9121,2744.75,15.02,2584.32,243.72,243.72,243.72,243.72,calc,cameron2,George Osborne,gb_auctions,669
2016-07-12,2016-07-13,4% Treasury Gilt 2060,Gilt,TEN,0.04,2060-01-22,500.0,,912.5,182.5,182.5,veröffentlicht (Durchschnittskurs bzw. Emissionskurs),1.441512,1.4415,922.01,9.51,500.0,457.99,457.99,457.99,457.99,calc,cameron2,George Osborne,gb_tenders,55
2016-07-13,2016-07-14,0 1/8% Index-linked Treasury Gilt 2026,IL Gilt,AUK,0.00125,2026-03-22,1250.0,,1493.6,117.912,117.935963,aus veröffentlichtem Cash-Erlös (geteilt durch Index-Verhältniszahl),-1.578407,-1.5784,1494.09,0.49,1970.04,495.56,495.56,495.56,495.56,calc,may,Philip Hammond,gb_auctions,668
2016-07-20,2016-07-21,4¼% Treasury Gilt 2039,Gilt,AUK,0.0425,2039-09-07,1500.0,,2251.56,150.10399999999998,150.104,veröffentlicht (Durchschnittskurs bzw. Emissionskurs),1.6386269999999998,1.6386,2275.12,23.56,1500.0,723.01,723.01,723.01,723.01,calc,may,Philip Hammond,gb_auctions,667
2016-08-02,2016-08-03,0½% Treasury Gilt 2022,Gilt,AUK,0.005,2022-07-22,2500.0,,2494.17,99.76700000000001,99.767,veröffentlicht (Durchschnittskurs bzw. Emissionskurs),0.5397339999999999,0.5397,2494.18,0.0,2500.0,80.42,80.42,80.42,80.42,calc,may,Philip Hammond,gb_auctions,666
2016-08-11,2016-08-12,0 1/8% Index-linked Treasury Gilt 2036,IL Gilt,PAOF,0.00125,2036-11-22,954.58,104.58,1397.59,145.05,145.095775,aus veröffentlichtem Cash-Erlös (geteilt durch Index-Verhältniszahl),-1.721894,-1.7219,1397.86,0.27,1888.06,527.68,184.42,937.52,-419.65,proj,may,Philip Hammond,gb_auctions,665
2016-08-17,2016-08-18,4¼% Treasury Gilt 2055,Gilt,AUK,0.0425,2055-12-07,1250.0,,2433.45,194.67700000000002,194.677,veröffentlicht (Durchschnittskurs bzw. Emissionskurs),1.2137959999999999,1.2138,2443.91,10.45,1250.0,904.52,904.52,904.52,904.52,calc,may,Philip Hammond,gb_auctions,664
2016-09-01,2016-09-02,0½% Treasury Gilt 2022,Gilt,PAOF,0.005,2022-07-22,3150.89,400.89,3174.15,100.738,100.738,veröffentlicht (Durchschnittskurs bzw. Emissionskurs),0.37311300000000003,0.3731,3175.42,1.28,3150.89,69.47,69.47,69.47,69.47,calc,may,Philip Hammond,gb_auctions,663
2016-09-06,2016-09-07,1½% Treasury Gilt 2026,Gilt,PAOF,0.015,2026-07-22,2875.0,375.0,3098.41,107.771,107.771,veröffentlicht (Durchschnittskurs bzw. Emissionskurs),0.684576,0.6846,3103.92,5.51,2875.0,202.33,202.33,202.33,202.33,calc,may,Philip Hammond,gb_auctions,662
2016-09-14,2016-09-15,0 1/8% Index-linked Treasury Gilt 2046,IL Gilt,AUK,0.00125,2046-03-22,800.0,,1350.76,165.35,165.386763,aus veröffentlichtem Cash-Erlös (geteilt durch Index-Verhältniszahl),-1.598692,-1.5987,1350.74,-0.02,1919.97,621.12,1.81,1508.02,-521.14,proj,may,Philip Hammond,gb_auctions,661
2016-09-20,2016-09-21,1½% Treasury Gilt 2047,Gilt,PAOF,0.015,2047-07-22,2875.0,375.0,2854.74,99.295,99.295,veröffentlicht (Durchschnittskurs bzw. Emissionskurs),1.528786,1.5288,2854.73,0.0,2875.0,1349.99,1349.99,1349.99,1349.99,calc,may,Philip Hammond,gb_auctions,660
2016-09-27,2016-09-28,0¼% Index-linked Treasury Gilt 2052,IL Gilt,TEN,0.0025,2052-03-22,400.0,,871.99,200.35,200.376399,aus veröffentlichtem Cash-Erlös (geteilt durch Index-Verhältniszahl),-1.770152,-1.7702,872.01,0.02,1151.55,351.18,-117.4,1103.84,-423.12,proj,may,Philip Hammond,gb_tenders,54
2016-10-04,2016-10-05,0½% Treasury Gilt 2022,Gilt,PAOF,0.005,2022-07-22,2819.68,69.67,2847.11,100.973,100.973,veröffentlicht (Durchschnittskurs bzw. Emissionskurs),0.330374,0.3304,2849.52,2.41,2819.68,54.28,54.28,54.28,54.28,calc,may,Philip Hammond,gb_auctions,659
2016-10-06,2016-10-07,1½% Treasury Gilt 2047,Gilt,AUK,0.015,2047-07-22,2000.0,,2005.78,100.289,100.289,veröffentlicht (Durchschnittskurs bzw. Emissionskurs),1.488282,1.4883,2007.08,1.3,2000.0,917.94,917.94,917.94,917.94,calc,may,Philip Hammond,gb_auctions,658
2016-10-12,2016-10-13,0 1/8% Index-linked Treasury Gilt 2036,IL Gilt,AUK,0.00125,2036-11-22,850.0,,1278.81,148.3,148.34617,aus veröffentlichtem Cash-Erlös (geteilt durch Index-Verhältniszahl),-1.847378,-1.8474,1279.23,0.42,1681.21,435.35,129.7,800.29,-403.84,proj,may,Philip Hammond,gb_auctions,657
2016-10-19,2016-10-20,1½% Treasury Gilt 2026,Gilt,AUK,0.015,2026-07-22,2500.0,,2597.45,103.898,103.898,veröffentlicht (Durchschnittskurs bzw. Emissionskurs),1.077922,1.0779,2606.62,9.17,2500.0,268.38,268.38,268.38,268.38,calc,may,Philip Hammond,gb_auctions,656
2016-11-01,2016-11-02,0½% Treasury Gilt 2022,Gilt,AUK,0.005,2022-07-22,2750.0,,2707.81,98.46600000000001,98.466,veröffentlicht (Durchschnittskurs bzw. Emissionskurs),0.7746649999999999,0.7747,2711.22,3.4,2750.0,120.84,120.84,120.84,120.84,calc,may,Philip Hammond,gb_auctions,655
2016-11-02,2016-11-03,0 5/8% Index-linked Treasury Gilt 2040,IL Gilt,TEN,0.00625,2040-03-22,400.0,,823.88,168.65200000000002,168.747645,aus veröffentlichtem Cash-Erlös (geteilt durch Index-Verhältniszahl),-1.741038,-1.741,824.23,0.35,1014.59,304.15,58.0,617.01,-297.7,proj,may,Philip Hammond,gb_tenders,53
2016-11-08,2016-11-09,1¾% Treasury Gilt 2037,Gilt,PAOF,0.0175,2037-09-07,2711.09,211.09,2682.51,98.946,98.946,veröffentlicht (Durchschnittskurs bzw. Emissionskurs),1.8110300000000001,1.811,2682.52,0.0,2711.09,1016.64,1016.64,1016.64,1016.64,calc,may,Philip Hammond,gb_auctions,654
2016-11-17,2016-11-18,0 1/8% Index-linked Treasury Gilt 2026,IL Gilt,AUK,0.00125,2026-03-22,1100.0,,1347.96,119.56,119.583327,aus veröffentlichtem Cash-Erlös (geteilt durch Index-Verhältniszahl),-1.789177,-1.7892,1348.18,0.22,1733.63,402.01,402.01,402.01,402.01,calc,may,Philip Hammond,gb_auctions,653
2016-11-22,2016-11-23,1½% Treasury Gilt 2026,Gilt,PAOF,0.015,2026-07-22,2875.0,375.0,2905.58,101.064,101.064,veröffentlicht (Durchschnittskurs bzw. Emissionskurs),1.381932,1.3819,2920.12,14.53,2875.0,386.13,386.13,386.13,386.13,calc,may,Philip Hammond,gb_auctions,652
2016-12-01,2016-12-02,0½% Treasury Gilt 2022,Gilt,PAOF,0.005,2022-07-22,3122.83,372.83,3059.59,97.975,97.975,veröffentlicht (Durchschnittskurs bzw. Emissionskurs),0.8687640000000001,0.8688,3064.73,5.13,3122.83,151.28,151.28,151.28,151.28,calc,may,Philip Hammond,gb_auctions,651
2016-12-06,2016-12-07,1½% Treasury Gilt 2026,Gilt,PAOF,0.015,2026-07-22,2668.57,168.57,2693.9,100.949,100.949,veröffentlicht (Durchschnittskurs bzw. Emissionskurs),1.3942420000000002,1.3942,2708.91,15.01,2668.57,359.95,359.95,359.95,359.95,calc,may,Philip Hammond,gb_auctions,650
2016-12-07,2016-12-08,1½% Treasury Gilt 2047,Gilt,AUK,0.015,2047-07-22,2250.0,,2014.46,89.531,89.531,veröffentlicht (Durchschnittskurs bzw. Emissionskurs),1.9560419999999998,1.956,2021.6,7.15,2250.0,1269.05,1269.05,1269.05,1269.05,calc,may,Philip Hammond,gb_auctions,649
2016-12-14,2016-12-15,0 1/8% Index-linked Treasury Gilt 2036,IL Gilt,AUK,0.00125,2036-11-22,800.0,,1128.06,138.433,138.477516,aus veröffentlichtem Cash-Erlös (geteilt durch Index-Verhältniszahl),-1.518415,-1.5184,1128.12,0.06,1582.32,485.09,197.42,828.56,-301.45,proj,may,Philip Hammond,gb_auctions,648
2017-01-05,2017-01-06,1¾% Treasury Gilt 2037,Gilt,PAOF,0.0175,2037-09-07,2329.91,79.91,2243.08,96.273,96.273,veröffentlicht (Durchschnittskurs bzw. Emissionskurs),1.970428,1.9704,2249.61,6.53,2329.91,929.45,929.45,929.45,929.45,calc,may,Philip Hammond,gb_auctions,647
2017-01-10,2017-01-11,0 1/8% Index-linked Treasury Gilt 2046,IL Gilt,PAOF,0.00125,2046-03-22,837.8,87.8,1389.35,161.306,161.343345,aus veröffentlichtem Cash-Erlös (geteilt durch Index-Verhältniszahl),-1.532285,-1.5323,1389.68,0.33,2010.68,675.34,26.78,1604.15,-515.08,proj,may,Philip Hammond,gb_auctions,646
2017-01-12,2017-01-13,2% Treasury Gilt 2025,Gilt,AUK,0.02,2025-09-07,2250.0,,2405.48,106.91,106.91,veröffentlicht (Durchschnittskurs bzw. Emissionskurs),1.157774,1.1578,2421.39,15.91,2250.0,233.61,233.61,233.61,233.61,calc,may,Philip Hammond,gb_auctions,645
2017-01-18,2017-01-19,0½% Treasury Gilt 2022,Gilt,PAOF,0.005,2022-07-22,2881.95,131.95,2837.79,98.46799999999999,98.468,veröffentlicht (Durchschnittskurs bzw. Emissionskurs),0.7847339999999999,0.7847,2837.68,-0.12,2881.95,123.52,123.52,123.52,123.52,calc,may,Philip Hammond,gb_auctions,644
2017-01-31,2017-02-01,1½% Treasury Gilt 2026,Gilt,PAOF,0.015,2026-07-22,2444.05,194.05,2454.7,100.436,100.436,veröffentlicht (Durchschnittskurs bzw. Emissionskurs),1.450554,1.4506,2455.71,1.01,2444.05,336.61,336.61,336.61,336.61,calc,may,Philip Hammond,gb_auctions,643
2017-02-07,2017-02-08,1¾% Treasury Gilt 2019,Gilt,PAOF,0.0175,2019-07-22,3004.22,4.21,3120.39,103.867,103.867,veröffentlicht (Durchschnittskurs bzw. Emissionskurs),0.169625,0.1696,3122.86,2.47,3004.22,12.79,12.79,12.79,12.79,calc,may,Philip Hammond,gb_auctions,642
2017-02-09,2017-02-10,1½% Treasury Gilt 2047,Gilt,PAOF,0.015,2047-07-22,2624.29,124.29,2403.5,91.587,91.587,veröffentlicht (Durchschnittskurs bzw. Emissionskurs),1.8633000000000002,1.8633,2405.57,2.07,2624.29,1419.33,1419.33,1419.33,1419.33,calc,may,Philip Hammond,gb_auctions,641
2017-02-15,2017-02-16,0 1/8% Index-linked Treasury Gilt 2026,IL Gilt,AUK,0.00125,2026-03-22,1250.0,,1546.1,119.92,119.943368,aus veröffentlichtem Cash-Erlös (geteilt durch Index-Verhältniszahl),-1.873877,-1.8739,1546.75,0.65,1970.04,442.1,442.1,442.1,442.1,calc,may,Philip Hammond,gb_auctions,640
2017-02-23,2017-02-24,1½% Treasury Gilt 2026,Gilt,PAOF,0.015,2026-07-22,2300.0,300.0,2365.41,102.844,102.844,veröffentlicht (Durchschnittskurs bzw. Emissionskurs),1.179718,1.1797,2368.55,3.15,2300.0,259.19,259.19,259.19,259.19,calc,may,Philip Hammond,gb_auctions,639
2017-03-02,2017-03-03,0½% Treasury Gilt 2022,Gilt,AUK,0.005,2022-07-22,2500.0,,2489.6,99.584,99.584,veröffentlicht (Durchschnittskurs bzw. Emissionskurs),0.578496,0.5785,2490.98,1.38,2500.0,77.77,77.77,77.77,77.77,calc,may,Philip Hammond,gb_auctions,638
2017-03-09,2017-03-10,0 1/8% Index-linked Treasury Gilt 2036,IL Gilt,PAOF,0.00125,2036-11-22,833.74,108.74,1210.69,141.61,141.654108,aus veröffentlichtem Cash-Erlös (geteilt durch Index-Verhältniszahl),-1.653056,-1.6531,1211.01,0.32,1649.05,470.24,170.43,828.19,-343.77,proj,may,Philip Hammond,gb_auctions,637
2017-03-14,2017-03-15,1¼% Treasury Gilt 2027,Gilt,PAOF,0.0125,2027-07-22,2557.92,307.92,2542.62,99.402,99.402,veröffentlicht (Durchschnittskurs bzw. Emissionskurs),1.311986,1.312,2542.62,0.0,2557.92,346.43,346.43,346.43,346.43,calc,may,Philip Hammond,gb_auctions,636
2017-03-22,2017-03-23,1½% Treasury Gilt 2047,Gilt,PAOF,0.015,2047-07-22,2300.0,300.0,2145.97,93.303,93.303,veröffentlicht (Durchschnittskurs bzw. Emissionskurs),1.7869169999999999,1.7869,2151.68,5.72,2300.0,1200.56,1200.56,1200.56,1200.56,calc,may,Philip Hammond,gb_auctions,635
2017-03-28,2017-03-29,0½% Treasury Gilt 2022,Gilt,PAOF,0.005,2022-07-22,2875.0,375.0,2858.1,99.412,99.412,veröffentlicht (Durchschnittskurs bzw. Emissionskurs),0.612537,0.6125,2860.71,2.62,2875.0,93.35,93.35,93.35,93.35,calc,may,Philip Hammond,gb_auctions,634
2017-04-04,2017-04-05,1¼% Treasury Gilt 2027,Gilt,PAOF,0.0125,2027-07-22,2867.74,367.74,2901.35,101.17200000000001,101.172,veröffentlicht (Durchschnittskurs bzw. Emissionskurs),1.129148,1.1291,2903.43,2.08,2867.74,335.55,335.55,335.55,335.55,calc,may,Philip Hammond,gb_auctions,633
2017-04-12,2017-04-13,2½% Treasury Gilt 2065,Gilt,PAOF,0.025,2065-07-22,1725.0,225.0,2297.56,133.192,133.192,veröffentlicht (Durchschnittskurs bzw. Emissionskurs),1.525872,1.5259,2307.21,9.65,1725.0,1509.35,1509.35,1509.35,1509.35,calc,may,Philip Hammond,gb_auctions,632
2017-04-20,2017-04-21,0½% Treasury Gilt 2022,Gilt,PAOF,0.005,2022-07-22,3162.5,412.5,3158.35,99.869,99.869,veröffentlicht (Durchschnittskurs bzw. Emissionskurs),0.525295,0.5253,3162.24,3.89,3162.5,87.22,87.22,87.22,87.22,calc,may,Philip Hammond,gb_auctions,631
2017-04-26,2017-04-27,0 1/8% Index-linked Treasury Gilt 2046,IL Gilt,PAOF,0.00125,2046-03-22,857.79,57.79,1491.26,167.217,167.255267,aus veröffentlichtem Cash-Erlös (geteilt durch Index-Verhältniszahl),-1.6737659999999999,-1.6738,1491.37,0.11,2058.67,622.39,-41.66,1573.36,-586.51,proj,may,Philip Hammond,gb_auctions,630
2017-05-04,2017-05-05,1¾% Treasury Gilt 2037,Gilt,PAOF,0.0175,2037-09-07,2293.79,293.79,2290.58,99.86,99.86,veröffentlicht (Durchschnittskurs bzw. Emissionskurs),1.758168,1.7582,2297.01,6.44,2293.79,819.67,819.67,819.67,819.67,calc,may,Philip Hammond,gb_auctions,629
2017-05-18,2017-05-19,1¾% Treasury Gilt 2019,Gilt,PAOF,0.0175,2019-07-22,2962.15,212.15,3068.08,103.57600000000001,103.576,veröffentlicht (Durchschnittskurs bzw. Emissionskurs),0.104887,0.1049,3084.83,16.75,2962.15,6.91,6.91,6.91,6.91,calc,may,Philip Hammond,gb_auctions,628
2017-05-23,2017-05-24,0 1/8% Index-linked Treasury Gilt 2036,IL Gilt,PAOF,0.00125,2036-11-22,882.3,32.3,1321.23,144.71200000000002,144.758557,aus veröffentlichtem Cash-Erlös (geteilt durch Index-Verhältniszahl),-1.782887,-1.7829,1321.24,0.01,1745.1,457.37,140.1,836.17,-395.8,proj,may,Philip Hammond,gb_auctions,627
2017-06-01,2017-06-02,1¼% Treasury Gilt 2027,Gilt,AUK,0.0125,2027-07-22,2500.0,,2526.65,101.066,101.066,veröffentlicht (Durchschnittskurs bzw. Emissionskurs),1.138362,1.1384,2533.47,6.82,2500.0,290.17,290.17,290.17,290.17,calc,may,Philip Hammond,gb_auctions,626
2017-06-06,2017-06-07,0½% Treasury Gilt 2022,Gilt,PAOF,0.005,2022-07-22,2875.0,375.0,2880.55,100.193,100.193,veröffentlicht (Durchschnittskurs bzw. Emissionskurs),0.461835,0.4618,2885.95,5.4,2875.0,68.11,68.11,68.11,68.11,calc,may,Philip Hammond,gb_auctions,625
2017-06-22,2017-06-23,1½% Treasury Gilt 2047,Gilt,PAOF,0.015,2047-07-22,2587.5,337.5,2483.23,95.97,95.97,veröffentlicht (Durchschnittskurs bzw. Emissionskurs),1.670984,1.671,2499.52,16.3,2587.5,1271.76,1271.76,1271.76,1271.76,calc,may,Philip Hammond,gb_auctions,624
2017-06-27,2017-06-28,0 1/8% Index-linked Treasury Gilt 2026,IL Gilt,AUK,0.00125,2026-03-22,1000.0,,1257.47,120.06200000000001,120.086139,aus veröffentlichtem Cash-Erlös (geteilt durch Index-Verhältniszahl),-1.968929,-1.9689,1257.82,0.35,1576.03,332.62,332.62,332.62,332.62,calc,may,Philip Hammond,gb_auctions,623
2017-07-06,2017-07-07,1¼% Treasury Gilt 2027,Gilt,PAOF,0.0125,2027-07-22,2867.81,367.81,2831.84,98.74600000000001,98.746,veröffentlicht (Durchschnittskurs bzw. Emissionskurs),1.384187,1.3842,2843.13,11.29,2867.81,395.92,395.92,395.92,395.92,calc,may,Philip Hammond,gb_auctions,622
2017-07-19,2017-07-20,0¾% Treasury Gilt 2023,Gilt,PAOF,0.0075,2023-07-22,3162.5,412.5,3158.96,99.88799999999999,99.888,veröffentlicht (Durchschnittskurs bzw. Emissionskurs),0.769118,0.7691,3158.82,-0.13,3162.5,145.99,145.99,145.99,145.99,calc,may,Philip Hammond,gb_auctions,621
2017-07-25,2017-07-26,1½% Treasury Gilt 2047,Gilt,AUK,0.015,2047-07-22,2500.0,,2311.69,92.46799999999999,92.468,veröffentlicht (Durchschnittskurs bzw. Emissionskurs),1.8273439999999999,1.8273,2312.11,0.41,2500.0,1312.89,1312.89,1312.89,1312.89,calc,may,Philip Hammond,gb_auctions,620
2017-08-01,2017-08-02,1¼% Treasury Gilt 2027,Gilt,AUK,0.0125,2027-07-22,2250.0,,2246.35,99.838,99.838,veröffentlicht (Durchschnittskurs bzw. Emissionskurs),1.267336,1.2673,2247.2,0.84,2250.0,284.05,284.05,284.05,284.05,calc,may,Philip Hammond,gb_auctions,619
2017-08-08,2017-08-09,0 1/8% Index-linked Treasury Gilt 2026,IL Gilt,AUK,0.00125,2026-03-22,1000.0,,1247.8,118.53200000000001,118.555819,aus veröffentlichtem Cash-Erlös (geteilt durch Index-Verhältniszahl),-1.848337,-1.8483,1248.3,0.5,1576.03,342.14,342.14,342.14,342.14,calc,may,Philip Hammond,gb_auctions,618
2017-08-23,2017-08-24,0¾% Treasury Gilt 2023,Gilt,PAOF,0.0075,2023-07-22,3158.63,408.63,3179.72,100.66799999999999,100.668,veröffentlicht (Durchschnittskurs bzw. Emissionskurs),0.634648,0.6347,3181.85,2.12,3158.63,118.91,118.91,118.91,118.91,calc,may,Philip Hammond,gb_auctions,617
2017-09-13,2017-09-14,1¼% Treasury Gilt 2027,Gilt,AUK,0.0125,2027-07-22,2500.0,,2520.67,100.82700000000001,100.827,veröffentlicht (Durchschnittskurs bzw. Emissionskurs),1.160893,1.1609,2525.26,4.59,2500.0,287.24,287.24,287.24,287.24,calc,may,Philip Hammond,gb_auctions,616
2017-09-19,2017-09-20,1½% Treasury Gilt 2047,Gilt,AUK,0.015,2047-07-22,2500.0,,2288.6,91.544,91.544,veröffentlicht (Durchschnittskurs bzw. Emissionskurs),1.871096,1.8711,2294.71,6.11,2500.0,1330.29,1330.29,1330.29,1330.29,calc,may,Philip Hammond,gb_auctions,615
2017-09-27,2017-09-28,0 1/8% Index-linked Treasury Gilt 2036,IL Gilt,AUK,0.00125,2036-11-22,950.0,,1367.8,137.213,137.25745,aus veröffentlichtem Cash-Erlös (geteilt durch Index-Verhältniszahl),-1.538615,-1.5386,1368.24,0.44,1879.0,546.84,205.23,954.72,-358.02,proj,may,Philip Hammond,gb_auctions,614
2017-10-05,2017-10-06,0¾% Treasury Gilt 2023,Gilt,PAOF,0.0075,2023-07-22,3162.5,412.5,3134.67,99.12,99.12,veröffentlicht (Durchschnittskurs bzw. Emissionskurs),0.906223,0.9062,3139.57,4.9,3162.5,165.24,165.24,165.24,165.24,calc,may,Philip Hammond,gb_auctions,613
2017-10-10,2017-10-11,1¾% Treasury Gilt 2037,Gilt,AUK,0.0175,2037-09-07,2500.0,,2421.53,96.861,96.861,veröffentlicht (Durchschnittskurs bzw. Emissionskurs),1.940824,1.9408,2425.63,4.11,2500.0,949.37,949.37,949.37,949.37,calc,may,Philip Hammond,gb_auctions,612
2017-10-19,2017-10-20,1¼% Treasury Gilt 2027,Gilt,PAOF,0.0125,2027-07-22,2599.24,99.24,2583.34,99.38799999999999,99.388,veröffentlicht (Durchschnittskurs bzw. Emissionskurs),1.317,1.317,2591.28,7.95,2599.24,332.87,332.87,332.87,332.87,calc,may,Philip Hammond,gb_auctions,611
2017-10-24,2017-10-25,0 5/8% Index-linked Treasury Gilt 2042,IL Gilt,AUK,0.00625,2042-11-22,650.0,,1400.65,166.912,166.951744,aus veröffentlichtem Cash-Erlös (geteilt durch Index-Verhältniszahl),-1.5485140000000002,-1.5485,1402.87,2.22,1771.99,583.14,76.71,1260.54,-506.55,proj,may,Philip Hammond,gb_auctions,610
2017-11-09,2017-11-10,0¾% Treasury Gilt 2023,Gilt,AUK,0.0075,2023-07-22,2750.0,,2737.63,99.55,99.55,veröffentlicht (Durchschnittskurs bzw. Emissionskurs),0.830984,0.831,2743.85,6.22,2750.0,129.9,129.9,129.9,129.9,calc,may,Philip Hammond,gb_auctions,609
2017-11-16,2017-11-17,1¼% Treasury Gilt 2027,Gilt,PAOF,0.0125,2027-07-22,2722.32,222.32,2700.18,99.18700000000001,99.187,veröffentlicht (Durchschnittskurs bzw. Emissionskurs),1.339785,1.3398,2711.1,10.91,2722.32,351.51,351.51,351.51,351.51,calc,may,Philip Hammond,gb_auctions,608
2017-11-21,2017-11-22,0 1/8% Index-linked Treasury Gilt 2026,IL Gilt,AUK,0.00125,2026-03-22,1000.0,,1255.55,117.912,117.936314,aus veröffentlichtem Cash-Erlös (geteilt durch Index-Verhältniszahl),-1.853245,-1.8532,1255.77,0.22,1576.03,334.0,334.0,334.0,334.0,calc,may,Philip Hammond,gb_auctions,607
2017-11-28,2017-11-29,4% Treasury Gilt 2060,Gilt,TEN,0.04,2060-01-22,400.0,,688.2,172.05,172.05,veröffentlicht (Durchschnittskurs bzw. Emissionskurs),1.6298830000000002,1.6299,693.85,5.65,400.0,386.15,386.15,386.15,386.15,calc,may,Philip Hammond,gb_tenders,52
2017-12-05,2017-12-06,0¾% Treasury Gilt 2023,Gilt,AUK,0.0075,2023-07-22,2750.0,,2729.04,99.238,99.238,veröffentlicht (Durchschnittskurs bzw. Emissionskurs),0.889088,0.8891,2736.72,7.68,2750.0,137.03,137.03,137.03,137.03,calc,may,Philip Hammond,gb_auctions,606
2017-12-07,2017-12-08,1½% Treasury Gilt 2047,Gilt,PAOF,0.015,2047-07-22,2276.5,26.5,2117.18,93.00200000000001,93.002,veröffentlicht (Durchschnittskurs bzw. Emissionskurs),1.806056,1.8061,2130.09,12.9,2276.5,1170.84,1170.84,1170.84,1170.84,calc,may,Philip Hammond,gb_auctions,605
2017-12-13,2017-12-14,0 1/8% Index-linked Treasury Gilt 2036,IL Gilt,AUK,0.00125,2036-11-22,800.0,,1182.36,139.65,139.694137,aus veröffentlichtem Cash-Erlös (geteilt durch Index-Verhältniszahl),-1.6498789999999999,-1.6499,1182.42,0.06,1582.32,429.75,142.07,773.22,-325.02,proj,may,Philip Hammond,gb_auctions,604
2018-01-09,2018-01-10,1¼% Treasury Gilt 2027,Gilt,PAOF,0.0125,2027-07-22,2587.5,337.5,2578.78,99.663,99.663,veröffentlicht (Durchschnittskurs bzw. Emissionskurs),1.2876660000000002,1.2877,2593.89,15.12,2587.5,317.04,317.04,317.04,317.04,calc,may,Philip Hammond,gb_auctions,603
2018-01-11,2018-01-12,1¾% Treasury Gilt 2037,Gilt,AUK,0.0175,2037-09-07,2250.0,,2233.69,99.275,99.275,veröffentlicht (Durchschnittskurs bzw. Emissionskurs),1.793895,1.7939,2247.5,13.81,2250.0,790.0,790.0,790.0,790.0,calc,may,Philip Hammond,gb_auctions,602
2018-01-18,2018-01-19,0¾% Treasury Gilt 2023,Gilt,AUK,0.0075,2023-07-22,2500.0,,2467.48,98.699,98.699,veröffentlicht (Durchschnittskurs bzw. Emissionskurs),0.993305,0.9933,2467.32,-0.15,2500.0,135.8,135.8,135.8,135.8,calc,may,Philip Hammond,gb_auctions,601
2018-01-23,2018-01-24,0 1/8% Index-linked Treasury Gilt 2026,IL Gilt,AUK,0.00125,2026-03-22,1000.0,,1250.19,117.115,117.137958,aus veröffentlichtem Cash-Erlös (geteilt durch Index-Verhältniszahl),-1.8123019999999999,-1.8123,1250.65,0.46,1576.03,339.13,339.13,339.13,339.13,calc,may,Philip Hammond,gb_auctions,600
2018-02-15,2018-02-16,1¾% Treasury Gilt 2057,Gilt,PAOF,0.0175,2057-07-22,2562.68,312.68,2446.57,95.469,95.469,veröffentlicht (Durchschnittskurs bzw. Emissionskurs),1.914186,1.9142,2449.66,3.1,2562.68,1884.47,1884.47,1884.47,1884.47,calc,may,Philip Hammond,gb_auctions,599
2018-02-22,2018-02-23,0 1/8% Index-linked Treasury Gilt 2036,IL Gilt,AUK,0.00125,2036-11-22,950.0,,1375.93,135.659,135.701993,aus veröffentlichtem Cash-Erlös (geteilt durch Index-Verhältniszahl),-1.51328,-1.5133,1376.26,0.33,1879.0,538.2,196.58,946.07,-349.25,proj,may,Philip Hammond,gb_auctions,598
2018-03-01,2018-03-02,0¾% Treasury Gilt 2023,Gilt,PAOF,0.0075,2023-07-22,2815.66,65.66,2761.97,98.09299999999999,98.093,veröffentlicht (Durchschnittskurs bzw. Emissionskurs),1.115347,1.1153,2764.24,2.28,2815.66,167.57,167.57,167.57,167.57,calc,may,Philip Hammond,gb_auctions,597
2018-03-06,2018-03-07,1½% Treasury Gilt 2047,Gilt,AUK,0.015,2047-07-22,2250.0,,2030.29,90.235,90.235,veröffentlicht (Durchschnittskurs bzw. Emissionskurs),1.937443,1.9374,2034.39,4.1,2250.0,1211.24,1211.24,1211.24,1211.24,calc,may,Philip Hammond,gb_auctions,596
2018-03-15,2018-03-16,1 5/8% Treasury Gilt 2028,Gilt,PAOF,0.01625,2028-10-22,2864.73,364.73,2877.24,100.43700000000001,100.437,veröffentlicht (Durchschnittskurs bzw. Emissionskurs),1.5799889999999999,1.58,2877.25,0.0,2864.73,481.01,481.01,481.01,481.01,calc,may,Philip Hammond,gb_auctions,595
2018-03-27,2018-03-28,0 1/8% Index-Linked Treasury Gilt 2056,IL Gilt,PAOF,0.00125,2056-11-22,675.24,75.24,1346.62,191.208,191.208306,aus veröffentlichtem Cash-Erlös (geteilt durch Index-Verhältniszahl),-1.578556,-1.5786,1346.93,0.31,1948.75,666.99,-222.3,2234.21,-633.53,proj,may,Philip Hammond,gb_auctions,594
2018-04-04,2018-04-05,0¾% Treasury Gilt 2023,Gilt,AUK,0.0075,2023-07-22,2750.0,,2701.43,98.234,98.234,veröffentlicht (Durchschnittskurs bzw. Emissionskurs),1.093927,1.0939,2705.59,4.16,2750.0,157.84,157.84,157.84,157.84,calc,may,Philip Hammond,gb_auctions,593
2018-04-10,2018-04-11,1¾% Treasury Gilt 2057,Gilt,PAOF,0.0175,2057-07-22,2185.16,185.16,2240.88,102.55,102.55,veröffentlicht (Durchschnittskurs bzw. Emissionskurs),1.6613239999999998,1.6613,2249.23,8.35,2185.16,1446.43,1446.43,1446.43,1446.43,calc,may,Philip Hammond,gb_auctions,592
2018-04-19,2018-04-20,1 5/8% Treasury Gilt 2028,Gilt,AUK,0.01625,2028-10-22,2500.0,,2506.67,100.26700000000001,100.267,veröffentlicht (Durchschnittskurs bzw. Emissionskurs),1.597158,1.5972,2510.58,3.91,2500.0,420.11,420.11,420.11,420.11,calc,may,Philip Hammond,gb_auctions,591
2018-04-24,2018-04-25,0 1/8% Index-linked Treasury Gilt 2048,IL Gilt,AUK,0.00125,2048-08-10,750.0,,1201.03,158.47299999999998,158.473363,aus veröffentlichtem Cash-Erlös (geteilt durch Index-Verhältniszahl),-1.4143000000000001,-1.4143,1201.22,0.19,1770.75,619.1,-9.22,1561.71,-433.45,proj,may,Philip Hammond,gb_auctions,590
2018-05-03,2018-05-04,0¾% Treasury Gilt 2023,Gilt,PAOF,0.0075,2023-07-22,3427.03,427.03,3363.37,98.14200000000001,98.142,veröffentlicht (Durchschnittskurs bzw. Emissionskurs),1.1174840000000001,1.1175,3370.6,7.24,3427.03,197.8,197.8,197.8,197.8,calc,may,Philip Hammond,gb_auctions,589
2018-05-09,2018-05-10,1 5/8% Treasury Gilt 2028,Gilt,PAOF,0.01625,2028-10-22,2810.08,60.08,2814.04,100.141,100.141,veröffentlicht (Durchschnittskurs bzw. Emissionskurs),1.6101329999999998,1.6101,2820.93,6.89,2810.08,473.26,473.26,473.26,473.26,calc,may,Philip Hammond,gb_auctions,588
2018-05-24,2018-05-25,0 1/8% Index-linked Treasury Gilt 2036,IL Gilt,PAOF,0.00125,2036-11-22,1146.87,146.87,1651.83,134.59,134.632871,aus veröffentlichtem Cash-Erlös (geteilt durch Index-Verhältniszahl),-1.492363,-1.4924,1651.84,0.01,2268.4,658.59,246.18,1150.98,-409.91,proj,may,Philip Hammond,gb_auctions,587
2018-06-06,2018-06-07,0¾% Treasury Gilt 2023,Gilt,AUK,0.0075,2023-07-22,2750.0,,2709.98,98.545,98.545,veröffentlicht (Durchschnittskurs bzw. Emissionskurs),1.042293,1.0423,2717.74,7.75,2750.0,145.7,145.7,145.7,145.7,calc,may,Philip Hammond,gb_auctions,586
2018-06-20,2018-06-21,0 1/8% Index-linked Treasury Gilt 2028,IL Gilt,PAOF,0.00125,2028-08-10,1381.4,131.4,1663.08,120.391,120.390908,aus veröffentlichtem Cash-Erlös (geteilt durch Index-Verhältniszahl),-1.708559,-1.7086,1663.08,0.0,2159.98,519.55,444.76,595.48,-264.36,proj,may,Philip Hammond,gb_auctions,585
2018-06-26,2018-06-27,1¾% Treasury Gilt 2037,Gilt,PAOF,0.0175,2037-09-07,2587.5,337.5,2574.1,99.48200000000001,99.482,veröffentlicht (Durchschnittskurs bzw. Emissionskurs),1.781925,1.7819,2587.87,13.78,2587.5,882.6,882.6,882.6,882.6,calc,may,Philip Hammond,gb_auctions,584
2018-07-03,2018-07-04,1 5/8% Treasury Gilt 2028,Gilt,PAOF,0.01625,2028-10-22,2874.99,375.0,2927.37,101.822,101.822,veröffentlicht (Durchschnittskurs bzw. Emissionskurs),1.433952,1.434,2941.44,14.07,2874.99,428.85,428.85,428.85,428.85,calc,may,Philip Hammond,gb_auctions,583
2018-07-19,2018-07-20,1¾% Treasury Gilt 2057,Gilt,PAOF,0.0175,2057-07-22,2300.0,300.0,2399.67,104.334,104.334,veröffentlicht (Durchschnittskurs bzw. Emissionskurs),1.6001990000000001,1.6002,2399.46,-0.22,2300.0,1470.29,1470.29,1470.29,1470.29,calc,may,Philip Hammond,gb_auctions,582
2018-07-24,2018-07-25,1% Treasury Gilt 2024,Gilt,AUK,0.01,2024-04-22,2750.0,,2735.66,99.479,99.479,veröffentlicht (Durchschnittskurs bzw. Emissionskurs),1.0939050000000001,1.0939,2735.67,0.0,2750.0,172.26,172.26,172.26,172.26,calc,may,Philip Hammond,gb_auctions,581
2018-08-08,2018-08-09,1 5/8% Treasury Gilt 2028,Gilt,AUK,0.01625,2028-10-22,2500.0,,2539.37,101.575,101.575,veröffentlicht (Durchschnittskurs bzw. Emissionskurs),1.4581659999999999,1.4582,2555.6,16.23,2500.0,375.09,375.09,375.09,375.09,calc,may,Philip Hammond,gb_auctions,580
2018-08-21,2018-08-22,0 1/8% Index-linked Treasury Gilt 2028,IL Gilt,AUK,0.00125,2028-08-10,1100.0,,1340.59,121.00200000000001,121.001815,aus veröffentlichtem Cash-Erlös (geteilt durch Index-Verhältniszahl),-1.790232,-1.7902,1340.83,0.24,1719.98,397.19,337.63,457.65,-219.12,proj,may,Philip Hammond,gb_auctions,579
2018-09-06,2018-09-07,1% Treasury Gilt 2024,Gilt,AUK,0.01,2024-04-22,3000.0,,2982.66,99.42200000000001,99.422,veröffentlicht (Durchschnittskurs bzw. Emissionskurs),1.106324,1.1063,2986.27,3.61,3000.0,186.03,186.03,186.03,186.03,calc,may,Philip Hammond,gb_auctions,578
2018-09-11,2018-09-12,1¾% Treasury Gilt 2049,Gilt,AUK,0.0175,2049-01-22,2500.0,,2456.1,98.244,98.244,veröffentlicht (Durchschnittskurs bzw. Emissionskurs),1.8256350000000001,1.8256,2456.1,0.0,2500.0,1372.09,1372.09,1372.09,1372.09,calc,may,Philip Hammond,gb_auctions,577
2018-09-20,2018-09-21,1 5/8% Treasury Gilt 2028,Gilt,AUK,0.01625,2028-10-22,2750.0,,2757.44,100.271,100.271,veröffentlicht (Durchschnittskurs bzw. Emissionskurs),1.595728,1.5957,2780.55,23.1,2750.0,443.21,443.21,443.21,443.21,calc,may,Philip Hammond,gb_auctions,576
2018-09-25,2018-09-26,0 1/8% Index-linked Treasury Gilt 2048,IL Gilt,PAOF,0.00125,2048-08-10,872.72,72.72,1416.25,158.32,158.320405,aus veröffentlichtem Cash-Erlös (geteilt durch Index-Verhältniszahl),-1.432421,-1.4324,1416.39,0.14,2060.49,701.23,-29.91,1798.07,-510.88,proj,may,Philip Hammond,gb_auctions,575
2018-10-04,2018-10-05,1% Treasury Gilt 2024,Gilt,AUK,0.01,2024-04-22,3000.0,,2951.31,98.37700000000001,98.377,veröffentlicht (Durchschnittskurs bzw. Emissionskurs),1.304288,1.3043,2957.21,5.9,3000.0,215.08,215.08,215.08,215.08,calc,may,Philip Hammond,gb_auctions,574
2018-10-23,2018-10-24,0 1/8% Index-linked Treasury Gilt 2028,IL Gilt,AUK,0.00125,2028-08-10,1100.0,,1337.5,119.73700000000001,119.737375,aus veröffentlichtem Cash-Erlös (geteilt durch Index-Verhältniszahl),-1.7164650000000001,-1.7165,1337.98,0.48,1719.98,400.04,340.48,460.5,-207.16,proj,may,Philip Hammond,gb_auctions,573
2018-11-06,2018-11-07,1 5/8% Treasury Gilt 2028,Gilt,AUK,0.01625,2028-10-22,2250.0,,2277.42,101.219,101.219,veröffentlicht (Durchschnittskurs bzw. Emissionskurs),1.492756,1.4928,2279.03,1.61,2250.0,336.59,336.59,336.59,336.59,calc,may,Philip Hammond,gb_auctions,572
2018-11-15,2018-11-16,1¾% Treasury Gilt 2037,Gilt,PAOF,0.0175,2037-09-07,2300.0,300.0,2239.23,97.35799999999999,97.358,veröffentlicht (Durchschnittskurs bzw. Emissionskurs),1.917941,1.9179,2247.01,7.78,2300.0,817.73,817.73,817.73,817.73,calc,may,Philip Hammond,gb_auctions,571
2018-11-20,2018-11-21,0 1/8% Index-Linked Treasury Gilt 2056,IL Gilt,PAOF,0.00125,2056-11-22,555.07,55.06,1066.66,179.15,179.149678,aus veröffentlichtem Cash-Erlös (geteilt durch Index-Verhältniszahl),-1.43418,-1.4342,1066.66,-0.0,1601.92,588.1,-142.92,1876.39,-464.49,proj,may,Philip Hammond,gb_auctions,570
2018-12-04,2018-12-05,1% Treasury Gilt 2024,Gilt,AUK,0.01,2024-04-22,2500.0,,2504.38,100.175,100.175,veröffentlicht (Durchschnittskurs bzw. Emissionskurs),0.9664929999999999,0.9665,2507.4,3.02,2500.0,130.1,130.1,130.1,130.1,calc,may,Philip Hammond,gb_auctions,569
2018-12-06,2018-12-07,1¾% Treasury Gilt 2049,Gilt,PAOF,0.0175,2049-01-22,2012.5,262.5,1939.23,96.359,96.359,veröffentlicht (Durchschnittskurs bzw. Emissionskurs),1.909492,1.9095,1947.45,8.23,2012.5,1134.24,1134.24,1134.24,1134.24,calc,may,Philip Hammond,gb_auctions,568
2018-12-12,2018-12-13,0 1/8% Index-linked Treasury Gilt 2048,IL Gilt,AUK,0.00125,2048-08-10,500.0,,879.78,170.1,170.099475,aus veröffentlichtem Cash-Erlös (geteilt durch Index-Verhältniszahl),-1.6865860000000001,-1.6866,880.0,0.22,1180.5,333.23,-85.65,961.63,-356.5,proj,may,Philip Hammond,gb_auctions,567
2019-01-08,2019-01-09,1 5/8% Treasury Gilt 2028,Gilt,PAOF,0.01625,2028-10-22,2563.87,313.87,2647.92,103.27799999999999,103.278,veröffentlicht (Durchschnittskurs bzw. Emissionskurs),1.267595,1.2676,2656.96,9.04,2563.87,323.54,323.54,323.54,323.54,calc,may,Philip Hammond,gb_auctions,566
2019-01-17,2019-01-18,1% Treasury Gilt 2024,Gilt,PAOF,0.01,2024-04-22,2799.4,299.4,2796.88,99.91,99.91,veröffentlicht (Durchschnittskurs bzw. Emissionskurs),1.0175589999999999,1.0176,2803.65,6.77,2799.4,149.72,149.72,149.72,149.72,calc,may,Philip Hammond,gb_auctions,565
2019-01-22,2019-01-23,1¾% Treasury Gilt 2037,Gilt,PAOF,0.0175,2037-09-07,2012.5,262.5,2007.53,99.75299999999999,99.753,veröffentlicht (Durchschnittskurs bzw. Emissionskurs),1.76558,1.7656,2020.95,13.43,2012.5,660.7,660.7,660.7,660.7,calc,may,Philip Hammond,gb_auctions,564
2019-02-14,2019-02-15,1 5/8% Treasury Gilt 2028,Gilt,PAOF,0.01625,2028-10-22,2587.5,337.5,2697.5,104.251,104.251,veröffentlicht (Durchschnittskurs bzw. Emissionskurs),1.159472,1.1595,2710.89,13.4,2587.5,297.07,297.07,297.07,297.07,calc,may,Philip Hammond,gb_auctions,563
2019-02-21,2019-02-22,1¾% Treasury Gilt 2057,Gilt,PAOF,0.0175,2057-07-22,1688.5,188.5,1746.87,103.45700000000001,103.457,veröffentlicht (Durchschnittskurs bzw. Emissionskurs),1.62857,1.6286,1749.4,2.53,1688.5,1076.73,1076.73,1076.73,1076.73,calc,may,Philip Hammond,gb_auctions,562
2019-02-26,2019-02-27,0 1/8% Index-linked Treasury Gilt 2028,IL Gilt,PAOF,0.00125,2028-08-10,1254.57,154.57,1566.74,122.13,122.129726,aus veröffentlichtem Cash-Erlös (geteilt durch Index-Verhältniszahl),-1.991008,-1.991,1566.82,0.08,1961.67,414.4,346.48,483.36,-269.26,proj,may,Philip Hammond,gb_auctions,561
2019-03-06,2019-03-07,1% Treasury Gilt 2024,Gilt,PAOF,0.01,2024-04-22,3414.75,414.75,3420.56,100.17,100.17,veröffentlicht (Durchschnittskurs bzw. Emissionskurs),0.965885,0.9659,3433.31,12.76,3414.75,169.25,169.25,169.25,169.25,calc,may,Philip Hammond,gb_auctions,560
2019-03-14,2019-03-15,1¾% Treasury Gilt 2049,Gilt,PAOF,0.0175,2049-01-22,1725.0,225.0,1729.47,100.259,100.259,veröffentlicht (Durchschnittskurs bzw. Emissionskurs),1.738809,1.7388,1733.8,4.34,1725.0,896.82,896.82,896.82,896.82,calc,may,Philip Hammond,gb_auctions,559
2019-03-26,2019-03-27,0 1/8% Index-linked Treasury Gilt 2048,IL Gilt,AUK,0.00125,2048-08-10,325.0,,615.3,183.562,183.561094,aus veröffentlichtem Cash-Erlös (geteilt durch Index-Verhältniszahl),-1.963911,-1.9639,615.35,0.05,767.33,173.04,-99.24,581.5,-276.28,proj,may,Philip Hammond,gb_auctions,558
2019-04-02,2019-04-03,1% Treasury Gilt 2024,Gilt,PAOF,0.01,2024-04-22,3450.0,450.0,3493.05,101.24799999999999,101.248,veröffentlicht (Durchschnittskurs bzw. Emissionskurs),0.747804,0.7478,3508.5,15.45,3450.0,131.24,131.24,131.24,131.24,calc,may,Philip Hammond,gb_auctions,557
2019-04-09,2019-04-10,1 5/8% Treasury Gilt 2028,Gilt,PAOF,0.01625,2028-10-22,3135.1,385.1,3280.95,104.652,104.652,veröffentlicht (Durchschnittskurs bzw. Emissionskurs),1.109384,1.1094,3304.74,23.79,3135.1,339.82,339.82,339.82,339.82,calc,may,Philip Hammond,gb_auctions,556
2019-04-10,2019-04-11,0 1/8% Index-linked Treasury Gilt 2036,IL Gilt,TEN,0.00125,2036-11-22,300.0,,477.22,145.812,145.858549,aus veröffentlichtem Cash-Erlös (geteilt durch Index-Verhältniszahl),-2.0263329999999997,-2.0263,477.38,0.16,593.37,126.78,18.9,255.58,-146.48,proj,may,Philip Hammond,gb_tenders,51
2019-04-16,2019-04-17,1¾% Treasury Gilt 2037,Gilt,AUK,0.0175,2037-09-07,2250.0,,2285.97,101.59899999999999,101.599,veröffentlicht (Durchschnittskurs bzw. Emissionskurs),1.648802,1.6488,2290.36,4.39,2250.0,688.07,688.07,688.07,688.07,calc,may,Philip Hammond,gb_auctions,555
2019-05-09,2019-05-10,1% Treasury Gilt 2024,Gilt,AUK,0.01,2024-04-22,3000.0,,3021.95,100.73200000000001,100.732,veröffentlicht (Durchschnittskurs bzw. Emissionskurs),0.848685,0.8487,3023.44,1.48,3000.0,126.56,126.56,126.56,126.56,calc,may,Philip Hammond,gb_auctions,554
2019-05-23,2019-05-24,0 1/8% Index-linked Treasury Gilt 2028,IL Gilt,PAOF,0.00125,2028-08-10,1437.5,187.5,1839.6,125.35,125.350204,aus veröffentlichtem Cash-Erlös (geteilt durch Index-Verhältniszahl),-2.32559,-2.3256,1840.12,0.52,2247.7,429.97,352.15,508.98,-355.7,proj,may,Philip Hammond,gb_auctions,553
2019-06-04,2019-06-05,1% Treasury Gilt 2024,Gilt,AUK,0.01,2024-04-22,3000.0,,3055.89,101.863,101.863,veröffentlicht (Durchschnittskurs bzw. Emissionskurs),0.61188,0.6119,3059.5,3.61,3000.0,90.5,90.5,90.5,90.5,calc,may,Philip Hammond,gb_auctions,552
2019-06-12,2019-06-13,0 1/8% Index-linked Treasury Gilt 2048,IL Gilt,AUK,0.00125,2048-08-10,700.0,,1311.49,179.8,179.800497,aus veröffentlichtem Cash-Erlös (geteilt durch Index-Verhältniszahl),-1.907852,-1.9079,1311.8,0.31,1652.7,386.27,-200.17,1266.03,-574.05,proj,may,Philip Hammond,gb_auctions,551
2019-06-18,2019-06-19,0 7/8% Treasury Gilt 2029,Gilt,PAOF,0.00875,2029-10-22,3162.5,412.5,3158.23,99.865,99.865,veröffentlicht (Durchschnittskurs bzw. Emissionskurs),0.8887130000000001,0.8887,3158.23,0.0,3162.5,290.44,290.44,290.44,290.44,calc,may,Philip Hammond,gb_auctions,550
2019-06-25,2019-06-26,1¾% Treasury Gilt 2049,Gilt,AUK,0.0175,2049-01-22,2250.0,,2428.32,107.925,107.925,veröffentlicht (Durchschnittskurs bzw. Emissionskurs),1.420824,1.4208,2445.17,16.86,2250.0,986.08,986.08,986.08,986.08,calc,may,Philip Hammond,gb_auctions,549
2019-07-02,2019-07-03,0 5/8% Treasury Gilt 2025,Gilt,PAOF,0.00625,2025-06-07,3373.1,373.1,3374.05,100.02799999999999,100.028,veröffentlicht (Durchschnittskurs bzw. Emissionskurs),0.620193,0.6202,3374.04,0.0,3373.1,124.05,124.05,124.05,124.05,calc,may,Philip Hammond,gb_auctions,548
2019-07-16,2019-07-17,1¾% Treasury Gilt 2037,Gilt,AUK,0.0175,2037-09-07,2250.0,,2422.6,107.671,107.671,veröffentlicht (Durchschnittskurs bzw. Emissionskurs),1.2749920000000001,1.275,2436.72,14.12,2250.0,541.72,541.72,541.72,541.72,calc,may,Philip Hammond,gb_auctions,547
2019-07-23,2019-07-24,0 7/8% Treasury Gilt 2029,Gilt,PAOF,0.00875,2029-10-22,3162.5,412.5,3189.09,100.84100000000001,100.841,veröffentlicht (Durchschnittskurs bzw. Emissionskurs),0.789398,0.7894,3191.74,2.65,3162.5,256.93,256.93,256.93,256.93,calc,may,Philip Hammond,gb_auctions,546
2019-08-06,2019-08-07,0 5/8% Treasury Gilt 2025,Gilt,AUK,0.00625,2025-06-07,3000.0,,3044.64,101.488,101.488,veröffentlicht (Durchschnittskurs bzw. Emissionskurs),0.366939,0.3669,3046.43,1.79,3000.0,64.74,64.74,64.74,64.74,calc,johnson,Sajid Javid,gb_auctions,545
2019-08-13,2019-08-14,1¾% Treasury Gilt 2049,Gilt,PAOF,0.0175,2049-01-22,2300.0,300.0,2644.73,114.98899999999999,114.989,veröffentlicht (Durchschnittskurs bzw. Emissionskurs),1.148451,1.1485,2647.26,2.52,2300.0,840.11,840.11,840.11,840.11,calc,johnson,Sajid Javid,gb_auctions,544
2019-08-20,2019-08-21,0 1/8% Index-linked Treasury Gilt 2028,IL Gilt,PAOF,0.00125,2028-08-10,1265.0,165.0,1731.23,132.02200000000002,132.021812,aus veröffentlichtem Cash-Erlös (geteilt durch Index-Verhältniszahl),-2.964806,-2.9648,1731.28,0.05,1977.97,265.58,197.1,335.12,-405.94,proj,johnson,Sajid Javid,gb_auctions,543
2019-08-22,2019-08-23,4¼% Treasury Gilt 2046,Gilt,TEN,0.0425,2046-12-07,500.0,,883.25,176.65,176.65,veröffentlicht (Durchschnittskurs bzw. Emissionskurs),1.02354,1.0235,887.72,4.47,500.0,196.65,196.65,196.65,196.65,calc,johnson,Sajid Javid,gb_tenders,50
2019-09-03,2019-09-04,0 5/8% Treasury Gilt 2025,Gilt,AUK,0.00625,2025-06-07,3000.0,,3068.63,102.288,102.288,veröffentlicht (Durchschnittskurs bzw. Emissionskurs),0.224756,0.2248,3071.87,3.23,3000.0,39.3,39.3,39.3,39.3,calc,johnson,Sajid Javid,gb_auctions,542
2019-09-05,2019-09-06,0 7/8% Treasury Gilt 2029,Gilt,AUK,0.00875,2029-10-22,2750.0,,2838.41,103.215,103.215,veröffentlicht (Durchschnittskurs bzw. Emissionskurs),0.548161,0.5482,2843.61,5.19,2750.0,155.24,155.24,155.24,155.24,calc,johnson,Sajid Javid,gb_auctions,541
2019-09-24,2019-09-25,0 1/8% Index-linked Treasury Gilt 2048,IL Gilt,PAOF,0.00125,2048-08-10,575.0,75.0,1162.85,191.95,191.949944,aus veröffentlichtem Cash-Erlös (geteilt durch Index-Verhältniszahl),-2.154349,-2.1543,1162.94,0.09,1357.56,231.51,-250.2,954.17,-550.66,proj,johnson,Sajid Javid,gb_auctions,540
2019-10-01,2019-10-02,1¾% Treasury Gilt 2037,Gilt,AUK,0.0175,2037-09-07,2250.0,,2550.88,113.37200000000001,113.372,veröffentlicht (Durchschnittskurs bzw. Emissionskurs),0.9380329999999999,0.938,2553.57,2.7,2250.0,405.18,405.18,405.18,405.18,calc,johnson,Sajid Javid,gb_auctions,539
2019-10-08,2019-10-09,0 1/8% Index-linked Treasury Gilt 2036,IL Gilt,PAOF,0.00125,2036-11-22,920.0,120.0,1624.65,158.3,158.349347,aus veröffentlichtem Cash-Erlös (geteilt durch Index-Verhältniszahl),-2.565614,-2.5656,1625.14,0.49,1819.66,226.98,-103.84,621.97,-588.36,proj,johnson,Sajid Javid,gb_auctions,538
2019-10-15,2019-10-16,0 7/8% Treasury Gilt 2029,Gilt,PAOF,0.00875,2029-10-22,3162.5,412.5,3236.57,102.34200000000001,102.342,veröffentlicht (Durchschnittskurs bzw. Emissionskurs),0.633321,0.6333,3236.11,-0.45,3162.5,203.11,203.11,203.11,203.11,calc,johnson,Sajid Javid,gb_auctions,537
2019-10-22,2019-10-23,0 5/8% Treasury Gilt 2025,Gilt,PAOF,0.00625,2025-06-07,3450.0,450.0,3467.25,100.5,100.5,veröffentlicht (Durchschnittskurs bzw. Emissionskurs),0.534608,0.5346,3473.85,6.6,3450.0,103.99,103.99,103.99,103.99,calc,johnson,Sajid Javid,gb_auctions,536
2019-10-29,2019-10-30,0 1/8% Index-linked Treasury Gilt 2028,IL Gilt,AUK,0.00125,2028-08-10,1100.0,,1443.87,125.712,125.711982,aus veröffentlichtem Cash-Erlös (geteilt durch Index-Verhältniszahl),-2.478323,-2.4783,1444.19,0.32,1719.98,292.22,232.67,352.68,-283.45,proj,johnson,Sajid Javid,gb_auctions,535
2019-11-05,2019-11-06,0 7/8% Treasury Gilt 2029,Gilt,PAOF,0.00875,2029-10-22,2820.25,70.25,2858.18,101.345,101.345,veröffentlicht (Durchschnittskurs bzw. Emissionskurs),0.734691,0.7347,2859.19,1.01,2820.25,207.83,207.83,207.83,207.83,calc,johnson,Sajid Javid,gb_auctions,534
2019-11-14,2019-11-15,1¾% Treasury Gilt 2049,Gilt,PAOF,0.0175,2049-01-22,2356.68,106.67,2641.39,112.081,112.081,veröffentlicht (Durchschnittskurs bzw. Emissionskurs),1.2543600000000001,1.2544,2654.39,13.0,2356.68,918.92,918.92,918.92,918.92,calc,johnson,Sajid Javid,gb_auctions,533
2019-11-26,2019-11-27,0 5/8% Treasury Gilt 2025,Gilt,PAOF,0.00625,2025-06-07,3449.92,449.92,3475.08,100.729,100.729,veröffentlicht (Durchschnittskurs bzw. Emissionskurs),0.491147,0.4911,3483.73,8.66,3449.92,94.03,94.03,94.03,94.03,calc,johnson,Sajid Javid,gb_auctions,532
2019-12-03,2019-12-04,0 7/8% Treasury Gilt 2029,Gilt,PAOF,0.00875,2029-10-22,3162.5,412.5,3203.78,101.305,101.305,veröffentlicht (Durchschnittskurs bzw. Emissionskurs),0.7378170000000001,0.7378,3207.02,3.25,3162.5,232.2,232.2,232.2,232.2,calc,johnson,Sajid Javid,gb_auctions,531
2019-12-05,2019-12-06,1¾% Treasury Gilt 2049,Gilt,PAOF,0.0175,2049-01-22,2082.45,82.45,2314.82,111.15799999999999,111.158,veröffentlicht (Durchschnittskurs bzw. Emissionskurs),1.2892679999999999,1.2893,2328.38,13.57,2082.45,829.14,829.14,829.14,829.14,calc,johnson,Sajid Javid,gb_auctions,530
2019-12-11,2019-12-12,0 1/8% Index-linked Treasury Gilt 2048,IL Gilt,AUK,0.00125,2048-08-10,500.0,,919.89,173.86,173.859384,aus veröffentlichtem Cash-Erlös (geteilt durch Index-Verhältniszahl),-1.8248840000000002,-1.8249,920.11,0.22,1180.5,292.46,-126.42,920.87,-385.38,proj,johnson,Sajid Javid,gb_auctions,529
2019-12-17,2019-12-18,2% Treasury Gilt 2025,Gilt,PAOF,0.02,2025-09-07,3162.5,412.5,3418.29,108.088,108.088,veröffentlicht (Durchschnittskurs bzw. Emissionskurs),0.561103,0.5611,3436.0,17.72,3162.5,105.99,105.99,105.99,105.99,calc,johnson,Sajid Javid,gb_auctions,528
2020-01-07,2020-01-08,0 7/8% Treasury Gilt 2029,Gilt,PAOF,0.00875,2029-10-22,3162.5,412.5,3186.48,100.758,100.758,veröffentlicht (Durchschnittskurs bzw. Emissionskurs),0.794324,0.7943,3192.37,5.9,3162.5,246.85,246.85,246.85,246.85,calc,johnson,Sajid Javid,gb_auctions,527
2020-01-09,2020-01-10,0 1/8% Index-linked Treasury Gilt 2028,IL Gilt,PAOF,0.00125,2028-08-10,1056.04,56.04,1369.94,124.662,124.662094,aus veröffentlichtem Cash-Erlös (geteilt durch Index-Verhältniszahl),-2.440051,-2.4401,1370.51,0.57,1651.24,296.5,239.32,354.54,-259.89,proj,johnson,Sajid Javid,gb_auctions,526
2020-01-14,2020-01-15,0 5/8% Treasury Gilt 2025,Gilt,AUK,0.00625,2025-06-07,3250.0,,3265.34,100.47200000000001,100.472,veröffentlicht (Durchschnittskurs bzw. Emissionskurs),0.536085,0.5361,3267.5,2.16,3250.0,94.21,94.21,94.21,94.21,calc,johnson,Sajid Javid,gb_auctions,525
2020-01-21,2020-01-22,1¼ % Treasury Gilt 2041,Gilt,PAOF,0.0125,2041-10-22,2545.87,295.87,2588.23,101.664,101.664,veröffentlicht (Durchschnittskurs bzw. Emissionskurs),1.163206,1.1632,2588.24,0.0,2545.87,649.75,649.75,649.75,649.75,calc,johnson,Sajid Javid,gb_auctions,524
2020-01-23,2020-01-24,0 1/8% Index-linked Treasury Gilt 2048,IL Gilt,TEN,0.00125,2048-08-10,250.0,,477.37,180.41,180.410238,aus veröffentlichtem Cash-Erlös (geteilt durch Index-Verhältniszahl),-1.962588,-1.9626,477.52,0.15,590.25,128.77,-80.67,442.97,-210.1,proj,johnson,Sajid Javid,gb_tenders,49
2020-01-28,2020-01-29,0 7/8% Treasury Gilt 2029,Gilt,AUK,0.00875,2029-10-22,2750.0,,2847.8,103.556,103.556,veröffentlicht (Durchschnittskurs bzw. Emissionskurs),0.5000789999999999,0.5001,2854.3,6.51,2750.0,136.33,136.33,136.33,136.33,calc,johnson,Sajid Javid,gb_auctions,523
2020-02-04,2020-02-05,0 1/8% Index-linked Treasury Gilt 2036,IL Gilt,AUK,0.00125,2036-11-22,800.0,,1335.59,149.112,149.158603,aus veröffentlichtem Cash-Erlös (geteilt durch Index-Verhältniszahl),-2.2625219999999997,-2.2625,1335.82,0.23,1582.32,274.16,-13.51,617.63,-431.59,proj,johnson,Sajid Javid,gb_auctions,522
2020-02-20,2020-02-21,1½% Treasury Gilt 2026,Gilt,PAOF,0.015,2026-07-22,3269.88,19.88,3490.01,106.73200000000001,106.732,veröffentlicht (Durchschnittskurs bzw. Emissionskurs),0.43513399999999997,0.4351,3494.05,4.04,3269.88,94.64,94.64,94.64,94.64,calc,johnson,Rishi Sunak,gb_auctions,521
2020-02-25,2020-02-26,0 7/8% Treasury Gilt 2029,Gilt,PAOF,0.00875,2029-10-22,3441.97,191.97,3559.44,103.413,103.413,veröffentlicht (Durchschnittskurs bzw. Emissionskurs),0.512154,0.5122,3569.9,10.45,3441.97,173.25,173.25,173.25,173.25,calc,johnson,Rishi Sunak,gb_auctions,520
2020-02-27,2020-02-28,1¾% Treasury Gilt 2057,Gilt,TEN,0.0175,2057-07-22,400.0,,513.92,128.48,128.48,veröffentlicht (Durchschnittskurs bzw. Emissionskurs),0.85812,0.8581,514.63,0.71,400.0,147.87,147.87,147.87,147.87,calc,johnson,Rishi Sunak,gb_tenders,48
2020-03-04,2020-03-05,0 5/8% Treasury Gilt 2025,Gilt,AUK,0.00625,2025-06-07,3500.0,,3573.7,102.10600000000001,102.106,veröffentlicht (Durchschnittskurs bzw. Emissionskurs),0.221808,0.2218,3579.03,5.32,3500.0,41.28,41.28,41.28,41.28,calc,johnson,Rishi Sunak,gb_auctions,519
2020-03-05,2020-03-06,0 1/8% Index-linked Treasury Gilt 2028,IL Gilt,PAOF,0.00125,2028-08-10,1244.24,144.24,1653.53,127.22,127.219721,aus veröffentlichtem Cash-Erlös (geteilt durch Index-Verhältniszahl),-2.7248270000000003,-2.7248,1653.64,0.11,1945.52,309.64,242.28,378.03,-340.93,proj,johnson,Rishi Sunak,gb_auctions,518
2020-03-10,2020-03-11,4¾% Treasury Gilt 2030,Gilt,PAOF,0.0475,2030-12-07,2587.49,337.49,3801.23,146.908,146.908,veröffentlicht (Durchschnittskurs bzw. Emissionskurs),0.306829,0.3068,3833.13,31.9,2587.49,106.32,106.32,106.32,106.32,calc,johnson,Rishi Sunak,gb_auctions,517
2020-03-17,2020-03-18,1¾% Treasury Gilt 2049,Gilt,PAOF,0.0175,2049-01-22,2300.0,300.0,2713.2,117.965,117.965,veröffentlicht (Durchschnittskurs bzw. Emissionskurs),1.028645,1.0286,2719.39,6.19,2300.0,747.86,747.86,747.86,747.86,calc,johnson,Rishi Sunak,gb_auctions,516
2020-03-19,2020-03-20,0 5/8% Treasury Gilt 2025,Gilt,AUK,0.00625,2025-06-07,3250.0,,3247.54,99.92399999999999,99.924,veröffentlicht (Durchschnittskurs bzw. Emissionskurs),0.639815,0.6398,3253.3,5.77,3250.0,108.42,108.42,108.42,108.42,calc,johnson,Rishi Sunak,gb_auctions,515
2020-04-01,2020-04-02,1 5/8% Treasury Gilt 2028,Gilt,TEN,0.01625,2028-10-22,3000.0,,3361.31,112.044,112.044,veröffentlicht (Durchschnittskurs bzw. Emissionskurs),0.204079,0.2041,3383.03,21.71,3000.0,55.72,55.72,55.72,55.72,calc,johnson,Rishi Sunak,gb_tenders,47
2020-04-02,2020-04-03,1¼ % Treasury Gilt 2041,Gilt,PAOF,0.0125,2041-10-22,2300.0,300.0,2504.42,108.88799999999999,108.888,veröffentlicht (Durchschnittskurs bzw. Emissionskurs),0.800196,0.8002,2510.08,5.66,2300.0,415.19,415.19,415.19,415.19,calc,johnson,Rishi Sunak,gb_auctions,514
2020-04-07,2020-04-08,0 1/8% Treasury Gilt 2023,Gilt,PAOF,0.00125,2023-01-31,4062.5,812.5,4053.48,99.77799999999999,99.778,veröffentlicht (Durchschnittskurs bzw. Emissionskurs),0.20418399999999998,0.2042,4054.43,0.95,4062.5,23.3,23.3,23.3,23.3,calc,johnson,Rishi Sunak,gb_auctions,512
2020-04-07,2020-04-08,1¾% Treasury Gilt 2057,Gilt,PAOF,0.0175,2057-07-22,1562.5,312.5,2088.77,133.68200000000002,133.682,veröffentlicht (Durchschnittskurs bzw. Emissionskurs),0.718664,0.7187,2094.56,5.78,1562.5,493.32,493.32,493.32,493.32,calc,johnson,Rishi Sunak,gb_auctions,513
2020-04-08,2020-04-09,2% Treasury Gilt 2025,Gilt,AUK,0.02,2025-09-07,2750.0,,3028.89,110.141,110.141,veröffentlicht (Durchschnittskurs bzw. Emissionskurs),0.11901400000000001,0.119,3033.81,4.93,2750.0,18.69,18.69,18.69,18.69,calc,johnson,Rishi Sunak,gb_auctions,510
2020-04-08,2020-04-09,4¾% Treasury Gilt 2030,Gilt,PAOF,0.0475,2030-12-07,2092.5,92.5,3048.0,145.66299999999998,145.663,veröffentlicht (Durchschnittskurs bzw. Emissionskurs),0.37632899999999997,0.3763,3081.67,33.67,2092.5,104.16,104.16,104.16,104.16,calc,johnson,Rishi Sunak,gb_auctions,511
2020-04-15,2020-04-16,0 7/8% Treasury Gilt 2029,Gilt,PAOF,0.00875,2029-10-22,3676.25,676.25,3885.28,105.686,105.686,veröffentlicht (Durchschnittskurs bzw. Emissionskurs),0.269411,0.2694,3884.75,-0.53,3676.25,97.08,97.08,97.08,97.08,calc,johnson,Rishi Sunak,gb_auctions,508
2020-04-15,2020-04-16,1¾% Treasury Gilt 2037,Gilt,PAOF,0.0175,2037-09-07,2313.75,313.75,2741.86,118.50299999999999,118.503,veröffentlicht (Durchschnittskurs bzw. Emissionskurs),0.625486,0.6255,2746.26,4.4,2313.75,276.07,276.07,276.07,276.07,calc,johnson,Rishi Sunak,gb_auctions,509
2020-04-16,2020-04-17,1½% Treasury Gilt 2026,Gilt,PAOF,0.015,2026-07-22,3648.75,648.75,3963.57,108.62799999999999,108.628,veröffentlicht (Durchschnittskurs bzw. Emissionskurs),0.117079,0.1171,3976.5,12.93,3648.75,28.01,28.01,28.01,28.01,calc,johnson,Rishi Sunak,gb_auctions,506
2020-04-16,2020-04-17,1¾% Treasury Gilt 2049,Gilt,PAOF,0.0175,2049-01-22,2500.0,500.0,3200.65,128.026,128.026,veröffentlicht (Durchschnittskurs bzw. Emissionskurs),0.676172,0.6762,3210.98,10.34,2500.0,557.76,557.76,557.76,557.76,calc,johnson,Rishi Sunak,gb_auctions,507
2020-04-21,2020-04-22,0 5/8% Treasury Gilt 2025,Gilt,PAOF,0.00625,2025-06-07,4062.5,812.5,4157.21,102.331,102.331,veröffentlicht (Durchschnittskurs bzw. Emissionskurs),0.168074,0.1681,4166.7,9.5,4062.5,35.45,35.45,35.45,35.45,calc,johnson,Rishi Sunak,gb_auctions,504
2020-04-21,2020-04-22,1 5/8% Treasury Gilt 2054,Gilt,PAOF,0.01625,2054-10-22,1875.0,375.0,2484.26,132.494,132.494,veröffentlicht (Durchschnittskurs bzw. Emissionskurs),0.583752,0.5838,2484.26,0.0,1875.0,441.91,441.91,441.91,441.91,calc,johnson,Rishi Sunak,gb_auctions,505
2020-04-22,2020-04-23,1% Treasury Gilt 2024,Gilt,PAOF,0.01,2024-04-22,3671.48,421.48,3799.74,103.494,103.494,veröffentlicht (Durchschnittskurs bzw. Emissionskurs),0.123474,0.1235,3799.86,0.1,3671.48,18.48,18.48,18.48,18.48,calc,johnson,Rishi Sunak,gb_auctions,502
2020-04-22,2020-04-23,1¼% Treasury Gilt 2027,Gilt,PAOF,0.0125,2027-07-22,3141.0,141.0,3387.56,107.85,107.85,veröffentlicht (Durchschnittskurs bzw. Emissionskurs),0.16009299999999999,0.1601,3397.49,9.92,3141.0,37.98,37.98,37.98,37.98,calc,johnson,Rishi Sunak,gb_auctions,503
2020-04-28,2020-04-29,0 1/8% Index-linked Treasury Gilt 2028,IL Gilt,PAOF,0.00125,2028-08-10,1500.0,300.0,1951.01,124.42,124.419996,aus veröffentlichtem Cash-Erlös (geteilt durch Index-Verhältniszahl),-2.508998,-2.509,1951.44,0.43,2345.43,415.41,334.2,497.86,-367.71,proj,johnson,Rishi Sunak,gb_auctions,500
2020-04-28,2020-04-29,0 7/8% Treasury Gilt 2029,Gilt,PAOF,0.00875,2029-10-22,3750.0,750.0,3965.39,105.744,105.744,veröffentlicht (Durchschnittskurs bzw. Emissionskurs),0.261219,0.2612,3966.03,0.63,3750.0,95.69,95.69,95.69,95.69,calc,johnson,Rishi Sunak,gb_auctions,501
2020-04-29,2020-04-30,1¾% Treasury Gilt 2049,Gilt,PAOF,0.0175,2049-01-22,2152.5,152.5,2797.17,129.95,129.95,veröffentlicht (Durchschnittskurs bzw. Emissionskurs),0.611595,0.6116,2807.42,10.25,2152.5,437.47,437.47,437.47,437.47,calc,johnson,Rishi Sunak,gb_auctions,499
2020-04-29,2020-04-30,2¾% Treasury Gilt 2024,Gilt,PAOF,0.0275,2024-09-07,3616.38,616.38,4032.03,111.494,111.494,veröffentlicht (Durchschnittskurs bzw. Emissionskurs),0.103056,0.1031,4046.63,14.59,3616.38,17.27,17.27,17.27,17.27,calc,johnson,Rishi Sunak,gb_auctions,498
2020-05-05,2020-05-06,1 5/8% Treasury Gilt 2028,Gilt,AUK,0.01625,2028-10-22,3000.0,,3382.2,112.74,112.74,veröffentlicht (Durchschnittskurs bzw. Emissionskurs),0.111843,0.1118,3384.06,1.86,3000.0,30.31,30.31,30.31,30.31,calc,johnson,Rishi Sunak,gb_auctions,497
2020-05-05,2020-05-06,2% Treasury Gilt 2025,Gilt,PAOF,0.02,2025-09-07,4062.5,812.5,4492.18,110.57700000000001,110.577,veröffentlicht (Durchschnittskurs bzw. Emissionskurs),0.017164,0.0172,4505.44,13.25,4062.5,3.94,3.94,3.94,3.94,calc,johnson,Rishi Sunak,gb_auctions,496
2020-05-06,2020-05-07,0 1/8% Treasury Gilt 2023,Gilt,PAOF,0.00125,2023-01-31,3897.96,147.96,3900.53,100.066,100.066,veröffentlicht (Durchschnittskurs bzw. Emissionskurs),0.100816,0.1008,3901.83,1.3,3897.96,10.75,10.75,10.75,10.75,calc,johnson,Rishi Sunak,gb_auctions,494
2020-05-06,2020-05-07,1 5/8% Treasury Gilt 2054,Gilt,AUK,0.01625,2054-10-22,1750.0,,2376.02,135.773,135.773,veröffentlicht (Durchschnittskurs bzw. Emissionskurs),0.494606,0.4946,2377.19,1.17,1750.0,353.9,353.9,353.9,353.9,calc,johnson,Rishi Sunak,gb_auctions,495
2020-05-13,2020-05-14,0 1/8% Index-linked Treasury Gilt 2048,IL Gilt,PAOF,0.00125,2048-08-10,745.85,145.85,1506.05,189.862,189.862044,aus veröffentlichtem Cash-Erlös (geteilt durch Index-Verhältniszahl),-2.165674,-2.1657,1506.31,0.26,1760.95,302.0,-322.84,1239.39,-705.17,proj,johnson,Rishi Sunak,gb_auctions,493
2020-05-14,2020-05-15,0 5/8% Treasury Gilt 2025,Gilt,AUK,0.00625,2025-06-07,3250.0,,3346.63,102.973,102.973,veröffentlicht (Durchschnittskurs bzw. Emissionskurs),0.037172000000000004,0.0372,3355.5,8.88,3250.0,6.22,6.22,6.22,6.22,calc,johnson,Rishi Sunak,gb_auctions,491
2020-05-14,2020-05-15,1¼ % Treasury Gilt 2041,Gilt,AUK,0.0125,2041-10-22,2250.0,,2546.5,113.178,113.178,veröffentlicht (Durchschnittskurs bzw. Emissionskurs),0.594362,0.5944,2548.27,1.77,2250.0,306.42,306.42,306.42,306.42,calc,johnson,Rishi Sunak,gb_auctions,492
2020-05-20,2020-05-21,0¾% Treasury Gilt 2023,Gilt,PAOF,0.0075,2023-07-22,3869.62,119.62,3962.02,102.38799999999999,102.388,veröffentlicht (Durchschnittskurs bzw. Emissionskurs),-0.00319,-0.0032,3971.6,9.57,3869.62,-0.4,-0.4,-0.4,-0.4,calc,johnson,Rishi Sunak,gb_auctions,490
2020-05-21,2020-05-22,0 1/8% Index-linked Treasury Gilt 2028,IL Gilt,PAOF,0.00125,2028-08-10,1562.5,312.5,2083.26,127.322,127.321688,aus veröffentlichtem Cash-Erlös (geteilt durch Index-Verhältniszahl),-2.8069240000000004,-2.8069,2083.83,0.57,2443.15,381.63,297.04,467.52,-431.32,proj,johnson,Rishi Sunak,gb_auctions,488
2020-05-21,2020-05-22,4¼% Treasury Stock 2032,Gilt,PAOF,0.0425,2032-06-07,2500.0,500.0,3659.4,146.376,146.376,veröffentlicht (Durchschnittskurs bzw. Emissionskurs),0.321279,0.3213,3707.88,48.48,2500.0,120.24,120.24,120.24,120.24,calc,johnson,Rishi Sunak,gb_auctions,489
2020-05-27,2020-05-28,0 1/8% Treasury Gilt 2023,Gilt,AUK,0.00125,2023-01-31,3750.0,,3759.49,100.25299999999999,100.253,veröffentlicht (Durchschnittskurs bzw. Emissionskurs),0.030404,0.0304,3761.01,1.52,3750.0,3.06,3.06,3.06,3.06,calc,johnson,Rishi Sunak,gb_auctions,486
2020-05-27,2020-05-28,1¾% Treasury Gilt 2057,Gilt,PAOF,0.0175,2057-07-22,1785.5,285.5,2509.13,140.528,140.528,veröffentlicht (Durchschnittskurs bzw. Emissionskurs),0.5437299999999999,0.5437,2520.03,10.9,1785.5,437.2,437.2,437.2,437.2,calc,johnson,Rishi Sunak,gb_auctions,487
2020-05-28,2020-05-29,1¼% Treasury Gilt 2027,Gilt,PAOF,0.0125,2027-07-22,2927.5,177.5,3183.69,108.751,108.751,veröffentlicht (Durchschnittskurs bzw. Emissionskurs),0.024645999999999998,0.0246,3196.55,12.87,2927.5,5.4,5.4,5.4,5.4,calc,johnson,Rishi Sunak,gb_auctions,484
2020-05-28,2020-05-29,1¾% Treasury Gilt 2049,Gilt,PAOF,0.0175,2049-01-22,2357.75,357.75,3067.21,130.091,130.091,veröffentlicht (Durchschnittskurs bzw. Emissionskurs),0.604479,0.6045,3081.73,14.51,2357.75,472.58,472.58,472.58,472.58,calc,johnson,Rishi Sunak,gb_auctions,485
2020-06-02,2020-06-03,0 1/8% Treasury Gilt 2026,Gilt,PAOF,0.00125,2026-01-30,3328.75,78.75,3343.2,100.434,100.434,veröffentlicht (Durchschnittskurs bzw. Emissionskurs),0.048160999999999995,0.0482,3344.63,1.43,3328.75,9.09,9.09,9.09,9.09,calc,johnson,Rishi Sunak,gb_auctions,482
2020-06-02,2020-06-03,0 3/8% Treasury Gilt 2030,Gilt,PAOF,0.00375,2030-10-22,3750.0,750.0,3793.99,101.17299999999999,101.173,veröffentlicht (Durchschnittskurs bzw. Emissionskurs),0.260443,0.2604,3795.6,1.61,3750.0,102.05,102.05,102.05,102.05,calc,johnson,Rishi Sunak,gb_auctions,483
2020-06-03,2020-06-04,1 5/8% Treasury Gilt 2054,Gilt,AUK,0.01625,2054-10-22,1500.0,,1970.29,131.35299999999998,131.353,veröffentlicht (Durchschnittskurs bzw. Emissionskurs),0.612353,0.6124,1973.16,2.86,1500.0,367.78,367.78,367.78,367.78,calc,johnson,Rishi Sunak,gb_auctions,481
2020-06-03,2020-06-04,2¼% Treasury Gilt 2023,Gilt,PAOF,0.0225,2023-09-07,3941.25,691.25,4230.42,107.337,107.337,veröffentlicht (Durchschnittskurs bzw. Emissionskurs),-0.001813,-0.0018,4251.87,21.45,3941.25,-0.24,-0.24,-0.24,-0.24,calc,johnson,Rishi Sunak,gb_auctions,480
2020-06-10,2020-06-11,0 1/8% Index-linked Treasury Gilt 2036,IL Gilt,AUK,0.00125,2036-11-22,900.0,,1570.59,155.079,155.128274,aus veröffentlichtem Cash-Erlös (geteilt durch Index-Verhältniszahl),-2.5497989999999997,-2.5498,1570.66,0.07,1780.11,239.94,-83.69,626.34,-548.92,proj,johnson,Rishi Sunak,gb_auctions,479
2020-06-11,2020-06-12,0 1/8% Treasury Gilt 2028,Gilt,PAOF,0.00125,2028-01-31,4036.62,786.62,4040.77,100.103,100.103,veröffentlicht (Durchschnittskurs bzw. Emissionskurs),0.111447,0.1114,4042.63,1.84,4036.62,34.36,34.36,34.36,34.36,calc,johnson,Rishi Sunak,gb_auctions,478
2020-06-11,2020-06-12,1% Treasury Gilt 2024,Gilt,AUK,0.01,2024-04-22,3250.0,,3380.74,104.023,104.023,veröffentlicht (Durchschnittskurs bzw. Emissionskurs),-0.041114,-0.0411,3385.28,4.53,3250.0,-5.28,-5.28,-5.28,-5.28,calc,johnson,Rishi Sunak,gb_auctions,477
2020-06-16,2020-06-17,1½% Treasury Gilt 2026,Gilt,PAOF,0.015,2026-07-22,3716.25,716.25,4052.39,109.045,109.045,veröffentlicht (Durchschnittskurs bzw. Emissionskurs),0.015517000000000001,0.0155,4074.9,22.51,3716.25,3.69,3.69,3.69,3.69,calc,johnson,Rishi Sunak,gb_auctions,475
2020-06-16,2020-06-17,4¾% Treasury Gilt 2030,Gilt,AUK,0.0475,2030-12-07,2000.0,,2936.48,146.82399999999998,146.824,veröffentlicht (Durchschnittskurs bzw. Emissionskurs),0.223823,0.2238,2939.08,2.6,2000.0,58.42,58.42,58.42,58.42,calc,johnson,Rishi Sunak,gb_auctions,476
2020-06-17,2020-06-18,0 1/8% Treasury Gilt 2023,Gilt,PAOF,0.00125,2023-01-31,4260.75,510.75,4272.39,100.273,100.273,veröffentlicht (Durchschnittskurs bzw. Emissionskurs),0.020693000000000003,0.0207,4274.41,2.03,4260.75,2.31,2.31,2.31,2.31,calc,johnson,Rishi Sunak,gb_auctions,473
2020-06-17,2020-06-18,1¼ % Treasury Gilt 2041,Gilt,PAOF,0.0125,2041-10-22,2812.5,562.5,3180.58,113.087,113.087,veröffentlicht (Durchschnittskurs bzw. Emissionskurs),0.596106,0.5961,3186.05,5.48,2812.5,382.31,382.31,382.31,382.31,calc,johnson,Rishi Sunak,gb_auctions,474
2020-06-23,2020-06-24,0 1/8% Treasury Gilt 2026,Gilt,AUK,0.00125,2026-01-30,3250.0,,3267.06,100.525,100.525,veröffentlicht (Durchschnittskurs bzw. Emissionskurs),0.031142,0.0311,3268.69,1.63,3250.0,5.68,5.68,5.68,5.68,calc,johnson,Rishi Sunak,gb_auctions,471
2020-06-23,2020-06-24,0 3/8% Treasury Gilt 2030,Gilt,PAOF,0.00375,2030-10-22,3628.75,628.75,3675.2,101.28,101.28,veröffentlicht (Durchschnittskurs bzw. Emissionskurs),0.24938300000000002,0.2494,3677.54,2.34,3628.75,94.09,94.09,94.09,94.09,calc,johnson,Rishi Sunak,gb_auctions,472
2020-06-24,2020-06-25,1 5/8% Treasury Gilt 2054,Gilt,PAOF,0.01625,2054-10-22,1768.25,268.25,2295.54,129.82,129.82,veröffentlicht (Durchschnittskurs bzw. Emissionskurs),0.6537149999999999,0.6537,2300.57,5.02,1768.25,459.01,459.01,459.01,459.01,calc,johnson,Rishi Sunak,gb_auctions,470
2020-06-24,2020-06-25,2¾% Treasury Gilt 2024,Gilt,AUK,0.0275,2024-09-07,3250.0,,3631.29,111.73200000000001,111.732,veröffentlicht (Durchschnittskurs bzw. Emissionskurs),-0.039979,-0.04,3658.01,26.72,3250.0,-5.82,-5.82,-5.82,-5.82,calc,johnson,Rishi Sunak,gb_auctions,469
2020-06-25,2020-06-26,0 1/8% Index-linked Treasury Gilt 2029,IL Gilt,PAOF,0.00125,2029-03-22,1229.58,129.58,1956.64,129.121,129.139841,aus veröffentlichtem Cash-Erlös (geteilt durch Index-Verhältniszahl),-2.7937790000000002,-2.7938,1957.13,0.49,2288.49,353.5,247.52,462.42,-426.86,proj,johnson,Rishi Sunak,gb_auctions,468
2020-07-01,2020-07-02,0 1/8% Treasury Gilt 2028,Gilt,AUK,0.00125,2028-01-31,3000.0,,3004.75,100.15799999999999,100.158,veröffentlicht (Durchschnittskurs bzw. Emissionskurs),0.10406599999999999,0.1041,3006.32,1.58,3000.0,23.68,23.68,23.68,23.68,calc,johnson,Rishi Sunak,gb_auctions,466
2020-07-01,2020-07-02,0 5/8% Treasury Gilt 2050,Gilt,PAOF,0.00625,2050-10-22,2786.0,536.0,2753.35,98.82799999999999,98.828,veröffentlicht (Durchschnittskurs bzw. Emissionskurs),0.667783,0.6678,2753.35,0.0,2786.0,560.36,560.36,560.36,560.36,calc,johnson,Rishi Sunak,gb_auctions,467
2020-07-02,2020-07-03,0 5/8% Treasury Gilt 2025,Gilt,PAOF,0.00625,2025-06-07,4261.19,761.2,4399.57,103.24700000000001,103.247,veröffentlicht (Durchschnittskurs bzw. Emissionskurs),-0.033166,-0.0332,4401.45,1.89,4261.19,-7.09,-7.09,-7.09,-7.09,calc,johnson,Rishi Sunak,gb_auctions,464
2020-07-02,2020-07-03,4½% Treasury Gilt 2034,Gilt,PAOF,0.045,2034-09-07,2329.25,329.25,3641.08,156.32,156.32,veröffentlicht (Durchschnittskurs bzw. Emissionskurs),0.40795200000000004,0.408,3674.69,33.61,2329.25,174.39,174.39,174.39,174.39,calc,johnson,Rishi Sunak,gb_auctions,465
2020-07-07,2020-07-08,0 1/8% Treasury Gilt 2023,Gilt,AUK,0.00125,2023-01-31,3750.0,,3765.34,100.40899999999999,100.409,veröffentlicht (Durchschnittskurs bzw. Emissionskurs),-0.034483,-0.0345,3767.39,2.05,3750.0,-3.32,-3.32,-3.32,-3.32,calc,johnson,Rishi Sunak,gb_auctions,462
2020-07-07,2020-07-08,1¼ % Treasury Gilt 2041,Gilt,PAOF,0.0125,2041-10-22,2812.5,562.5,3161.5,112.40899999999999,112.409,veröffentlicht (Durchschnittskurs bzw. Emissionskurs),0.626477,0.6265,3168.9,7.4,2812.5,399.46,399.46,399.46,399.46,calc,johnson,Rishi Sunak,gb_auctions,463
2020-07-09,2020-07-10,0 1/8% Index-linked Treasury Gilt 2041,IL Gilt,PAOF,0.00125,2041-08-10,1062.85,162.85,1898.69,171.05,171.050182,aus veröffentlichtem Cash-Erlös (geteilt durch Index-Verhältniszahl),-2.433637,-2.4336,1899.27,0.58,2143.5,290.23,-258.49,1008.5,-778.2,proj,johnson,Rishi Sunak,gb_auctions,461
2020-07-14,2020-07-15,0 1/8% Treasury Gilt 2026,Gilt,PAOF,0.00125,2026-01-30,3834.09,584.1,3864.23,100.786,100.786,veröffentlicht (Durchschnittskurs bzw. Emissionskurs),-0.016774,-0.0168,3866.43,2.2,3834.09,-3.58,-3.58,-3.58,-3.58,calc,johnson,Rishi Sunak,gb_auctions,459
2020-07-14,2020-07-15,0 3/8% Treasury Gilt 2030,Gilt,PAOF,0.00375,2030-10-22,3750.0,750.0,3817.88,101.81,101.81,veröffentlicht (Durchschnittskurs bzw. Emissionskurs),0.196891,0.1969,3821.1,3.23,3750.0,76.55,76.55,76.55,76.55,calc,johnson,Rishi Sunak,gb_auctions,460
2020-07-15,2020-07-16,1¾% Treasury Gilt 2057,Gilt,AUK,0.0175,2057-07-22,1500.0,,2067.14,137.809,137.809,veröffentlicht (Durchschnittskurs bzw. Emissionskurs),0.607833,0.6078,2066.7,-0.43,1500.0,404.55,404.55,404.55,404.55,calc,johnson,Rishi Sunak,gb_auctions,458
2020-07-15,2020-07-16,2¼% Treasury Gilt 2023,Gilt,AUK,0.0225,2023-09-07,3250.0,,3487.21,107.29899999999999,107.299,veröffentlicht (Durchschnittskurs bzw. Emissionskurs),-0.068634,-0.0686,3513.25,26.03,3250.0,-7.31,-7.31,-7.31,-7.31,calc,johnson,Rishi Sunak,gb_auctions,457
2020-07-21,2020-07-22,0 5/8% Treasury Gilt 2050,Gilt,PAOF,0.00625,2050-10-22,2711.0,461.0,2667.85,98.40799999999999,98.408,veröffentlicht (Durchschnittskurs bzw. Emissionskurs),0.683342,0.6833,2668.77,0.93,2711.0,555.73,555.73,555.73,555.73,calc,johnson,Rishi Sunak,gb_auctions,456
2020-07-21,2020-07-22,1½% Treasury Gilt 2026,Gilt,PAOF,0.015,2026-07-22,3750.0,750.0,4102.69,109.405,109.405,veröffentlicht (Durchschnittskurs bzw. Emissionskurs),-0.06423,-0.0642,4102.69,0.0,3750.0,-15.19,-15.19,-15.19,-15.19,calc,johnson,Rishi Sunak,gb_auctions,455
2020-07-22,2020-07-23,0 1/8% Treasury Gilt 2028,Gilt,AUK,0.00125,2028-01-31,3000.0,,3017.9,100.59700000000001,100.597,veröffentlicht (Durchschnittskurs bzw. Emissionskurs),0.045487,0.0455,3017.83,-0.08,3000.0,10.3,10.3,10.3,10.3,calc,johnson,Rishi Sunak,gb_auctions,453
2020-07-22,2020-07-23,1¼% Index-linked Treasury Gilt 2032,IL Gilt,AUK,0.0125,2032-11-22,500.0,,1084.81,161.16,161.159063,aus veröffentlichtem Cash-Erlös (geteilt durch Index-Verhältniszahl),-2.853071,-2.8531,1086.23,1.42,1094.44,153.89,25.11,295.91,-351.28,proj,johnson,Rishi Sunak,gb_auctions,454
2020-07-28,2020-07-29,1¼% Treasury Gilt 2027,Gilt,PAOF,0.0125,2027-07-22,3437.5,687.5,3749.07,109.064,109.064,veröffentlicht (Durchschnittskurs bzw. Emissionskurs),-0.046145,-0.0461,3749.89,0.82,3437.5,-11.61,-11.61,-11.61,-11.61,calc,johnson,Rishi Sunak,gb_auctions,451
2020-07-28,2020-07-29,1 5/8% Treasury Gilt 2054,Gilt,PAOF,0.01625,2054-10-22,1875.0,375.0,2460.46,131.225,131.225,veröffentlicht (Durchschnittskurs bzw. Emissionskurs),0.6124839999999999,0.6125,2468.63,8.16,1875.0,457.54,457.54,457.54,457.54,calc,johnson,Rishi Sunak,gb_auctions,452
2020-07-29,2020-07-30,0 1/8% Treasury Gilt 2023,Gilt,AUK,0.00125,2023-01-31,3500.0,,3518.64,100.53299999999999,100.533,veröffentlicht (Durchschnittskurs bzw. Emissionskurs),-0.08768599999999999,-0.0877,3518.64,-0.01,3500.0,-7.71,-7.71,-7.71,-7.71,calc,johnson,Rishi Sunak,gb_auctions,449
2020-07-29,2020-07-30,1 5/8% Treasury Gilt 2028,Gilt,PAOF,0.01625,2028-10-22,3008.88,258.88,3410.51,113.348,113.348,veröffentlicht (Durchschnittskurs bzw. Emissionskurs),0.002831,0.0028,3423.73,13.23,3008.88,0.75,0.75,0.75,0.75,calc,johnson,Rishi Sunak,gb_auctions,450
2020-08-04,2020-08-05,0 1/8% Treasury Gilt 2026,Gilt,PAOF,0.00125,2026-01-30,4062.5,812.5,4105.47,101.05799999999999,101.058,veröffentlicht (Durchschnittskurs bzw. Emissionskurs),-0.06754500000000001,-0.0675,4105.56,0.08,4062.5,-15.13,-15.13,-15.13,-15.13,calc,johnson,Rishi Sunak,gb_auctions,447
2020-08-04,2020-08-05,1¼ % Treasury Gilt 2041,Gilt,PAOF,0.0125,2041-10-22,2812.5,562.5,3180.68,113.09100000000001,113.091,veröffentlicht (Durchschnittskurs bzw. Emissionskurs),0.5923729999999999,0.5924,3190.77,10.09,2812.5,377.59,377.59,377.59,377.59,calc,johnson,Rishi Sunak,gb_auctions,448
2020-08-05,2020-08-06,0 1/8% Index-linked Treasury Gilt 2048,IL Gilt,PAOF,0.00125,2048-08-10,562.25,62.25,1169.91,195.627,195.62679,aus veröffentlichtem Cash-Erlös (geteilt durch Index-Verhältniszahl),-2.290955,-2.291,1169.9,-0.01,1327.47,192.89,-278.14,899.54,-566.29,proj,johnson,Rishi Sunak,gb_auctions,446
2020-08-05,2020-08-06,0 3/8% Treasury Gilt 2030,Gilt,AUK,0.00375,2030-10-22,2750.0,,2816.11,102.404,102.404,veröffentlicht (Durchschnittskurs bzw. Emissionskurs),0.13781100000000002,0.1378,2819.1,2.99,2750.0,39.18,39.18,39.18,39.18,calc,johnson,Rishi Sunak,gb_auctions,445
2020-08-11,2020-08-12,0 5/8% Treasury Gilt 2025,Gilt,AUK,0.00625,2025-06-07,3250.0,,3355.71,103.25299999999999,103.253,veröffentlicht (Durchschnittskurs bzw. Emissionskurs),-0.04906,-0.0491,3359.39,3.66,3250.0,-7.82,-7.82,-7.82,-7.82,calc,johnson,Rishi Sunak,gb_auctions,443
2020-08-11,2020-08-12,1¾% Treasury Gilt 2057,Gilt,AUK,0.0175,2057-07-22,1250.0,,1689.23,135.138,135.138,veröffentlicht (Durchschnittskurs bzw. Emissionskurs),0.6739459999999999,0.6739,1690.47,1.25,1250.0,368.9,368.9,368.9,368.9,calc,johnson,Rishi Sunak,gb_auctions,444
2020-08-12,2020-08-13,0 1/8% Treasury Gilt 2028,Gilt,PAOF,0.00125,2028-01-31,3437.5,687.5,3430.89,99.80799999999999,99.808,veröffentlicht (Durchschnittskurs bzw. Emissionskurs),0.150874,0.1509,3431.05,0.15,3437.5,38.67,38.67,38.67,38.67,calc,johnson,Rishi Sunak,gb_auctions,442
2020-08-18,2020-08-19,0 1/8% Treasury Gilt 2023,Gilt,PAOF,0.00125,2023-01-31,4062.5,812.5,4077.41,100.367,100.367,veröffentlicht (Durchschnittskurs bzw. Emissionskurs),-0.024841000000000002,-0.0248,4077.67,0.26,4062.5,-2.48,-2.48,-2.48,-2.48,calc,johnson,Rishi Sunak,gb_auctions,440
2020-08-18,2020-08-19,0 5/8% Treasury Gilt 2050,Gilt,PAOF,0.00625,2050-10-22,2477.25,477.25,2371.72,95.74,95.74,veröffentlicht (Durchschnittskurs bzw. Emissionskurs),0.783804,0.7838,2373.75,2.03,2477.25,572.72,572.72,572.72,572.72,calc,johnson,Rishi Sunak,gb_auctions,441
2020-08-19,2020-08-20,0 7/8% Treasury Gilt 2029,Gilt,PAOF,0.00875,2029-10-22,3437.5,687.5,3663.56,106.57600000000001,106.576,veröffentlicht (Durchschnittskurs bzw. Emissionskurs),0.152734,0.1527,3673.41,9.86,3437.5,49.83,49.83,49.83,49.83,calc,johnson,Rishi Sunak,gb_auctions,439
2020-08-20,2020-08-21,0 1/8% Index-linked Treasury Gilt 2028,IL Gilt,PAOF,0.00125,2028-08-10,1375.0,275.0,1831.65,127.16,127.159486,aus veröffentlichtem Cash-Erlös (geteilt durch Index-Verhältniszahl),-2.881842,-2.8818,1831.7,0.05,2149.98,337.0,262.57,412.59,-377.83,proj,johnson,Rishi Sunak,gb_auctions,438
2020-08-25,2020-08-26,0 1/8% Treasury Gilt 2026,Gilt,AUK,0.00125,2026-01-30,3000.0,,3016.04,100.535,100.535,veröffentlicht (Durchschnittskurs bzw. Emissionskurs),0.026335,0.0263,3016.33,0.28,3000.0,4.3,4.3,4.3,4.3,calc,johnson,Rishi Sunak,gb_auctions,436
2020-08-25,2020-08-26,1 5/8% Treasury Gilt 2054,Gilt,PAOF,0.01625,2054-10-22,1342.38,92.38,1665.7,124.086,124.086,veröffentlicht (Durchschnittskurs bzw. Emissionskurs),0.815601,0.8156,1673.21,7.51,1342.38,421.73,421.73,421.73,421.73,calc,johnson,Rishi Sunak,gb_auctions,437
2020-08-26,2020-08-27,0 3/8% Treasury Gilt 2030,Gilt,AUK,0.00375,2030-10-22,2750.0,,2764.26,100.51899999999999,100.519,veröffentlicht (Durchschnittskurs bzw. Emissionskurs),0.322996,0.323,2767.85,3.58,2750.0,90.43,90.43,90.43,90.43,calc,johnson,Rishi Sunak,gb_auctions,435
2020-09-02,2020-09-03,0 1/8% Index-Linked Treasury Gilt 2056,IL Gilt,PAOF,0.00125,2056-11-22,459.05,59.05,1089.71,214.75099999999998,214.751108,aus veröffentlichtem Cash-Erlös (geteilt durch Index-Verhältniszahl),-2.012485,-2.0125,1089.89,0.18,1324.82,277.69,-326.88,1343.13,-577.81,proj,johnson,Rishi Sunak,gb_auctions,434
2020-09-03,2020-09-04,0 1/8% Treasury Gilt 2028,Gilt,PAOF,0.00125,2028-01-31,3412.75,662.75,3412.48,99.992,99.992,veröffentlicht (Durchschnittskurs bzw. Emissionskurs),0.126084,0.1261,3412.88,0.41,3412.75,31.86,31.86,31.86,31.86,calc,johnson,Rishi Sunak,gb_auctions,432
2020-09-03,2020-09-04,1¼ % Treasury Gilt 2041,Gilt,PAOF,0.0125,2041-10-22,2500.0,500.0,2726.37,109.055,109.055,veröffentlicht (Durchschnittskurs bzw. Emissionskurs),0.784153,0.7842,2737.9,11.53,2500.0,433.97,433.97,433.97,433.97,calc,johnson,Rishi Sunak,gb_auctions,433
2020-09-10,2020-09-11,0 1/8% Treasury Gilt 2023,Gilt,AUK,0.00125,2023-01-31,3250.0,,3264.4,100.443,100.443,veröffentlicht (Durchschnittskurs bzw. Emissionskurs),-0.060514,-0.0605,3264.86,0.46,3250.0,-4.7,-4.7,-4.7,-4.7,calc,johnson,Rishi Sunak,gb_auctions,430
2020-09-10,2020-09-11,0 5/8% Treasury Gilt 2050,Gilt,PAOF,0.00625,2050-10-22,2421.75,421.75,2292.18,94.65,94.65,veröffentlicht (Durchschnittskurs bzw. Emissionskurs),0.826045,0.826,2295.12,2.94,2421.75,585.34,585.34,585.34,585.34,calc,johnson,Rishi Sunak,gb_auctions,431
2020-09-15,2020-09-16,1¼% Treasury Gilt 2027,Gilt,PAOF,0.0125,2027-07-22,2867.5,117.5,3106.31,108.32799999999999,108.328,veröffentlicht (Durchschnittskurs bzw. Emissionskurs),0.032397999999999996,0.0324,3111.76,5.45,2867.5,6.65,6.65,6.65,6.65,calc,johnson,Rishi Sunak,gb_auctions,428
2020-09-15,2020-09-16,1¾% Treasury Gilt 2037,Gilt,PAOF,0.0175,2037-09-07,2187.5,437.5,2583.99,118.125,118.125,veröffentlicht (Durchschnittskurs bzw. Emissionskurs),0.6231300000000001,0.6231,2584.94,0.95,2187.5,253.35,253.35,253.35,253.35,calc,johnson,Rishi Sunak,gb_auctions,429
2020-09-16,2020-09-17,0 3/8% Treasury Gilt 2030,Gilt,PAOF,0.00375,2030-10-22,3125.0,625.0,3160.0,101.12,101.12,veröffentlicht (Durchschnittskurs bzw. Emissionskurs),0.26251,0.2625,3164.74,4.74,3125.0,83.31,83.31,83.31,83.31,calc,johnson,Rishi Sunak,gb_auctions,427
2020-09-24,2020-09-25,0 1/8% Index-linked Treasury Gilt 2028,IL Gilt,PAOF,0.00125,2028-08-10,1310.75,110.75,1762.63,127.765,127.764814,aus veröffentlichtem Cash-Erlös (geteilt durch Index-Verhältniszahl),-2.9773270000000003,-2.9773,1762.85,0.22,2049.51,304.53,233.56,376.57,-370.45,proj,johnson,Rishi Sunak,gb_auctions,426
2020-09-24,2020-09-25,0 1/8% Treasury Gilt 2026,Gilt,PAOF,0.00125,2026-01-30,3750.0,750.0,3776.93,100.71799999999999,100.718,veröffentlicht (Durchschnittskurs bzw. Emissionskurs),-0.009292,-0.0093,3777.65,0.73,3750.0,-1.87,-1.87,-1.87,-1.87,calc,johnson,Rishi Sunak,gb_auctions,425
2020-09-29,2020-09-30,0 1/8% Treasury Gilt 2028,Gilt,PAOF,0.00125,2028-01-31,3437.5,687.5,3447.25,100.28399999999999,100.284,veröffentlicht (Durchschnittskurs bzw. Emissionskurs),0.086146,0.0861,3447.97,0.71,3437.5,21.75,21.75,21.75,21.75,calc,johnson,Rishi Sunak,gb_auctions,424
2020-10-01,2020-10-02,0 1/8% Treasury Gilt 2023,Gilt,AUK,0.00125,2023-01-31,3250.0,,3263.28,100.40899999999999,100.409,veröffentlicht (Durchschnittskurs bzw. Emissionskurs),-0.050499999999999996,-0.0505,3263.99,0.7,3250.0,-3.83,-3.83,-3.83,-3.83,calc,johnson,Rishi Sunak,gb_auctions,422
2020-10-01,2020-10-02,1¼ % Treasury Gilt 2041,Gilt,AUK,0.0125,2041-10-22,2000.0,,2194.62,109.73100000000001,109.731,veröffentlicht (Durchschnittskurs bzw. Emissionskurs),0.749525,0.7495,2205.75,11.13,2000.0,331.75,331.75,331.75,331.75,calc,johnson,Rishi Sunak,gb_auctions,423
2020-10-06,2020-10-07,0 1/8% Treasury Gilt 2024,Gilt,PAOF,0.00125,2024-01-31,3518.45,268.45,3536.12,100.50200000000001,100.502,veröffentlicht (Durchschnittskurs bzw. Emissionskurs),-0.026347,-0.0263,3536.93,0.81,3518.45,-3.08,-3.08,-3.08,-3.08,calc,johnson,Rishi Sunak,gb_auctions,420
2020-10-06,2020-10-07,1¾% Treasury Gilt 2049,Gilt,AUK,0.0175,2049-01-22,2000.0,,2450.01,122.5,122.5,veröffentlicht (Durchschnittskurs bzw. Emissionskurs),0.853146,0.8531,2457.32,7.32,2000.0,540.18,540.18,540.18,540.18,calc,johnson,Rishi Sunak,gb_auctions,421
2020-10-07,2020-10-08,0 1/8% Index-linked Treasury Gilt 2041,IL Gilt,PAOF,0.00125,2041-08-10,884.15,134.15,1534.99,165.38,165.379546,aus veröffentlichtem Cash-Erlös (geteilt durch Index-Verhältniszahl),-2.301962,-2.302,1535.18,0.19,1783.11,285.62,-170.85,883.12,-598.4,proj,johnson,Rishi Sunak,gb_auctions,419
2020-10-07,2020-10-08,0 3/8% Treasury Gilt 2030,Gilt,AUK,0.00375,2030-10-22,2500.0,,2515.2,100.60799999999999,100.608,veröffentlicht (Durchschnittskurs bzw. Emissionskurs),0.313426,0.3134,2519.53,4.33,2500.0,78.91,78.91,78.91,78.91,calc,johnson,Rishi Sunak,gb_auctions,418
2020-10-13,2020-10-14,0 1/8% Treasury Gilt 2026,Gilt,AUK,0.00125,2026-01-30,3000.0,,3017.85,100.595,100.595,veröffentlicht (Durchschnittskurs bzw. Emissionskurs),0.012556000000000001,0.0126,3018.62,0.77,3000.0,2.0,2.0,2.0,2.0,calc,johnson,Rishi Sunak,gb_auctions,416
2020-10-13,2020-10-14,1¾% Treasury Gilt 2057,Gilt,PAOF,0.0175,2057-07-22,1562.5,312.5,2036.7,130.349,130.349,veröffentlicht (Durchschnittskurs bzw. Emissionskurs),0.7962980000000001,0.7963,2042.94,6.24,1562.5,531.27,531.27,531.27,531.27,calc,johnson,Rishi Sunak,gb_auctions,417
2020-10-14,2020-10-15,0 7/8% Treasury Gilt 2029,Gilt,PAOF,0.00875,2029-10-22,3125.0,625.0,3323.3,106.346,106.346,veröffentlicht (Durchschnittskurs bzw. Emissionskurs),0.16581900000000002,0.1658,3322.79,-0.52,3125.0,48.3,48.3,48.3,48.3,calc,johnson,Rishi Sunak,gb_auctions,415
2020-10-20,2020-10-21,1¼% Index-linked Treasury Gilt 2032,IL Gilt,PAOF,0.0125,2032-11-22,697.05,97.05,1527.28,162.03,162.029896,aus veröffentlichtem Cash-Erlös (geteilt durch Index-Verhältniszahl),-2.9762169999999997,-2.9762,1532.15,4.87,1525.76,196.69,17.17,394.68,-503.37,proj,johnson,Rishi Sunak,gb_auctions,414
2020-10-22,2020-10-23,0 5/8% Treasury Gilt 2035,Gilt,PAOF,0.00625,2035-07-31,2632.0,382.0,2634.6,100.09899999999999,100.099,veröffentlicht (Durchschnittskurs bzw. Emissionskurs),0.617977,0.618,2638.36,3.75,2632.0,240.39,240.39,240.39,240.39,calc,johnson,Rishi Sunak,gb_auctions,412
2020-10-22,2020-10-23,0 5/8% Treasury Gilt 2050,Gilt,PAOF,0.00625,2050-10-22,1986.88,236.88,1872.94,94.266,94.266,veröffentlicht (Durchschnittskurs bzw. Emissionskurs),0.841696,0.8417,1872.98,0.03,1986.88,486.43,486.43,486.43,486.43,calc,johnson,Rishi Sunak,gb_auctions,413
2020-10-27,2020-10-28,0 1/8% Treasury Gilt 2024,Gilt,PAOF,0.00125,2024-01-31,3510.74,260.74,3527.04,100.464,100.464,veröffentlicht (Durchschnittskurs bzw. Emissionskurs),-0.017366,-0.0174,3528.09,1.06,3510.74,-1.99,-1.99,-1.99,-1.99,calc,johnson,Rishi Sunak,gb_auctions,410
2020-10-27,2020-10-28,1 5/8% Treasury Gilt 2071,Gilt,PAOF,0.01625,2071-10-22,1250.0,250.0,1753.83,140.30700000000002,140.307,veröffentlicht (Durchschnittskurs bzw. Emissionskurs),0.68663,0.6866,1754.17,0.33,1250.0,531.76,531.76,531.76,531.76,calc,johnson,Rishi Sunak,gb_auctions,411
2020-10-28,2020-10-29,0 3/8% Treasury Gilt 2030,Gilt,PAOF,0.00375,2030-10-22,3085.0,585.0,3124.71,101.287,101.287,veröffentlicht (Durchschnittskurs bzw. Emissionskurs),0.244394,0.2444,3124.93,0.22,3085.0,75.76,75.76,75.76,75.76,calc,johnson,Rishi Sunak,gb_auctions,409
2020-11-03,2020-11-04,0 1/8% Treasury Gilt 2028,Gilt,PAOF,0.00125,2028-01-31,3405.62,655.62,3407.76,100.06299999999999,100.063,veröffentlicht (Durchschnittskurs bzw. Emissionskurs),0.116257,0.1163,3408.88,1.11,3405.62,28.67,28.67,28.67,28.67,calc,johnson,Rishi Sunak,gb_auctions,407
2020-11-03,2020-11-04,1¼ % Treasury Gilt 2041,Gilt,PAOF,0.0125,2041-10-22,2500.0,500.0,2731.4,109.256,109.256,veröffentlicht (Durchschnittskurs bzw. Emissionskurs),0.770992,0.771,2732.51,1.12,2500.0,423.73,423.73,423.73,423.73,calc,johnson,Rishi Sunak,gb_auctions,408
2020-11-04,2020-11-05,0 1/8% Treasury Gilt 2026,Gilt,AUK,0.00125,2026-01-30,3000.0,,3019.57,100.652,100.652,veröffentlicht (Durchschnittskurs bzw. Emissionskurs),0.000421,0.0004,3020.56,1.0,3000.0,0.07,0.07,0.07,0.07,calc,johnson,Rishi Sunak,gb_auctions,406
2020-11-11,2020-11-12,0 1/8% Index-linked Treasury Gilt 2036,IL Gilt,PAOF,0.00125,2036-11-22,861.4,61.4,1452.0,149.25,149.296138,aus veröffentlichtem Cash-Erlös (geteilt durch Index-Verhältniszahl),-2.380737,-2.3807,1452.57,0.57,1703.76,280.37,-29.39,650.2,-471.12,proj,johnson,Rishi Sunak,gb_auctions,405
2020-11-12,2020-11-13,0¼% Treasury Gilt 2031,Gilt,PAOF,0.0025,2031-07-31,3750.0,750.0,3653.73,97.43299999999999,97.433,veröffentlicht (Durchschnittskurs bzw. Emissionskurs),0.496305,0.4963,3653.74,0.0,3750.0,196.71,196.71,196.71,196.71,calc,johnson,Rishi Sunak,gb_auctions,403
2020-11-12,2020-11-13,1 5/8% Treasury Gilt 2054,Gilt,PAOF,0.01625,2054-10-22,1562.5,312.5,1856.86,118.839,118.839,veröffentlicht (Durchschnittskurs bzw. Emissionskurs),0.972,0.972,1858.39,1.53,1562.5,567.39,567.39,567.39,567.39,calc,johnson,Rishi Sunak,gb_auctions,404
2020-11-17,2020-11-18,0 1/8% Treasury Gilt 2024,Gilt,PAOF,0.00125,2024-01-31,4062.5,812.5,4075.54,100.321,100.321,veröffentlicht (Durchschnittskurs bzw. Emissionskurs),0.024676,0.0247,4077.06,1.52,4062.5,3.21,3.21,3.21,3.21,calc,johnson,Rishi Sunak,gb_auctions,401
2020-11-17,2020-11-18,0 5/8% Treasury Gilt 2050,Gilt,PAOF,0.00625,2050-10-22,2500.0,500.0,2307.67,92.307,92.307,veröffentlicht (Durchschnittskurs bzw. Emissionskurs),0.9196469999999999,0.9196,2308.83,1.16,2500.0,659.92,659.92,659.92,659.92,calc,johnson,Rishi Sunak,gb_auctions,402
2020-11-18,2020-11-19,0 5/8% Treasury Gilt 2035,Gilt,AUK,0.00625,2035-07-31,2500.0,,2482.08,99.28299999999999,99.283,veröffentlicht (Durchschnittskurs bzw. Emissionskurs),0.676326,0.6763,2486.79,4.71,2500.0,247.59,247.59,247.59,247.59,calc,johnson,Rishi Sunak,gb_auctions,400
2020-11-24,2020-11-25,1¼% Treasury Gilt 2027,Gilt,PAOF,0.0125,2027-07-22,3002.75,252.75,3226.69,107.458,107.458,veröffentlicht (Durchschnittskurs bzw. Emissionskurs),0.124763,0.1248,3239.55,12.85,3002.75,25.94,25.94,25.94,25.94,calc,johnson,Rishi Sunak,gb_auctions,398
2020-11-24,2020-11-25,1¾% Treasury Gilt 2057,Gilt,PAOF,0.0175,2057-07-22,1562.5,312.5,1998.84,127.926,127.926,veröffentlicht (Durchschnittskurs bzw. Emissionskurs),0.860153,0.8602,2008.2,9.36,1562.5,566.01,566.01,566.01,566.01,calc,johnson,Rishi Sunak,gb_auctions,399
2020-12-01,2020-12-02,0 1/8% Treasury Gilt 2026,Gilt,PAOF,0.00125,2026-01-30,3669.36,669.36,3679.34,100.272,100.272,veröffentlicht (Durchschnittskurs bzw. Emissionskurs),0.072181,0.0722,3680.89,1.56,3669.36,13.69,13.69,13.69,13.69,calc,johnson,Rishi Sunak,gb_auctions,396
2020-12-01,2020-12-02,1¼ % Treasury Gilt 2041,Gilt,AUK,0.0125,2041-10-22,2250.0,,2443.66,108.60700000000001,108.607,veröffentlicht (Durchschnittskurs bzw. Emissionskurs),0.801637,0.8016,2446.83,3.17,2250.0,393.8,393.8,393.8,393.8,calc,johnson,Rishi Sunak,gb_auctions,397
2020-12-02,2020-12-03,0 1/8% Index-linked Treasury Gilt 2028,IL Gilt,PAOF,0.00125,2028-08-10,1250.0,250.0,1669.88,126.751,126.75092,aus veröffentlichtem Cash-Erlös (geteilt durch Index-Verhältniszahl),-2.949558,-2.9496,1670.39,0.51,1954.53,301.16,233.49,369.87,-340.73,proj,johnson,Rishi Sunak,gb_auctions,394
2020-12-02,2020-12-03,0¼% Treasury Gilt 2031,Gilt,AUK,0.0025,2031-07-31,2750.0,,2697.88,98.105,98.105,veröffentlicht (Durchschnittskurs bzw. Emissionskurs),0.432081,0.4321,2698.26,0.37,2750.0,125.4,125.4,125.4,125.4,calc,johnson,Rishi Sunak,gb_auctions,395
2020-12-08,2020-12-09,0 1/8% Treasury Gilt 2024,Gilt,PAOF,0.00125,2024-01-31,4029.37,779.37,4045.33,100.396,100.396,veröffentlicht (Durchschnittskurs bzw. Emissionskurs),-0.000951,-0.001,4047.12,1.79,4029.37,-0.12,-0.12,-0.12,-0.12,calc,johnson,Rishi Sunak,gb_auctions,392
2020-12-08,2020-12-09,0 5/8% Treasury Gilt 2050,Gilt,PAOF,0.00625,2050-10-22,2500.0,500.0,2357.08,94.28299999999999,94.283,veröffentlicht (Durchschnittskurs bzw. Emissionskurs),0.8418760000000001,0.8419,2359.14,2.06,2500.0,609.61,609.61,609.61,609.61,calc,johnson,Rishi Sunak,gb_auctions,393
2020-12-09,2020-12-10,0 1/8% Index-linked Treasury Gilt 2048,IL Gilt,TEN,0.00125,2048-08-10,250.0,,521.06,194.61,194.610544,aus veröffentlichtem Cash-Erlös (geteilt durch Index-Verhältniszahl),-2.3014330000000003,-2.3014,521.17,0.11,590.25,84.79,-124.66,398.99,-250.94,proj,johnson,Rishi Sunak,gb_tenders,46
2020-12-09,2020-12-10,0 5/8% Treasury Gilt 2035,Gilt,PAOF,0.00625,2035-07-31,3011.1,511.1,3016.61,100.18299999999999,100.183,veröffentlicht (Durchschnittskurs bzw. Emissionskurs),0.611911,0.6119,3023.36,6.75,3011.1,270.03,270.03,270.03,270.03,calc,johnson,Rishi Sunak,gb_auctions,391
2021-01-06,2021-01-07,0¼% Treasury Gilt 2031,Gilt,PAOF,0.0025,2031-07-31,3750.0,750.0,3718.12,99.15,99.15,veröffentlicht (Durchschnittskurs bzw. Emissionskurs),0.331939,0.3319,3719.53,1.4,3750.0,130.92,130.92,130.92,130.92,calc,johnson,Rishi Sunak,gb_auctions,390
2021-01-12,2021-01-13,0 1/8% Treasury Gilt 2028,Gilt,AUK,0.00125,2028-01-31,3000.0,,2989.19,99.64,99.64,veröffentlicht (Durchschnittskurs bzw. Emissionskurs),0.176412,0.1764,2990.89,1.69,3000.0,37.23,37.23,37.23,37.23,calc,johnson,Rishi Sunak,gb_auctions,388
2021-01-12,2021-01-13,1 5/8% Treasury Gilt 2054,Gilt,PAOF,0.01625,2054-10-22,1450.62,200.62,1761.33,121.419,121.419,veröffentlicht (Durchschnittskurs bzw. Emissionskurs),0.8893559999999999,0.8894,1766.71,5.38,1450.62,485.39,485.39,485.39,485.39,calc,johnson,Rishi Sunak,gb_auctions,389
2021-01-13,2021-01-14,0 1/8% Index-linked Treasury Gilt 2065,IL Gilt,PAOF,0.00125,2065-11-22,375.0,75.0,1072.19,253.304,253.304393,aus veröffentlichtem Cash-Erlös (geteilt durch Index-Verhältniszahl),-1.9806720000000002,-1.9807,1072.27,0.08,1315.47,292.08,-431.75,1811.12,-645.39,proj,johnson,Rishi Sunak,gb_auctions,387
2021-01-21,2021-01-22,0 1/8% Treasury Gilt 2024,Gilt,AUK,0.00125,2024-01-31,3250.0,,3264.78,100.455,100.455,veröffentlicht (Durchschnittskurs bzw. Emissionskurs),-0.025373,-0.0254,3264.69,-0.1,3250.0,-2.5,-2.5,-2.5,-2.5,calc,johnson,Rishi Sunak,gb_auctions,386
2021-01-26,2021-01-27,0 5/8% Treasury Gilt 2035,Gilt,PAOF,0.00625,2035-07-31,2936.25,436.25,2940.77,100.154,100.154,veröffentlicht (Durchschnittskurs bzw. Emissionskurs),0.613892,0.6139,2940.57,-0.2,2936.25,261.78,261.78,261.78,261.78,calc,johnson,Rishi Sunak,gb_auctions,384
2021-01-26,2021-01-27,0 5/8% Treasury Gilt 2050,Gilt,AUK,0.00625,2050-10-22,1750.0,,1652.74,94.44200000000001,94.442,veröffentlicht (Durchschnittskurs bzw. Emissionskurs),0.836519,0.8365,1655.65,2.91,1750.0,422.48,422.48,422.48,422.48,calc,johnson,Rishi Sunak,gb_auctions,385
2021-01-27,2021-01-28,0 1/8% Index-linked Treasury Gilt 2031,IL Gilt,PAOF,0.00125,2031-08-10,1036.3,36.3,1413.72,136.42,136.419956,aus veröffentlichtem Cash-Erlös (geteilt durch Index-Verhältniszahl),-2.8196230000000004,-2.8196,1414.32,0.6,1635.33,240.42,92.4,399.81,-368.39,proj,johnson,Rishi Sunak,gb_auctions,383
2021-02-02,2021-02-03,0 1/8% Treasury Gilt 2026,Gilt,AUK,0.00125,2026-01-30,3000.0,,3012.82,100.427,100.427,veröffentlicht (Durchschnittskurs bzw. Emissionskurs),0.039318,0.0393,3012.85,0.04,3000.0,5.9,5.9,5.9,5.9,calc,johnson,Rishi Sunak,gb_auctions,381
2021-02-02,2021-02-03,1 5/8% Treasury Gilt 2071,Gilt,PAOF,0.01625,2071-10-22,1071.25,71.25,1470.77,137.295,137.295,veröffentlicht (Durchschnittskurs bzw. Emissionskurs),0.7413630000000001,0.7414,1475.75,4.97,1071.25,483.3,483.3,483.3,483.3,calc,johnson,Rishi Sunak,gb_auctions,382
2021-02-03,2021-02-04,0¼% Treasury Gilt 2031,Gilt,PAOF,0.0025,2031-07-31,3143.0,393.0,3081.56,98.045,98.045,veröffentlicht (Durchschnittskurs bzw. Emissionskurs),0.44093499999999997,0.4409,3081.64,0.09,3143.0,143.86,143.86,143.86,143.86,calc,johnson,Rishi Sunak,gb_auctions,380
2021-02-10,2021-02-11,1¼ % Treasury Gilt 2041,Gilt,AUK,0.0125,2041-10-22,2000.0,,2098.11,104.906,104.906,veröffentlicht (Durchschnittskurs bzw. Emissionskurs),0.987263,0.9873,2105.81,7.69,2000.0,419.19,419.19,419.19,419.19,calc,johnson,Rishi Sunak,gb_auctions,379
2021-02-16,2021-02-17,0 1/8% Treasury Gilt 2024,Gilt,AUK,0.00125,2024-01-31,3250.0,,3254.97,100.15299999999999,100.153,veröffentlicht (Durchschnittskurs bzw. Emissionskurs),0.073123,0.0731,3255.16,0.19,3250.0,7.02,7.02,7.02,7.02,calc,johnson,Rishi Sunak,gb_auctions,377
2021-02-16,2021-02-17,1¾% Treasury Gilt 2057,Gilt,AUK,0.0175,2057-07-22,1250.0,,1480.01,118.40100000000001,118.401,veröffentlicht (Durchschnittskurs bzw. Emissionskurs),1.132148,1.1321,1481.58,1.57,1250.0,566.85,566.85,566.85,566.85,calc,johnson,Rishi Sunak,gb_auctions,378
2021-02-17,2021-02-18,0 5/8% Treasury Gilt 2035,Gilt,AUK,0.00625,2035-07-31,2500.0,,2384.3,95.37200000000001,95.372,veröffentlicht (Durchschnittskurs bzw. Emissionskurs),0.968985,0.969,2385.08,0.78,2500.0,341.49,341.49,341.49,341.49,calc,johnson,Rishi Sunak,gb_auctions,376
2021-02-23,2021-02-24,0 5/8% Treasury Gilt 2050,Gilt,PAOF,0.00625,2050-10-22,2500.0,500.0,2084.92,83.397,83.397,veröffentlicht (Durchschnittskurs bzw. Emissionskurs),1.301619,1.3016,2090.29,5.37,2500.0,878.46,878.46,878.46,878.46,calc,johnson,Rishi Sunak,gb_auctions,375
2021-03-02,2021-03-03,0 3/8% Treasury Gilt 2026,Gilt,PAOF,0.00375,2026-10-22,3147.35,147.35,3133.59,99.56299999999999,99.563,veröffentlicht (Durchschnittskurs bzw. Emissionskurs),0.45358800000000005,0.4536,3133.6,0.0,3147.35,80.29,80.29,80.29,80.29,calc,johnson,Rishi Sunak,gb_auctions,373
2021-03-02,2021-03-03,0½% Treasury Gilt 2061,Gilt,PAOF,0.005,2061-10-22,1562.5,312.5,1185.42,75.867,75.867,veröffentlicht (Durchschnittskurs bzw. Emissionskurs),1.260749,1.2607,1188.25,2.83,1562.5,694.56,694.56,694.56,694.56,calc,johnson,Rishi Sunak,gb_auctions,374
2021-03-04,2021-03-05,0¼% Treasury Gilt 2031,Gilt,PAOF,0.0025,2031-07-31,3437.5,687.5,3226.57,93.86399999999999,93.864,veröffentlicht (Durchschnittskurs bzw. Emissionskurs),0.867797,0.8678,3227.36,0.78,3437.5,300.38,300.38,300.38,300.38,calc,johnson,Rishi Sunak,gb_auctions,372
2021-03-09,2021-03-10,1¼ % Treasury Gilt 2041,Gilt,PAOF,0.0125,2041-10-22,2812.5,562.5,2826.23,100.488,100.488,veröffentlicht (Durchschnittskurs bzw. Emissionskurs),1.223131,1.2231,2839.65,13.43,2812.5,711.13,711.13,711.13,711.13,calc,johnson,Rishi Sunak,gb_auctions,371
2021-03-10,2021-03-11,0 1/8% Index-linked Treasury Gilt 2031,IL Gilt,PAOF,0.00125,2031-08-10,878.98,78.97,1173.25,132.783,132.783551,aus veröffentlichtem Cash-Erlös (geteilt durch Index-Verhältniszahl),-2.594691,-2.5947,1173.34,0.09,1387.07,229.64,104.09,364.83,-282.14,proj,johnson,Rishi Sunak,gb_auctions,370
2021-03-16,2021-03-17,0 1/8% Treasury Gilt 2024,Gilt,PAOF,0.00125,2024-01-31,4375.0,875.0,4367.9,99.838,99.838,veröffentlicht (Durchschnittskurs bzw. Emissionskurs),0.181505,0.1815,4368.59,0.68,4375.0,22.81,22.81,22.81,22.81,calc,johnson,Rishi Sunak,gb_auctions,368
2021-03-16,2021-03-17,1 5/8% Treasury Gilt 2054,Gilt,PAOF,0.01625,2054-10-22,1633.0,133.0,1788.23,109.506,109.506,veröffentlicht (Durchschnittskurs bzw. Emissionskurs),1.276192,1.2762,1798.88,10.64,1633.0,736.36,736.36,736.36,736.36,calc,johnson,Rishi Sunak,gb_auctions,369
2021-03-17,2021-03-18,0 5/8% Treasury Gilt 2035,Gilt,AUK,0.00625,2035-07-31,2500.0,,2317.33,92.693,92.693,veröffentlicht (Durchschnittskurs bzw. Emissionskurs),1.1791639999999999,1.1792,2319.31,1.99,2500.0,407.25,407.25,407.25,407.25,calc,johnson,Rishi Sunak,gb_auctions,367
2021-03-23,2021-03-24,1¾% Treasury Gilt 2049,Gilt,AUK,0.0175,2049-01-22,2250.0,,2488.74,110.611,110.611,veröffentlicht (Durchschnittskurs bzw. Emissionskurs),1.294689,1.2947,2495.38,6.64,2250.0,857.12,857.12,857.12,857.12,calc,johnson,Rishi Sunak,gb_auctions,366
2021-03-24,2021-03-25,0 1/8% Index-Linked Treasury Gilt 2056,IL Gilt,PAOF,0.00125,2056-11-22,357.25,7.25,831.77,209.21099999999998,209.211994,aus veröffentlichtem Cash-Erlös (geteilt durch Index-Verhältniszahl),-1.9715719999999999,-1.9716,831.94,0.17,1031.03,232.11,-238.39,1061.28,-430.99,proj,johnson,Rishi Sunak,gb_auctions,365
2021-04-07,2021-04-08,0 3/8% Treasury Gilt 2026,Gilt,PAOF,0.00375,2026-10-22,3394.0,394.0,3376.73,99.491,99.491,veröffentlicht (Durchschnittskurs bzw. Emissionskurs),0.468187,0.4682,3377.98,1.26,3394.0,87.77,87.77,87.77,87.77,calc,johnson,Rishi Sunak,gb_auctions,363
2021-04-07,2021-04-08,0 7/8% Treasury Gilt 2046,Gilt,AUK,0.00875,2046-01-31,2000.0,,1807.54,90.37700000000001,90.377,veröffentlicht (Durchschnittskurs bzw. Emissionskurs),1.331642,1.3316,1810.78,3.24,2000.0,626.72,626.72,626.72,626.72,calc,johnson,Rishi Sunak,gb_auctions,364
2021-04-08,2021-04-09,0¼% Treasury Gilt 2031,Gilt,PAOF,0.0025,2031-07-31,3437.5,687.5,3220.39,93.684,93.684,veröffentlicht (Durchschnittskurs bzw. Emissionskurs),0.8924550000000001,0.8925,3222.0,1.61,3437.5,305.73,305.73,305.73,305.73,calc,johnson,Rishi Sunak,gb_auctions,362
2021-04-13,2021-04-14,1 5/8% Treasury Gilt 2071,Gilt,AUK,0.01625,2071-10-22,1000.0,,1195.69,119.569,119.569,veröffentlicht (Durchschnittskurs bzw. Emissionskurs),1.117086,1.1171,1195.33,-0.36,1000.0,625.29,625.29,625.29,625.29,calc,johnson,Rishi Sunak,gb_auctions,361
2021-04-14,2021-04-15,0 1/8% Index-linked Treasury Gilt 2051,IL Gilt,PAOF,0.00125,2051-03-22,713.83,113.83,1336.48,186.50400000000002,186.504325,aus veröffentlichtem Cash-Erlös (geteilt durch Index-Verhältniszahl),-1.978929,-1.9789,1336.54,0.06,1658.22,368.32,-275.96,1385.26,-613.74,proj,johnson,Rishi Sunak,gb_auctions,360
2021-04-20,2021-04-21,0 1/8% Treasury Gilt 2024,Gilt,PAOF,0.00125,2024-01-31,4062.5,812.5,4059.69,99.931,99.931,veröffentlicht (Durchschnittskurs bzw. Emissionskurs),0.149888,0.1499,4060.82,1.12,4062.5,16.92,16.92,16.92,16.92,calc,johnson,Rishi Sunak,gb_auctions,359
2021-04-21,2021-04-22,0 5/8% Treasury Gilt 2035,Gilt,PAOF,0.00625,2035-07-31,3125.0,625.0,2927.51,93.68,93.68,veröffentlicht (Durchschnittskurs bzw. Emissionskurs),1.1047230000000001,1.1047,2931.87,4.37,3125.0,476.33,476.33,476.33,476.33,calc,johnson,Rishi Sunak,gb_auctions,358
2021-04-28,2021-04-29,0 1/8% Index-linked Treasury Gilt 2031,IL Gilt,PAOF,0.00125,2031-08-10,1113.65,213.65,1476.08,131.512,131.511967,aus veröffentlichtem Cash-Erlös (geteilt durch Index-Verhältniszahl),-2.537241,-2.5372,1476.38,0.3,1757.4,301.18,142.11,472.46,-344.34,proj,johnson,Rishi Sunak,gb_auctions,357
2021-05-05,2021-05-06,0¼% Treasury Gilt 2031,Gilt,AUK,0.0025,2031-07-31,2750.0,,2569.31,93.43,93.43,veröffentlicht (Durchschnittskurs bzw. Emissionskurs),0.9240609999999999,0.9241,2571.13,1.8,2750.0,251.06,251.06,251.06,251.06,calc,johnson,Rishi Sunak,gb_auctions,355
2021-05-05,2021-05-06,0 7/8% Treasury Gilt 2046,Gilt,AUK,0.00875,2046-01-31,2000.0,,1811.76,90.588,90.588,veröffentlicht (Durchschnittskurs bzw. Emissionskurs),1.322313,1.3223,1816.35,4.59,2000.0,621.15,621.15,621.15,621.15,calc,johnson,Rishi Sunak,gb_auctions,356
2021-05-11,2021-05-12,0 3/8% Treasury Gilt 2026,Gilt,PAOF,0.00375,2026-10-22,3283.75,283.75,3269.19,99.557,99.557,veröffentlicht (Durchschnittskurs bzw. Emissionskurs),0.45744100000000004,0.4574,3271.57,2.36,3283.75,81.6,81.6,81.6,81.6,calc,johnson,Rishi Sunak,gb_auctions,353
2021-05-11,2021-05-12,0½% Treasury Gilt 2061,Gilt,AUK,0.005,2061-10-22,1500.0,,1137.99,75.866,75.866,veröffentlicht (Durchschnittskurs bzw. Emissionskurs),1.264016,1.264,1138.4,0.41,1500.0,665.35,665.35,665.35,665.35,calc,johnson,Rishi Sunak,gb_auctions,354
2021-05-18,2021-05-19,0 1/8% Treasury Gilt 2024,Gilt,PAOF,0.00125,2024-01-31,4062.49,812.5,4055.45,99.82700000000001,99.827,veröffentlicht (Durchschnittskurs bzw. Emissionskurs),0.189226,0.1892,4056.98,1.52,4062.49,20.75,20.75,20.75,20.75,calc,johnson,Rishi Sunak,gb_auctions,351
2021-05-18,2021-05-19,1¼ % Treasury Gilt 2041,Gilt,PAOF,0.0125,2041-10-22,2812.5,562.5,2741.93,97.491,97.491,veröffentlicht (Durchschnittskurs bzw. Emissionskurs),1.391523,1.3915,2744.53,2.59,2812.5,788.67,788.67,788.67,788.67,calc,johnson,Rishi Sunak,gb_auctions,352
2021-05-19,2021-05-20,0 5/8% Treasury Gilt 2035,Gilt,PAOF,0.00625,2035-07-31,3093.75,593.75,2837.53,91.71799999999999,91.718,veröffentlicht (Durchschnittskurs bzw. Emissionskurs),1.264011,1.264,2843.35,5.82,3093.75,530.77,530.77,530.77,530.77,calc,johnson,Rishi Sunak,gb_auctions,350
2021-06-02,2021-06-03,0¼% Treasury Gilt 2031,Gilt,PAOF,0.0025,2031-07-31,3437.5,687.5,3207.7,93.315,93.315,veröffentlicht (Durchschnittskurs bzw. Emissionskurs),0.941468,0.9415,3210.62,2.92,3437.5,317.11,317.11,317.11,317.11,calc,johnson,Rishi Sunak,gb_auctions,348
2021-06-02,2021-06-03,0 7/8% Treasury Gilt 2046,Gilt,PAOF,0.00875,2046-01-31,2500.0,500.0,2247.37,89.895,89.895,veröffentlicht (Durchschnittskurs bzw. Emissionskurs),1.358597,1.3586,2254.81,7.43,2500.0,792.07,792.07,792.07,792.07,calc,johnson,Rishi Sunak,gb_auctions,349
2021-06-08,2021-06-09,0 3/8% Treasury Gilt 2026,Gilt,PAOF,0.00375,2026-10-22,3742.5,742.5,3724.58,99.521,99.521,veröffentlicht (Durchschnittskurs bzw. Emissionskurs),0.46541699999999997,0.4654,3728.34,3.77,3742.5,93.27,93.27,93.27,93.27,calc,johnson,Rishi Sunak,gb_auctions,346
2021-06-08,2021-06-09,1 5/8% Treasury Gilt 2071,Gilt,PAOF,0.01625,2071-10-22,1562.5,312.5,1843.37,117.976,117.976,veröffentlicht (Durchschnittskurs bzw. Emissionskurs),1.1534470000000001,1.1534,1846.7,3.33,1562.5,998.02,998.02,998.02,998.02,calc,johnson,Rishi Sunak,gb_auctions,347
2021-06-09,2021-06-10,0 1/8% Index-linked Treasury Gilt 2031,IL Gilt,PAOF,0.00125,2031-08-10,1172.44,172.44,1585.21,133.14,133.139964,aus veröffentlichtem Cash-Erlös (geteilt durch Index-Verhältniszahl),-2.687242,-2.6872,1585.7,0.49,1850.17,285.69,118.22,466.02,-384.91,proj,johnson,Rishi Sunak,gb_auctions,345
2021-06-15,2021-06-16,0 1/8% Treasury Gilt 2028,Gilt,PAOF,0.00125,2028-01-31,3055.28,305.28,2974.62,97.36,97.36,veröffentlicht (Durchschnittskurs bzw. Emissionskurs),0.53111,0.5311,2976.06,1.43,3055.28,105.96,105.96,105.96,105.96,calc,johnson,Rishi Sunak,gb_auctions,343
2021-06-15,2021-06-16,1¼% Treasury Gilt 2051,Gilt,AUK,0.0125,2051-07-31,2000.0,,1987.81,99.391,99.391,veröffentlicht (Durchschnittskurs bzw. Emissionskurs),1.2744119999999999,1.2744,1987.82,0.0,2000.0,765.29,765.29,765.29,765.29,calc,johnson,Rishi Sunak,gb_auctions,344
2021-06-16,2021-06-17,0 5/8% Treasury Gilt 2035,Gilt,PAOF,0.00625,2035-07-31,3118.75,618.75,2919.59,93.61399999999999,93.614,veröffentlicht (Durchschnittskurs bzw. Emissionskurs),1.114997,1.115,2926.96,7.38,3118.75,474.42,474.42,474.42,474.42,calc,johnson,Rishi Sunak,gb_auctions,342
2021-06-23,2021-06-24,0 1/8% Index-linked Treasury Gilt 2065,IL Gilt,PAOF,0.00125,2065-11-22,500.0,100.0,1485.82,257.87,257.867562,aus veröffentlichtem Cash-Erlös (geteilt durch Index-Verhältniszahl),-2.041565,-2.0416,1485.88,0.06,1753.96,332.9,-632.22,2358.28,-905.24,proj,johnson,Rishi Sunak,gb_auctions,341
2021-07-01,2021-07-02,0¼% Treasury Gilt 2025,Gilt,PAOF,0.0025,2025-01-31,4232.5,732.5,4227.88,99.891,99.891,veröffentlicht (Durchschnittskurs bzw. Emissionskurs),0.280616,0.2806,4227.88,0.0,4232.5,42.5,42.5,42.5,42.5,calc,johnson,Rishi Sunak,gb_auctions,340
2021-07-06,2021-07-07,0¼% Treasury Gilt 2031,Gilt,PAOF,0.0025,2031-07-31,3437.5,687.5,3248.79,94.51,94.51,veröffentlicht (Durchschnittskurs bzw. Emissionskurs),0.8192959999999999,0.8193,3252.51,3.73,3437.5,275.23,275.23,275.23,275.23,calc,johnson,Rishi Sunak,gb_auctions,338
2021-07-06,2021-07-07,0½% Treasury Gilt 2061,Gilt,PAOF,0.005,2061-10-22,1866.25,366.25,1488.36,79.751,79.751,veröffentlicht (Durchschnittskurs bzw. Emissionskurs),1.126599,1.1266,1490.29,1.94,1866.25,753.87,753.87,753.87,753.87,calc,johnson,Rishi Sunak,gb_auctions,339
2021-07-07,2021-07-08,0 1/8% Index-linked Treasury Gilt 2051,IL Gilt,PAOF,0.00125,2051-03-22,701.05,101.05,1407.74,196.02599999999998,196.025408,aus veröffentlichtem Cash-Erlös (geteilt durch Index-Verhältniszahl),-2.162643,-2.1626,1408.0,0.26,1628.55,266.35,-366.4,1265.08,-683.77,proj,johnson,Rishi Sunak,gb_auctions,337
2021-07-20,2021-07-21,1 5/8% Treasury Gilt 2071,Gilt,PAOF,0.01625,2071-10-22,1562.5,312.5,2048.33,131.093,131.093,veröffentlicht (Durchschnittskurs bzw. Emissionskurs),0.8614109999999999,0.8614,2054.57,6.24,1562.5,790.15,790.15,790.15,790.15,calc,johnson,Rishi Sunak,gb_auctions,336
2021-07-27,2021-07-28,0 3/8% Treasury Gilt 2026,Gilt,AUK,0.00375,2026-10-22,3000.0,,3006.44,100.215,100.215,veröffentlicht (Durchschnittskurs bzw. Emissionskurs),0.333521,0.3335,3010.98,4.53,3000.0,52.44,52.44,52.44,52.44,calc,johnson,Rishi Sunak,gb_auctions,335
2021-08-03,2021-08-04,1¼% Treasury Gilt 2051,Gilt,AUK,0.0125,2051-07-31,2000.0,,2144.16,107.208,107.208,veröffentlicht (Durchschnittskurs bzw. Emissionskurs),0.972322,0.9723,2144.43,0.27,2000.0,605.57,605.57,605.57,605.57,calc,johnson,Rishi Sunak,gb_auctions,334
2021-08-10,2021-08-11,0¼% Treasury Gilt 2031,Gilt,PAOF,0.0025,2031-07-31,3437.5,687.5,3300.42,96.012,96.012,veröffentlicht (Durchschnittskurs bzw. Emissionskurs),0.664045,0.664,3300.67,0.26,3437.5,222.77,222.77,222.77,222.77,calc,johnson,Rishi Sunak,gb_auctions,333
2021-08-11,2021-08-12,0 1/8% Index-linked Treasury Gilt 2039,IL Gilt,PAOF,0.00125,2039-03-22,705.0,5.0,1167.12,162.311,162.310835,aus veröffentlichtem Cash-Erlös (geteilt durch Index-Verhältniszahl),-2.633021,-2.633,1167.47,0.35,1279.96,136.37,-144.25,486.98,-442.33,proj,johnson,Rishi Sunak,gb_auctions,332
2021-08-17,2021-08-18,0 7/8% Treasury Gilt 2046,Gilt,PAOF,0.00875,2046-01-31,2274.25,274.25,2242.02,98.583,98.583,veröffentlicht (Durchschnittskurs bzw. Emissionskurs),0.9399989999999999,0.94,2243.0,0.97,2274.25,518.8,518.8,518.8,518.8,calc,johnson,Rishi Sunak,gb_auctions,331
2021-08-24,2021-08-25,0 3/8% Treasury Gilt 2026,Gilt,AUK,0.00375,2026-10-22,3000.0,,3007.86,100.262,100.262,veröffentlicht (Durchschnittskurs bzw. Emissionskurs),0.32373199999999996,0.3237,3013.25,5.39,3000.0,50.17,50.17,50.17,50.17,calc,johnson,Rishi Sunak,gb_auctions,330
2021-09-01,2021-09-02,0½% Treasury Gilt 2029,Gilt,PAOF,0.005,2029-01-31,2859.0,359.0,2843.41,99.455,99.455,veröffentlicht (Durchschnittskurs bzw. Emissionskurs),0.575238,0.5752,2843.42,0.0,2859.0,121.51,121.51,121.51,121.51,calc,johnson,Rishi Sunak,gb_auctions,329
2021-09-07,2021-09-08,0¼% Treasury Gilt 2025,Gilt,AUK,0.0025,2025-01-31,3250.0,,3250.04,100.001,100.001,veröffentlicht (Durchschnittskurs bzw. Emissionskurs),0.249694,0.2497,3251.54,1.51,3250.0,27.54,27.54,27.54,27.54,calc,johnson,Rishi Sunak,gb_auctions,327
2021-09-07,2021-09-08,1 5/8% Treasury Gilt 2071,Gilt,AUK,0.01625,2071-10-22,1250.0,,1617.82,129.42600000000002,129.426,veröffentlicht (Durchschnittskurs bzw. Emissionskurs),0.895085,0.8951,1625.54,7.71,1250.0,650.24,650.24,650.24,650.24,calc,johnson,Rishi Sunak,gb_auctions,328
2021-09-08,2021-09-09,0 1/8% Index-linked Treasury Gilt 2031,IL Gilt,PAOF,0.00125,2031-08-10,1010.73,10.72,1430.73,136.534,136.534453,aus veröffentlichtem Cash-Erlös (geteilt durch Index-Verhältniszahl),-3.008571,-3.0086,1430.84,0.11,1594.97,181.79,37.42,337.24,-374.84,proj,johnson,Rishi Sunak,gb_auctions,326
2021-09-14,2021-09-15,0 3/8% Treasury Gilt 2026,Gilt,AUK,0.00375,2026-10-22,3000.0,,2991.77,99.726,99.726,veröffentlicht (Durchschnittskurs bzw. Emissionskurs),0.429351,0.4294,2997.81,6.03,3000.0,65.61,65.61,65.61,65.61,calc,johnson,Rishi Sunak,gb_auctions,325
2021-09-15,2021-09-16,0¼% Treasury Gilt 2031,Gilt,PAOF,0.0025,2031-07-31,2857.92,357.92,2724.71,95.339,95.339,veröffentlicht (Durchschnittskurs bzw. Emissionskurs),0.7404649999999999,0.7405,2725.62,0.91,2857.92,203.74,203.74,203.74,203.74,calc,johnson,Rishi Sunak,gb_auctions,324
2021-09-22,2021-09-23,0 1/8% Index-Linked Treasury Gilt 2056,IL Gilt,AUK,0.00125,2056-11-22,350.0,,933.27,231.5,231.499936,aus veröffentlichtem Cash-Erlös (geteilt durch Index-Verhältniszahl),-2.289091,-2.2891,933.44,0.17,1010.1,108.77,-352.18,921.12,-527.24,proj,johnson,Rishi Sunak,gb_auctions,323
2021-09-28,2021-09-29,1¼% Treasury Gilt 2051,Gilt,AUK,0.0125,2051-07-31,2000.0,,1959.74,97.98700000000001,97.987,veröffentlicht (Durchschnittskurs bzw. Emissionskurs),1.331961,1.332,1963.82,4.08,2000.0,786.18,786.18,786.18,786.18,calc,johnson,Rishi Sunak,gb_auctions,322
2021-10-05,2021-10-06,0¼% Treasury Gilt 2025,Gilt,AUK,0.0025,2025-01-31,3000.0,,2976.21,99.20700000000001,99.207,veröffentlicht (Durchschnittskurs bzw. Emissionskurs),0.49123,0.4912,2978.18,1.97,3000.0,48.67,48.67,48.67,48.67,calc,johnson,Rishi Sunak,gb_auctions,320
2021-10-05,2021-10-06,1 1/8% Treasury Gilt 2039,Gilt,PAOF,0.01125,2039-01-31,2288.12,38.12,2205.88,96.406,96.406,veröffentlicht (Durchschnittskurs bzw. Emissionskurs),1.358558,1.3586,2210.58,4.69,2288.12,528.02,528.02,528.02,528.02,calc,johnson,Rishi Sunak,gb_auctions,321
2021-10-06,2021-10-07,0½% Treasury Gilt 2029,Gilt,PAOF,0.005,2029-01-31,3125.0,625.0,3026.38,96.844,96.844,veröffentlicht (Durchschnittskurs bzw. Emissionskurs),0.947575,0.9476,3027.86,1.49,3125.0,212.93,212.93,212.93,212.93,calc,johnson,Rishi Sunak,gb_auctions,319
2021-10-12,2021-10-13,0½% Treasury Gilt 2061,Gilt,PAOF,0.005,2061-10-22,1562.5,312.5,1127.02,72.12899999999999,72.129,veröffentlicht (Durchschnittskurs bzw. Emissionskurs),1.414331,1.4143,1130.73,3.71,1562.5,748.18,748.18,748.18,748.18,calc,johnson,Rishi Sunak,gb_auctions,318
2021-10-13,2021-10-14,0 1/8% Index-linked Treasury Gilt 2051,IL Gilt,PAOF,0.00125,2051-03-22,567.4,67.4,1185.18,200.57,200.569503,aus veröffentlichtem Cash-Erlös (geteilt durch Index-Verhältniszahl),-2.2608639999999998,-2.2609,1185.22,0.04,1318.08,169.56,-342.57,977.89,-589.76,proj,johnson,Rishi Sunak,gb_auctions,317
2021-10-20,2021-10-21,0¼% Treasury Gilt 2031,Gilt,PAOF,0.0025,2031-07-31,2812.5,562.5,2580.62,91.755,91.755,veröffentlicht (Durchschnittskurs bzw. Emissionskurs),1.143716,1.1437,2582.18,1.57,2812.5,300.64,300.64,300.64,300.64,calc,johnson,Rishi Sunak,gb_auctions,316
2021-10-26,2021-10-27,0 3/8% Treasury Gilt 2026,Gilt,AUK,0.00375,2026-10-22,2750.0,,2694.45,97.98,97.98,veröffentlicht (Durchschnittskurs bzw. Emissionskurs),0.78893,0.7889,2694.59,0.14,2750.0,106.97,106.97,106.97,106.97,calc,johnson,Rishi Sunak,gb_auctions,315
2021-11-02,2021-11-03,0¼% Treasury Gilt 2025,Gilt,AUK,0.0025,2025-01-31,3000.0,,2957.75,98.59200000000001,98.592,veröffentlicht (Durchschnittskurs bzw. Emissionskurs),0.6899169999999999,0.6899,2960.3,2.54,3000.0,66.55,66.55,66.55,66.55,calc,johnson,Rishi Sunak,gb_auctions,313
2021-11-02,2021-11-03,1 5/8% Treasury Gilt 2071,Gilt,PAOF,0.01625,2071-10-22,1533.75,283.75,1965.49,128.149,128.149,veröffentlicht (Durchschnittskurs bzw. Emissionskurs),0.920861,0.9209,1966.31,0.82,1533.75,813.61,813.61,813.61,813.61,calc,johnson,Rishi Sunak,gb_auctions,314
2021-11-03,2021-11-04,0½% Treasury Gilt 2029,Gilt,AUK,0.005,2029-01-31,2500.0,,2432.24,97.29,97.29,veröffentlicht (Durchschnittskurs bzw. Emissionskurs),0.8873300000000001,0.8873,2434.39,2.14,2500.0,158.24,158.24,158.24,158.24,calc,johnson,Rishi Sunak,gb_auctions,312
2021-11-10,2021-11-11,0 1/8% Index-linked Treasury Gilt 2031,IL Gilt,AUK,0.00125,2031-08-10,900.0,,1311.2,138.97,138.969704,aus veröffentlichtem Cash-Erlös (geteilt durch Index-Verhältniszahl),-3.242267,-3.2423,1311.5,0.3,1420.24,124.46,-4.09,262.89,-360.76,proj,johnson,Rishi Sunak,gb_auctions,311
2021-11-16,2021-11-17,0 7/8% Treasury Gilt 2046,Gilt,PAOF,0.00875,2046-01-31,2170.38,420.38,2032.26,93.63600000000001,93.636,veröffentlicht (Durchschnittskurs bzw. Emissionskurs),1.177948,1.1779,2037.88,5.62,2170.38,597.77,597.77,597.77,597.77,calc,johnson,Rishi Sunak,gb_auctions,310
2021-12-01,2021-12-02,1% Treasury Gilt 2032,Gilt,AUK,0.01,2032-01-31,2250.0,,2267.89,100.795,100.795,veröffentlicht (Durchschnittskurs bzw. Emissionskurs),0.9179170000000001,0.9179,2267.89,0.0,2250.0,210.78,210.78,210.78,210.78,calc,johnson,Rishi Sunak,gb_auctions,309
2021-12-07,2021-12-08,1¼% Treasury Gilt 2051,Gilt,PAOF,0.0125,2051-07-31,1875.0,375.0,2060.5,109.89299999999999,109.893,veröffentlicht (Durchschnittskurs bzw. Emissionskurs),0.8706539999999999,0.8707,2068.77,8.28,1875.0,509.35,509.35,509.35,509.35,calc,johnson,Rishi Sunak,gb_auctions,308
2022-01-11,2022-01-12,0 3/8% Treasury Gilt 2026,Gilt,AUK,0.00375,2026-10-22,3000.0,,2914.39,97.146,97.146,veröffentlicht (Durchschnittskurs bzw. Emissionskurs),0.988397,0.9884,2916.91,2.53,3000.0,139.34,139.34,139.34,139.34,calc,johnson,Rishi Sunak,gb_auctions,307
2022-01-18,2022-01-19,0½% Treasury Gilt 2029,Gilt,PAOF,0.005,2029-01-31,3125.0,625.0,2997.41,95.917,95.917,veröffentlicht (Durchschnittskurs bzw. Emissionskurs),1.10503,1.105,3003.31,5.9,3125.0,237.48,237.48,237.48,237.48,calc,johnson,Rishi Sunak,gb_auctions,306
2022-01-26,2022-01-27,0 1/8% Index-linked Treasury Gilt 2051,IL Gilt,AUK,0.00125,2051-03-22,600.0,,1250.14,195.204,195.203832,aus veröffentlichtem Cash-Erlös (geteilt durch Index-Verhältniszahl),-2.191058,-2.1911,1250.42,0.28,1393.81,182.2,-359.35,1036.97,-605.17,proj,johnson,Rishi Sunak,gb_auctions,305
2022-02-15,2022-02-16,1% Treasury Gilt 2032,Gilt,AUK,0.01,2032-01-31,2250.0,,2126.58,94.515,94.515,veröffentlicht (Durchschnittskurs bzw. Emissionskurs),1.598101,1.5981,2127.58,0.99,2250.0,347.42,347.42,347.42,347.42,calc,johnson,Rishi Sunak,gb_auctions,304
2022-03-02,2022-03-03,0¼% Treasury Gilt 2025,Gilt,AUK,0.0025,2025-01-31,3250.0,,3184.53,97.986,97.986,veröffentlicht (Durchschnittskurs bzw. Emissionskurs),0.9523229999999999,0.9523,3185.24,0.7,3250.0,89.13,89.13,89.13,89.13,calc,johnson,Rishi Sunak,gb_auctions,303
2022-03-08,2022-03-09,1¼% Treasury Gilt 2051,Gilt,PAOF,0.0125,2051-07-31,1875.0,375.0,1730.07,92.27,92.27,veröffentlicht (Durchschnittskurs bzw. Emissionskurs),1.579711,1.5797,1732.46,2.4,1875.0,833.95,833.95,833.95,833.95,calc,johnson,Rishi Sunak,gb_auctions,302
2022-03-15,2022-03-16,0 1/8% Index-linked Treasury Gilt 2031,IL Gilt,PAOF,0.00125,2031-08-10,1239.4,39.4,1771.48,132.09,132.089837,aus veröffentlichtem Cash-Erlös (geteilt durch Index-Verhältniszahl),-2.8287999999999998,-2.8288,1771.64,0.16,1955.84,205.01,27.98,395.63,-421.41,proj,johnson,Rishi Sunak,gb_auctions,301
2022-04-05,2022-04-06,0 3/8% Treasury Gilt 2026,Gilt,AUK,0.00375,2026-10-22,3250.0,,3087.53,95.001,95.001,veröffentlicht (Durchschnittskurs bzw. Emissionskurs),1.5176669999999999,1.5177,3093.09,5.56,3250.0,217.85,217.85,217.85,217.85,calc,johnson,Rishi Sunak,gb_auctions,300
2022-04-12,2022-04-13,1% Treasury Gilt 2032,Gilt,PAOF,0.01,2032-01-31,3125.0,625.0,2867.78,91.76899999999999,91.769,veröffentlicht (Durchschnittskurs bzw. Emissionskurs),1.9254980000000002,1.9255,2873.99,6.22,3125.0,563.5,563.5,563.5,563.5,calc,johnson,Rishi Sunak,gb_auctions,299
2022-04-20,2022-04-21,1 1/8% Treasury Gilt 2039,Gilt,PAOF,0.01125,2039-01-31,2500.0,500.0,2136.65,85.46600000000001,85.466,veröffentlicht (Durchschnittskurs bzw. Emissionskurs),2.162395,2.1624,2142.86,6.22,2500.0,835.26,835.26,835.26,835.26,calc,johnson,Rishi Sunak,gb_auctions,298
2022-05-10,2022-05-11,0 7/8% Green Gilt 2033,Green Gilt,AUK,0.00875,2033-07-31,2250.0,,2007.11,89.205,89.205,veröffentlicht (Durchschnittskurs bzw. Emissionskurs),1.950529,1.9505,2012.55,5.44,2250.0,463.86,463.86,463.86,463.86,calc,johnson,Rishi Sunak,gb_auctions,297
2022-05-11,2022-05-12,0½% Treasury Gilt 2029,Gilt,AUK,0.005,2029-01-31,2500.0,,2319.99,92.8,92.8,veröffentlicht (Durchschnittskurs bzw. Emissionskurs),1.635559,1.6356,2323.49,3.49,2500.0,264.01,264.01,264.01,264.01,calc,johnson,Rishi Sunak,gb_auctions,296
2022-05-17,2022-05-18,1¼% Treasury Gilt 2051,Gilt,PAOF,0.0125,2051-07-31,2187.5,437.5,1808.57,82.678,82.678,veröffentlicht (Durchschnittskurs bzw. Emissionskurs),2.04017,2.0402,1816.66,8.08,2187.5,1177.48,1177.48,1177.48,1177.48,calc,johnson,Rishi Sunak,gb_auctions,295
2022-05-24,2022-05-25,0 1/8% Index-linked Treasury Gilt 2039,IL Gilt,PAOF,0.00125,2039-03-22,847.7,97.7,1245.14,135.039,135.038899,aus veröffentlichtem Cash-Erlös (geteilt durch Index-Verhältniszahl),-1.669895,-1.6699,1245.34,0.2,1539.04,321.3,-16.12,742.88,-317.09,proj,johnson,Rishi Sunak,gb_auctions,294
2022-06-07,2022-06-08,0¼% Treasury Gilt 2025,Gilt,PAOF,0.0025,2025-01-31,3075.0,75.0,2940.75,95.634,95.634,veröffentlicht (Durchschnittskurs bzw. Emissionskurs),1.9507149999999998,1.9507,2943.46,2.72,3075.0,154.6,154.6,154.6,154.6,calc,johnson,Rishi Sunak,gb_auctions,293
2022-06-08,2022-06-09,1% Treasury Gilt 2032,Gilt,PAOF,0.01,2032-01-31,3125.0,625.0,2776.41,88.845,88.845,veröffentlicht (Durchschnittskurs bzw. Emissionskurs),2.296036,2.296,2787.54,11.14,3125.0,649.96,649.96,649.96,649.96,calc,johnson,Rishi Sunak,gb_auctions,292
2022-06-28,2022-06-29,0 1/8% Index-linked Treasury Gilt 2031,IL Gilt,PAOF,0.00125,2031-08-10,1011.98,11.97,1314.13,114.2,114.19999,aus veröffentlichtem Cash-Erlös (geteilt durch Index-Verhältniszahl),-1.334657,-1.3347,1314.68,0.55,1596.95,299.26,154.71,454.9,-156.52,proj,johnson,Rishi Sunak,gb_auctions,291
2022-07-05,2022-07-06,1¼% Treasury Gilt 2051,Gilt,PAOF,0.0125,2051-07-31,2378.75,378.75,1754.35,73.751,73.751,veröffentlicht (Durchschnittskurs bzw. Emissionskurs),2.5309630000000003,2.531,1767.17,12.81,2378.75,1488.75,1488.75,1488.75,1488.75,calc,johnson,Nadhim Zahawi,gb_auctions,290
2022-07-12,2022-07-13,1% Treasury Gilt 2032,Gilt,PAOF,0.01,2032-01-31,3437.5,687.5,3099.34,90.163,90.163,veröffentlicht (Durchschnittskurs bzw. Emissionskurs),2.14463,2.1446,3114.83,15.48,3437.5,666.42,666.42,666.42,666.42,calc,johnson,Nadhim Zahawi,gb_auctions,289
2022-07-19,2022-07-20,1 1/8% Treasury Gilt 2039,Gilt,PAOF,0.01125,2039-01-31,2500.0,500.0,1994.87,79.795,79.795,veröffentlicht (Durchschnittskurs bzw. Emissionskurs),2.641413,2.6414,2008.08,13.21,2500.0,970.04,970.04,970.04,970.04,calc,johnson,Nadhim Zahawi,gb_auctions,288
2022-07-21,2022-07-22,0¼% Treasury Gilt 2025,Gilt,PAOF,0.0025,2025-01-31,4366.25,866.25,4155.05,95.163,95.163,veröffentlicht (Durchschnittskurs bzw. Emissionskurs),2.230886,2.2309,4154.78,-0.27,4366.25,238.76,238.76,238.76,238.76,calc,johnson,Nadhim Zahawi,gb_auctions,287
2022-07-27,2022-07-28,0 1/8% Index-linked Treasury Gilt 2051,IL Gilt,AUK,0.00125,2051-03-22,700.0,,978.69,122.1,122.099834,aus veröffentlichtem Cash-Erlös (geteilt durch Index-Verhältniszahl),-0.5826100000000001,-0.5826,979.04,0.35,1626.11,691.88,60.07,1689.12,-172.33,proj,johnson,Nadhim Zahawi,gb_auctions,286
2022-08-02,2022-08-03,1% Treasury Gilt 2032,Gilt,PAOF,0.01,2032-01-31,2771.88,21.88,2583.31,93.197,93.197,veröffentlicht (Durchschnittskurs bzw. Emissionskurs),1.7822280000000001,1.7822,2583.53,0.23,2771.88,451.67,451.67,451.67,451.67,calc,johnson,Nadhim Zahawi,gb_auctions,285
2022-08-09,2022-08-10,1¼% Treasury Gilt 2051,Gilt,PAOF,0.0125,2051-07-31,1760.0,10.0,1351.75,76.804,76.804,veröffentlicht (Durchschnittskurs bzw. Emissionskurs),2.3597710000000003,2.3598,1352.35,0.6,1760.0,1045.65,1045.65,1045.65,1045.65,calc,johnson,Nadhim Zahawi,gb_auctions,284
2022-08-16,2022-08-17,0½% Treasury Gilt 2029,Gilt,PAOF,0.005,2029-01-31,2803.5,53.5,2557.3,91.21799999999999,91.218,veröffentlicht (Durchschnittskurs bzw. Emissionskurs),1.955011,1.955,2557.94,0.65,2803.5,336.67,336.67,336.67,336.67,calc,johnson,Nadhim Zahawi,gb_auctions,283
2022-08-23,2022-08-24,0 1/8% Index-linked Treasury Gilt 2039,IL Gilt,AUK,0.00125,2039-03-22,750.0,,1040.32,121.322,121.321531,aus veröffentlichtem Cash-Erlös (geteilt durch Index-Verhältniszahl),-1.0491249999999999,-1.0491,1040.77,0.45,1361.66,345.31,46.78,718.3,-177.81,proj,johnson,Nadhim Zahawi,gb_auctions,282
2022-08-25,2022-08-26,0 5/8% Treasury Gilt 2025,Gilt,TEN,0.00625,2025-06-07,1500.0,,1419.12,94.60799999999999,94.608,veröffentlicht (Durchschnittskurs bzw. Emissionskurs),2.648521,2.6485,1421.17,2.05,1500.0,106.96,106.96,106.96,106.96,calc,johnson,Nadhim Zahawi,gb_tenders,45
2022-09-01,2022-09-02,0 7/8% Treasury Gilt 2046,Gilt,PAOF,0.00875,2046-01-31,2500.0,500.0,1540.11,61.604,61.604,veröffentlicht (Durchschnittskurs bzw. Emissionskurs),3.223672,3.2237,1542.06,1.96,2500.0,1472.0,1472.0,1472.0,1472.0,calc,johnson,Nadhim Zahawi,gb_auctions,281
2022-09-06,2022-09-07,0¼% Treasury Gilt 2025,Gilt,PAOF,0.0025,2025-01-31,4183.16,683.16,3902.3,93.286,93.286,veröffentlicht (Durchschnittskurs bzw. Emissionskurs),3.181612,3.1816,3903.38,1.08,4183.16,305.92,305.92,305.92,305.92,calc,truss,Kwasi Kwarteng,gb_auctions,280
2022-09-07,2022-09-08,1% Treasury Gilt 2032,Gilt,PAOF,0.01,2032-01-31,3437.5,687.5,2856.02,83.084,83.084,veröffentlicht (Durchschnittskurs bzw. Emissionskurs),3.088226,3.0882,2859.66,3.64,3437.5,904.41,904.41,904.41,904.41,calc,truss,Kwasi Kwarteng,gb_auctions,279
2022-09-27,2022-09-28,0 1/8% Index-linked Treasury Gilt 2031,IL Gilt,AUK,0.00125,2031-08-10,1200.0,,1382.76,98.67,98.670183,aus veröffentlichtem Cash-Erlös (geteilt durch Index-Verhältniszahl),0.276949,0.2769,1382.99,0.23,1893.66,529.95,358.55,714.52,26.36,proj,truss,Kwasi Kwarteng,gb_auctions,278
2022-10-04,2022-10-05,0½% Treasury Gilt 2061,Gilt,AUK,0.005,2061-10-22,2500.0,,948.12,37.925,37.925,veröffentlicht (Durchschnittskurs bzw. Emissionskurs),3.370646,3.3706,953.79,5.67,2500.0,2039.96,2039.96,2039.96,2039.96,calc,truss,Kwasi Kwarteng,gb_auctions,277
2022-10-05,2022-10-06,1% Treasury Gilt 2032,Gilt,PAOF,0.01,2032-01-31,3750.0,750.0,2851.55,76.041,76.041,veröffentlicht (Durchschnittskurs bzw. Emissionskurs),4.122628000000001,4.1226,2858.36,6.83,3750.0,1247.88,1247.88,1247.88,1247.88,calc,truss,Kwasi Kwarteng,gb_auctions,276
2022-10-11,2022-10-12,0 1/8% Index-linked Treasury Gilt 2051,IL Gilt,PAOF,0.00125,2051-03-22,1106.3,206.3,870.6,67.3,67.299644,aus veröffentlichtem Cash-Erlös (geteilt durch Index-Verhältniszahl),1.5511869999999999,1.5512,870.69,0.09,2569.94,1769.27,770.75,3345.33,430.27,proj,truss,Kwasi Kwarteng,gb_auctions,275
2022-10-12,2022-10-13,4 1/8% Treasury Gilt 2027,Gilt,PAOF,0.04125,2027-01-29,4365.25,865.25,4252.45,97.416,97.416,veröffentlicht (Durchschnittskurs bzw. Emissionskurs),4.799675,4.7997,4252.45,0.0,4365.25,885.91,885.91,885.91,885.91,calc,truss,Kwasi Kwarteng,gb_auctions,274
2022-10-18,2022-10-19,1¼% Treasury Gilt 2051,Gilt,PAOF,0.0125,2051-07-31,3125.0,625.0,1523.99,48.768,48.768,veröffentlicht (Durchschnittskurs bzw. Emissionskurs),4.409184,4.4092,1532.49,8.49,3125.0,2725.32,2725.32,2725.32,2725.32,calc,truss,Jeremy Hunt,gb_auctions,273
2022-10-19,2022-10-20,1% Treasury Gilt 2032,Gilt,PAOF,0.01,2032-01-31,4062.5,812.5,3095.98,76.209,76.209,veröffentlicht (Durchschnittskurs bzw. Emissionskurs),4.1093020000000005,4.1093,3104.93,8.94,4062.5,1343.5,1343.5,1343.5,1343.5,calc,truss,Jeremy Hunt,gb_auctions,272
2022-10-25,2022-10-26,0 1/8% Index-linked Treasury Gilt 2039,IL Gilt,PAOF,0.00125,2039-03-22,898.85,98.85,1053.81,100.89,100.889633,aus veröffentlichtem Cash-Erlös (geteilt durch Index-Verhältniszahl),0.07042799999999999,0.0704,1053.93,0.12,1631.91,606.59,248.81,1053.61,-3.5,proj,sunak,Jeremy Hunt,gb_auctions,271
2022-10-26,2022-10-27,0½% Treasury Gilt 2029,Gilt,AUK,0.005,2029-01-31,3500.0,,2868.17,81.948,81.948,veröffentlicht (Durchschnittskurs bzw. Emissionskurs),3.763101,3.7631,2872.36,4.18,3500.0,741.39,741.39,741.39,741.39,calc,sunak,Jeremy Hunt,gb_auctions,270
2022-11-09,2022-11-10,0 7/8% Green Gilt 2033,Green Gilt,AUK,0.00875,2033-07-31,2750.0,,2064.92,75.08800000000001,75.088,veröffentlicht (Durchschnittskurs bzw. Emissionskurs),3.712385,3.7124,2071.59,6.67,2750.0,943.1,943.1,943.1,943.1,calc,sunak,Jeremy Hunt,gb_auctions,269
2022-11-10,2022-11-11,4 1/8% Treasury Gilt 2027,Gilt,PAOF,0.04125,2027-01-29,4375.0,875.0,4459.69,101.936,101.936,veröffentlicht (Durchschnittskurs bzw. Emissionskurs),3.626033,3.626,4473.92,14.22,4375.0,675.92,675.92,675.92,675.92,calc,sunak,Jeremy Hunt,gb_auctions,268
2022-11-15,2022-11-16,0 7/8% Treasury Gilt 2046,Gilt,AUK,0.00875,2046-01-31,2250.0,,1293.14,57.473,57.473,veröffentlicht (Durchschnittskurs bzw. Emissionskurs),3.591546,3.5915,1298.92,5.78,2250.0,1413.74,1413.74,1413.74,1413.74,calc,sunak,Jeremy Hunt,gb_auctions,267
2022-11-15,2022-11-16,1% Treasury Gilt 2032,Gilt,AUK,0.01,2032-01-31,3250.0,,2631.91,80.982,80.982,veröffentlicht (Durchschnittskurs bzw. Emissionskurs),3.425947,3.4259,2641.45,9.54,3250.0,917.3,917.3,917.3,917.3,calc,sunak,Jeremy Hunt,gb_auctions,266
2022-11-23,2022-11-24,0¼% Treasury Gilt 2025,Gilt,PAOF,0.0025,2025-01-31,3559.5,59.5,3329.13,93.52799999999999,93.528,veröffentlicht (Durchschnittskurs bzw. Emissionskurs),3.3465089999999997,3.3465,3331.93,2.81,3559.5,249.81,249.81,249.81,249.81,calc,sunak,Jeremy Hunt,gb_auctions,265
2022-12-01,2022-12-02,1¼% Treasury Gilt 2051,Gilt,PAOF,0.0125,2051-07-31,2812.5,562.5,1706.32,60.669,60.669,veröffentlicht (Durchschnittskurs bzw. Emissionskurs),3.411409,3.4114,1718.16,11.85,2812.5,2113.87,2113.87,2113.87,2113.87,calc,sunak,Jeremy Hunt,gb_auctions,264
2022-12-06,2022-12-07,1 1/8% Treasury Gilt 2039,Gilt,PAOF,0.01125,2039-01-31,2812.5,562.5,1989.73,70.74600000000001,70.746,veröffentlicht (Durchschnittskurs bzw. Emissionskurs),3.5142070000000003,3.5142,2000.82,11.09,2812.5,1333.75,1333.75,1333.75,1333.75,calc,sunak,Jeremy Hunt,gb_auctions,263
2022-12-06,2022-12-07,4 1/8% Treasury Gilt 2027,Gilt,PAOF,0.04125,2027-01-29,4062.5,812.5,4164.07,102.5,102.5,veröffentlicht (Durchschnittskurs bzw. Emissionskurs),3.472214,3.4722,4189.11,25.05,4062.5,592.88,592.88,592.88,592.88,calc,sunak,Jeremy Hunt,gb_auctions,262
2022-12-07,2022-12-08,0 1/8% Index-linked Treasury Gilt 2031,IL Gilt,PAOF,0.00125,2031-08-10,744.65,44.65,940.39,106.07600000000001,106.076483,aus veröffentlichtem Cash-Erlös (geteilt durch Index-Verhältniszahl),-0.557706,-0.5577,940.75,0.36,1175.09,246.31,139.95,360.84,-49.29,proj,sunak,Jeremy Hunt,gb_auctions,261
2022-12-13,2022-12-14,1% Treasury Gilt 2032,Gilt,PAOF,0.01,2032-01-31,3750.0,750.0,3066.22,81.766,81.766,veröffentlicht (Durchschnittskurs bzw. Emissionskurs),3.332644,3.3326,3080.08,13.86,3750.0,1026.17,1026.17,1026.17,1026.17,calc,sunak,Jeremy Hunt,gb_auctions,260
2022-12-20,2022-12-21,0¼% Treasury Gilt 2025,Gilt,PAOF,0.0025,2025-01-31,3619.25,369.25,3360.05,92.838,92.838,veröffentlicht (Durchschnittskurs bzw. Emissionskurs),3.8125080000000002,3.8125,3363.56,3.52,3619.25,278.32,278.32,278.32,278.32,calc,sunak,Jeremy Hunt,gb_auctions,259
2023-01-05,2023-01-06,4 1/8% Treasury Gilt 2027,Gilt,AUK,0.04125,2027-01-29,3500.0,,3560.3,101.723,101.723,veröffentlicht (Durchschnittskurs bzw. Emissionskurs),3.664624,3.6646,3593.65,33.35,3500.0,526.22,526.22,526.22,526.22,calc,sunak,Jeremy Hunt,gb_auctions,258
2023-01-10,2023-01-11,3¼% Treasury Gilt 2033,Gilt,PAOF,0.0325,2033-01-31,3702.5,702.5,3564.45,96.271,96.271,veröffentlicht (Durchschnittskurs bzw. Emissionskurs),3.697248,3.6972,3564.43,0.0,3702.5,1347.92,1347.92,1347.92,1347.92,calc,sunak,Jeremy Hunt,gb_auctions,257
2023-01-17,2023-01-18,3½% Treasury Gilt 2025,Gilt,PAOF,0.035,2025-10-22,4440.75,440.75,4425.48,99.656,99.656,veröffentlicht (Durchschnittskurs bzw. Emissionskurs),3.633698,3.6337,4425.47,0.0,4440.75,443.98,443.98,443.98,443.98,calc,sunak,Jeremy Hunt,gb_auctions,256
2023-01-19,2023-01-20,0 1/8% Index-linked Treasury Gilt 2031,IL Gilt,PAOF,0.00125,2031-08-10,1195.92,95.92,1470.85,101.01,101.009767,aus veröffentlichtem Cash-Erlös (geteilt durch Index-Verhältniszahl),0.006932000000000001,0.0069,1471.66,0.81,1887.23,434.79,263.97,618.73,-7.58,proj,sunak,Jeremy Hunt,gb_auctions,255
2023-02-01,2023-02-02,0 7/8% Green Gilt 2033,Green Gilt,AUK,0.00875,2033-07-31,3000.0,,2329.76,77.65899999999999,77.659,veröffentlicht (Durchschnittskurs bzw. Emissionskurs),3.4276139999999997,3.4276,2329.92,0.15,3000.0,945.71,945.71,945.71,945.71,calc,sunak,Jeremy Hunt,gb_auctions,254
2023-02-07,2023-02-08,4 1/8% Treasury Gilt 2027,Gilt,AUK,0.04125,2027-01-29,3500.0,,3600.0,102.85700000000001,102.857,veröffentlicht (Durchschnittskurs bzw. Emissionskurs),3.3506169999999997,3.3506,3603.98,3.99,3500.0,473.52,473.52,473.52,473.52,calc,sunak,Jeremy Hunt,gb_auctions,253
2023-02-08,2023-02-09,1 1/8% Treasury Gilt 2039,Gilt,AUK,0.01125,2039-01-31,2000.0,,1375.95,68.797,68.797,veröffentlicht (Durchschnittskurs bzw. Emissionskurs),3.7364620000000004,3.7365,1376.5,0.56,2000.0,983.5,983.5,983.5,983.5,calc,sunak,Jeremy Hunt,gb_auctions,252
2023-02-14,2023-02-15,3¼% Treasury Gilt 2033,Gilt,AUK,0.0325,2033-01-31,3000.0,,2930.53,97.684,97.684,veröffentlicht (Durchschnittskurs bzw. Emissionskurs),3.527355,3.5274,2939.86,9.34,3000.0,1040.44,1040.44,1040.44,1040.44,calc,sunak,Jeremy Hunt,gb_auctions,251
2023-02-21,2023-02-22,0½% Treasury Gilt 2029,Gilt,AUK,0.005,2029-01-31,3500.0,,2924.94,83.57,83.57,veröffentlicht (Durchschnittskurs bzw. Emissionskurs),3.5970269999999998,3.597,2926.01,1.06,3500.0,678.99,678.99,678.99,678.99,calc,sunak,Jeremy Hunt,gb_auctions,250
2023-02-22,2023-02-23,1½% Green Gilt 2053,Green Gilt,AUK,0.015,2053-07-31,2000.0,,1120.01,56.001000000000005,56.001,veröffentlicht (Durchschnittskurs bzw. Emissionskurs),4.018197,4.0182,1121.93,1.91,2000.0,1793.07,1793.07,1793.07,1793.07,calc,sunak,Jeremy Hunt,gb_auctions,249
2023-03-01,2023-03-02,3¾% Treasury Gilt 2038,Gilt,PAOF,0.0375,2038-01-29,3125.0,625.0,2989.81,95.67399999999999,95.674,veröffentlicht (Durchschnittskurs bzw. Emissionskurs),4.141501,4.1415,3000.17,10.36,3125.0,1882.64,1882.64,1882.64,1882.64,calc,sunak,Jeremy Hunt,gb_auctions,248
2023-03-02,2023-03-03,0 1/8% Index-linked Treasury Gilt 2051,IL Gilt,PAOF,0.00125,2051-03-22,736.83,86.83,742.89,82.28,82.280412,aus veröffentlichtem Cash-Erlös (geteilt durch Index-Verhältniszahl),0.8348350000000001,0.8348,743.4,0.51,1711.65,1014.89,349.85,2064.59,164.37,proj,sunak,Jeremy Hunt,gb_auctions,247
2023-03-07,2023-03-08,3½% Treasury Gilt 2025,Gilt,AUK,0.035,2025-10-22,4500.0,,4427.96,98.399,98.399,veröffentlicht (Durchschnittskurs bzw. Emissionskurs),4.1507380000000005,4.1507,4449.16,21.2,4500.0,485.27,485.27,485.27,485.27,calc,sunak,Jeremy Hunt,gb_auctions,246
2023-03-08,2023-03-09,0½% Treasury Gilt 2061,Gilt,PAOF,0.005,2061-10-22,2500.0,500.0,830.85,33.234,33.234,veröffentlicht (Durchschnittskurs bzw. Emissionskurs),3.820985,3.821,835.59,4.74,2500.0,2151.91,2151.91,2151.91,2151.91,calc,sunak,Jeremy Hunt,gb_auctions,245
2023-03-14,2023-03-15,3¼% Treasury Gilt 2033,Gilt,PAOF,0.0325,2033-01-31,3750.0,750.0,3673.5,97.96,97.96,veröffentlicht (Durchschnittskurs bzw. Emissionskurs),3.4953480000000003,3.4953,3694.6,21.1,3750.0,1280.77,1280.77,1280.77,1280.77,calc,sunak,Jeremy Hunt,gb_auctions,244
2023-03-21,2023-03-22,3¾% Treasury Gilt 2053,Gilt,PAOF,0.0375,2053-10-22,2465.0,465.0,2414.88,97.96700000000001,97.967,veröffentlicht (Durchschnittskurs bzw. Emissionskurs),3.8639159999999997,3.864,2414.89,0.0,2465.0,2877.33,2877.33,2877.33,2877.33,calc,sunak,Jeremy Hunt,gb_auctions,243
2023-03-22,2023-03-23,4 1/8% Treasury Gilt 2027,Gilt,AUK,0.04125,2027-01-29,3500.0,,3547.0,101.34299999999999,101.343,veröffentlicht (Durchschnittskurs bzw. Emissionskurs),3.746371,3.7464,3568.14,21.14,3500.0,509.36,509.36,509.36,509.36,calc,sunak,Jeremy Hunt,gb_auctions,242
2023-04-04,2023-04-05,1 1/8% Treasury Gilt 2039,Gilt,AUK,0.01125,2039-01-31,2250.0,,1543.5,68.6,68.6,veröffentlicht (Durchschnittskurs bzw. Emissionskurs),3.779687,3.7797,1547.98,4.48,2250.0,1107.02,1107.02,1107.02,1107.02,calc,sunak,Jeremy Hunt,gb_auctions,241
2023-04-05,2023-04-06,0½% Treasury Gilt 2029,Gilt,PAOF,0.005,2029-01-31,4375.0,875.0,3689.84,84.339,84.339,veröffentlicht (Durchschnittskurs bzw. Emissionskurs),3.497093,3.4971,3693.76,3.93,4375.0,812.49,812.49,812.49,812.49,calc,sunak,Jeremy Hunt,gb_auctions,240
2023-04-12,2023-04-13,0 1/8% Index-linked Treasury Gilt 2039,IL Gilt,PAOF,0.00125,2039-03-22,1124.02,224.02,1326.81,96.762,96.762117,aus veröffentlichtem Cash-Erlös (geteilt durch Index-Verhältniszahl),0.333754,0.3338,1326.91,0.1,2040.72,748.74,301.33,1307.74,50.84,proj,sunak,Jeremy Hunt,gb_auctions,239
2023-04-13,2023-04-14,3¼% Treasury Gilt 2033,Gilt,PAOF,0.0325,2033-01-31,4062.5,812.5,3948.45,97.193,97.193,veröffentlicht (Durchschnittskurs bzw. Emissionskurs),3.5917239999999997,3.5917,3982.26,33.8,4062.5,1407.72,1407.72,1407.72,1407.72,calc,sunak,Jeremy Hunt,gb_auctions,238
2023-04-18,2023-04-19,3¾% Treasury Gilt 2053,Gilt,PAOF,0.0375,2053-10-22,2812.5,562.5,2649.93,94.22,94.22,veröffentlicht (Durchschnittskurs bzw. Emissionskurs),4.083061,4.0831,2649.07,-0.87,2812.5,3380.23,3380.23,3380.23,3380.23,calc,sunak,Jeremy Hunt,gb_auctions,237
2023-04-19,2023-04-20,4 1/8% Treasury Gilt 2027,Gilt,PAOF,0.04125,2027-01-29,4241.56,491.56,4254.01,100.29299999999999,100.293,veröffentlicht (Durchschnittskurs bzw. Emissionskurs),4.039094,4.0391,4293.14,39.15,4241.56,648.28,648.28,648.28,648.28,calc,sunak,Jeremy Hunt,gb_auctions,236
2023-05-03,2023-05-04,3½% Treasury Gilt 2025,Gilt,AUK,0.035,2025-10-22,4000.0,,3942.28,98.557,98.557,veröffentlicht (Durchschnittskurs bzw. Emissionskurs),4.120635,4.1206,3946.87,4.59,4000.0,403.13,403.13,403.13,403.13,calc,sunak,Jeremy Hunt,gb_auctions,235
2023-05-10,2023-05-11,3¼% Treasury Gilt 2033,Gilt,PAOF,0.0325,2033-01-31,4375.0,875.0,4163.9,95.175,95.175,veröffentlicht (Durchschnittskurs bzw. Emissionskurs),3.8488819999999997,3.8489,4210.91,47.01,4375.0,1593.69,1593.69,1593.69,1593.69,calc,sunak,Jeremy Hunt,gb_auctions,234
2023-05-17,2023-05-18,4 1/8% Treasury Gilt 2027,Gilt,PAOF,0.04125,2027-01-29,4649.75,899.75,4675.94,100.56299999999999,100.563,veröffentlicht (Durchschnittskurs bzw. Emissionskurs),3.958458,3.9585,4733.68,57.75,4649.75,683.28,683.28,683.28,683.28,calc,sunak,Jeremy Hunt,gb_auctions,233
2023-05-23,2023-05-24,0 1/8% Index-linked Treasury Gilt 2051,IL Gilt,AUK,0.00125,2051-03-22,750.0,,715.76,76.584,76.584225,aus veröffentlichtem Cash-Erlös (geteilt durch Index-Verhältniszahl),1.1046850000000001,1.1047,715.96,0.2,1742.26,1073.19,396.26,2141.66,223.05,proj,sunak,Jeremy Hunt,gb_auctions,232
2023-05-24,2023-05-25,0 7/8% Green Gilt 2033,Green Gilt,AUK,0.00875,2033-07-31,3000.0,,2172.15,72.405,72.405,veröffentlicht (Durchschnittskurs bzw. Emissionskurs),4.239278,4.2393,2180.42,8.27,3000.0,1095.21,1095.21,1095.21,1095.21,calc,sunak,Jeremy Hunt,gb_auctions,231
2023-06-06,2023-06-07,3¾% Treasury Gilt 2053,Gilt,PAOF,0.0375,2053-10-22,3112.5,612.5,2738.3,87.978,87.978,veröffentlicht (Durchschnittskurs bzw. Emissionskurs),4.477724,4.4777,2752.98,14.67,3112.5,3919.44,3919.44,3919.44,3919.44,calc,sunak,Jeremy Hunt,gb_auctions,230
2023-06-07,2023-06-08,3½% Treasury Gilt 2025,Gilt,PAOF,0.035,2025-10-22,4076.16,76.16,3951.95,96.95299999999999,96.953,veröffentlicht (Durchschnittskurs bzw. Emissionskurs),4.874248,4.8742,3970.28,18.32,4076.16,462.54,462.54,462.54,462.54,calc,sunak,Jeremy Hunt,gb_auctions,229
2023-06-13,2023-06-14,3¼% Treasury Gilt 2033,Gilt,AUK,0.0325,2033-01-31,3500.0,,3199.35,91.41,91.41,veröffentlicht (Durchschnittskurs bzw. Emissionskurs),4.350872,4.3509,3247.64,48.29,3500.0,1396.04,1396.04,1396.04,1396.04,calc,sunak,Jeremy Hunt,gb_auctions,228
2023-06-20,2023-06-21,4½% Treasury Gilt 2028,Gilt,PAOF,0.045,2028-06-07,4687.5,937.5,4599.43,98.12100000000001,98.121,veröffentlicht (Durchschnittskurs bzw. Emissionskurs),4.931985,4.932,4599.42,0.0,4687.5,1134.7,1134.7,1134.7,1134.7,calc,sunak,Jeremy Hunt,gb_auctions,227
2023-06-27,2023-06-28,0¾% Index-linked Treasury Gilt 2033,IL Gilt,PAOF,0.0075,2033-11-22,1690.35,190.35,1715.54,101.49,101.490224,aus veröffentlichtem Cash-Erlös (geteilt durch Index-Verhältniszahl),0.601985,0.602,1715.54,0.0,2201.39,640.4,345.18,972.51,13.72,proj,sunak,Jeremy Hunt,gb_auctions,226
2023-06-28,2023-06-29,3¾% Treasury Gilt 2038,Gilt,PAOF,0.0375,2038-01-29,3437.5,687.5,3176.84,92.417,92.417,veröffentlicht (Durchschnittskurs bzw. Emissionskurs),4.462736,4.4627,3230.6,53.77,3437.5,2140.49,2140.49,2140.49,2140.49,calc,sunak,Jeremy Hunt,gb_auctions,225
2023-07-04,2023-07-05,1½% Green Gilt 2053,Green Gilt,AUK,0.015,2053-07-31,2000.0,,1040.77,52.038999999999994,52.039,veröffentlicht (Durchschnittskurs bzw. Emissionskurs),4.386766,4.3868,1053.63,12.85,2000.0,1861.37,1861.37,1861.37,1861.37,calc,sunak,Jeremy Hunt,gb_auctions,224
2023-07-05,2023-07-06,3½% Treasury Gilt 2025,Gilt,PAOF,0.035,2025-10-22,4643.06,643.06,4428.96,95.389,95.389,veröffentlicht (Durchschnittskurs bzw. Emissionskurs),5.668104,5.6681,4462.27,33.3,4643.06,587.06,587.06,587.06,587.06,calc,sunak,Jeremy Hunt,gb_auctions,223
2023-07-12,2023-07-13,3¼% Treasury Gilt 2033,Gilt,AUK,0.0325,2033-01-31,3500.0,,3139.4,89.697,89.697,veröffentlicht (Durchschnittskurs bzw. Emissionskurs),4.594714,4.5947,3196.8,57.4,3500.0,1446.89,1446.89,1446.89,1446.89,calc,sunak,Jeremy Hunt,gb_auctions,222
2023-07-18,2023-07-19,3¾% Treasury Gilt 2053,Gilt,AUK,0.0375,2053-10-22,2500.0,,2197.7,87.90799999999999,87.908,veröffentlicht (Durchschnittskurs bzw. Emissionskurs),4.483721,4.4837,2220.24,22.54,2500.0,3139.13,3139.13,3139.13,3139.13,calc,sunak,Jeremy Hunt,gb_auctions,221
2023-07-19,2023-07-20,4½% Treasury Gilt 2028,Gilt,AUK,0.045,2028-06-07,3750.0,,3737.8,99.675,99.675,veröffentlicht (Durchschnittskurs bzw. Emissionskurs),4.574658,4.5747,3751.18,13.37,3750.0,836.11,836.11,836.11,836.11,calc,sunak,Jeremy Hunt,gb_auctions,220
2023-07-25,2023-07-26,3¾% Treasury Gilt 2038,Gilt,AUK,0.0375,2038-01-29,3000.0,,2778.18,92.60600000000001,92.606,veröffentlicht (Durchschnittskurs bzw. Emissionskurs),4.447095,4.4471,2777.25,-0.93,3000.0,1854.0,1854.0,1854.0,1854.0,calc,sunak,Jeremy Hunt,gb_auctions,219
2023-08-01,2023-08-02,3½% Treasury Gilt 2025,Gilt,AUK,0.035,2025-10-22,4000.0,,3853.01,96.325,96.325,veröffentlicht (Durchschnittskurs bzw. Emissionskurs),5.272168000000001,5.2722,3892.02,39.02,4000.0,457.98,457.98,457.98,457.98,calc,sunak,Jeremy Hunt,gb_auctions,218
2023-08-08,2023-08-09,0 1/8% Index-linked Treasury Gilt 2039,IL Gilt,PAOF,0.00125,2039-03-22,1104.5,204.5,1224.27,87.571,87.570962,aus veröffentlichtem Cash-Erlös (geteilt durch Index-Verhältniszahl),0.9854999999999999,0.9855,1224.93,0.66,2005.27,814.66,375.03,1363.95,179.53,proj,sunak,Jeremy Hunt,gb_auctions,217
2023-08-09,2023-08-10,3¼% Treasury Gilt 2033,Gilt,AUK,0.0325,2033-01-31,3500.0,,3203.57,91.531,91.531,veröffentlicht (Durchschnittskurs bzw. Emissionskurs),4.350298,4.3503,3206.68,3.09,3500.0,1373.95,1373.95,1373.95,1373.95,calc,sunak,Jeremy Hunt,gb_auctions,216
2023-08-15,2023-08-16,1 1/8% Treasury Gilt 2039,Gilt,AUK,0.01125,2039-01-31,2500.0,,1508.23,60.32899999999999,60.329,veröffentlicht (Durchschnittskurs bzw. Emissionskurs),4.786179000000001,4.7862,1509.45,1.22,2500.0,1426.49,1426.49,1426.49,1426.49,calc,sunak,Jeremy Hunt,gb_auctions,215
2023-08-22,2023-08-23,0¾% Index-linked Treasury Gilt 2033,IL Gilt,PAOF,0.0075,2033-11-22,1840.03,340.02,1817.95,97.791,97.791084,aus veröffentlichtem Cash-Erlös (geteilt durch Index-Verhältniszahl),0.977062,0.9771,1820.07,2.12,2396.32,744.48,423.12,1105.99,81.3,proj,sunak,Jeremy Hunt,gb_auctions,214
2023-09-06,2023-09-07,4½% Treasury Gilt 2028,Gilt,PAOF,0.045,2028-06-07,4660.43,660.42,4600.93,98.723,98.723,veröffentlicht (Durchschnittskurs bzw. Emissionskurs),4.802845,4.8028,4645.61,44.69,4660.43,1055.39,1055.39,1055.39,1055.39,calc,sunak,Jeremy Hunt,gb_auctions,213
2023-09-12,2023-09-13,0 1/8% Index-linked Treasury Gilt 2051,IL Gilt,PAOF,0.00125,2051-03-22,910.0,10.0,840.16,72.31,72.310462,aus veröffentlichtem Cash-Erlös (geteilt durch Index-Verhältniszahl),1.329604,1.3296,840.85,0.69,2113.94,1329.98,508.64,2626.39,326.37,proj,sunak,Jeremy Hunt,gb_auctions,212
2023-09-13,2023-09-14,3¼% Treasury Gilt 2033,Gilt,PAOF,0.0325,2033-01-31,4002.12,252.12,3650.83,91.22200000000001,91.222,veröffentlicht (Durchschnittskurs bzw. Emissionskurs),4.402210999999999,4.4022,3666.72,15.91,4002.12,1571.06,1571.06,1571.06,1571.06,calc,sunak,Jeremy Hunt,gb_auctions,211
2023-09-19,2023-09-20,3¾% Treasury Gilt 2053,Gilt,AUK,0.0375,2053-10-22,2750.0,,2329.97,84.726,84.726,veröffentlicht (Durchschnittskurs bzw. Emissionskurs),4.703772,4.7038,2372.51,42.55,2750.0,3522.8,3522.8,3522.8,3522.8,calc,sunak,Jeremy Hunt,gb_auctions,210
2023-09-26,2023-09-27,0 7/8% Green Gilt 2033,Green Gilt,AUK,0.00875,2033-07-31,3000.0,,2179.5,72.65,72.65,veröffentlicht (Durchschnittskurs bzw. Emissionskurs),4.314782,4.3148,2183.64,4.14,3000.0,1078.86,1078.86,1078.86,1078.86,calc,sunak,Jeremy Hunt,gb_auctions,209
2023-09-27,2023-09-28,1 1/8% Treasury Gilt 2073,Gilt,TEN,0.01125,2073-10-22,750.0,,262.8,35.04,35.04,veröffentlicht (Durchschnittskurs bzw. Emissionskurs),4.289305,4.2893,262.8,0.0,750.0,909.63,909.63,909.63,909.63,calc,sunak,Jeremy Hunt,gb_tenders,44
2023-10-03,2023-10-04,1½% Green Gilt 2053,Green Gilt,AUK,0.015,2053-07-31,2250.0,,1049.53,46.646,46.646,veröffentlicht (Durchschnittskurs bzw. Emissionskurs),4.936104,4.9361,1055.5,5.96,2250.0,2207.0,2207.0,2207.0,2207.0,calc,sunak,Jeremy Hunt,gb_auctions,208
2023-10-04,2023-10-05,3½% Treasury Gilt 2025,Gilt,PAOF,0.035,2025-10-22,5312.5,1062.5,5162.84,97.18299999999999,97.183,veröffentlicht (Durchschnittskurs bzw. Emissionskurs),4.963683,4.9637,5247.18,84.33,5312.5,530.16,530.16,530.16,530.16,calc,sunak,Jeremy Hunt,gb_auctions,207
2023-10-10,2023-10-11,0 1/8% Index-linked Treasury Gilt 2039,IL Gilt,AUK,0.00125,2039-03-22,900.0,,955.97,84.053,84.053215,aus veröffentlichtem Cash-Erlös (geteilt durch Index-Verhältniszahl),1.264685,1.2647,956.04,0.07,1633.99,705.21,346.97,1152.8,185.82,proj,sunak,Jeremy Hunt,gb_auctions,206
2023-10-11,2023-10-12,4 5/8% Treasury Gilt 2034,Gilt,PAOF,0.04625,2034-01-31,4687.5,937.5,4757.34,101.49,101.49,veröffentlicht (Durchschnittskurs bzw. Emissionskurs),4.443898,4.4439,4757.34,0.0,4687.5,2163.52,2163.52,2163.52,2163.52,calc,sunak,Jeremy Hunt,gb_auctions,205
2023-10-17,2023-10-18,3¾% Treasury Gilt 2053,Gilt,AUK,0.0375,2053-10-22,2750.0,,2245.88,81.668,81.668,veröffentlicht (Durchschnittskurs bzw. Emissionskurs),4.926079,4.9261,2244.74,-1.13,2750.0,3599.01,3599.01,3599.01,3599.01,calc,sunak,Jeremy Hunt,gb_auctions,204
2023-10-24,2023-10-25,0¾% Index-linked Treasury Gilt 2033,IL Gilt,AUK,0.0075,2033-11-22,1500.0,,1503.54,99.21799999999999,99.218023,aus veröffentlichtem Cash-Erlös (geteilt durch Index-Verhältniszahl),0.8310599999999999,0.8311,1507.22,3.68,1953.49,583.43,321.45,878.13,42.7,proj,sunak,Jeremy Hunt,gb_auctions,203
2023-10-25,2023-10-26,3¾% Treasury Gilt 2038,Gilt,PAOF,0.0375,2038-01-29,3220.31,220.31,2852.14,88.56700000000001,88.567,veröffentlicht (Durchschnittskurs bzw. Emissionskurs),4.871085,4.8711,2881.34,29.21,3220.31,2090.02,2090.02,2090.02,2090.02,calc,sunak,Jeremy Hunt,gb_auctions,202
2023-11-01,2023-11-02,4½% Treasury Gilt 2028,Gilt,PAOF,0.045,2028-06-07,4598.57,598.57,4603.27,100.102,100.102,veröffentlicht (Durchschnittskurs bzw. Emissionskurs),4.474437,4.4744,4679.02,75.76,4598.57,946.31,946.31,946.31,946.31,calc,sunak,Jeremy Hunt,gb_auctions,201
2023-11-07,2023-11-08,4 5/8% Treasury Gilt 2034,Gilt,PAOF,0.04625,2034-01-31,4392.33,642.33,4471.49,101.802,101.802,veröffentlicht (Durchschnittskurs bzw. Emissionskurs),4.404612,4.4046,4486.39,14.9,4392.33,1998.67,1998.67,1998.67,1998.67,calc,sunak,Jeremy Hunt,gb_auctions,200
2023-11-08,2023-11-09,0 1/8% Index-linked Treasury Gilt 2051,IL Gilt,PAOF,0.00125,2051-03-22,1042.45,142.45,972.11,72.734,72.734135,aus veröffentlichtem Cash-Erlös (geteilt durch Index-Verhältniszahl),1.314417,1.3144,972.33,0.22,2421.62,1513.64,572.74,2998.74,369.49,proj,sunak,Jeremy Hunt,gb_auctions,199
2023-11-28,2023-11-29,3¾% Treasury Gilt 2053,Gilt,AUK,0.0375,2053-10-22,2750.0,,2346.69,85.334,85.334,veröffentlicht (Durchschnittskurs bzw. Emissionskurs),4.664269,4.6643,2357.39,10.71,2750.0,3486.36,3486.36,3486.36,3486.36,calc,sunak,Jeremy Hunt,gb_auctions,198
2023-11-29,2023-11-30,3½% Treasury Gilt 2025,Gilt,PAOF,0.035,2025-10-22,4678.88,428.88,4590.25,98.10600000000001,98.106,veröffentlicht (Durchschnittskurs bzw. Emissionskurs),4.553537,4.5535,4607.71,17.45,4678.88,398.69,398.69,398.69,398.69,calc,sunak,Jeremy Hunt,gb_auctions,197
2023-12-05,2023-12-06,0¾% Index-linked Treasury Gilt 2033,IL Gilt,PAOF,0.0075,2033-11-22,1567.45,67.45,1597.0,100.25200000000001,100.252121,aus veröffentlichtem Cash-Erlös (geteilt durch Index-Verhältniszahl),0.7237290000000001,0.7237,1597.46,0.46,2041.34,582.42,308.66,890.38,26.84,proj,sunak,Jeremy Hunt,gb_auctions,196
2023-12-06,2023-12-07,0 7/8% Green Gilt 2033,Green Gilt,AUK,0.00875,2033-07-31,3000.0,,2237.06,74.569,74.569,veröffentlicht (Durchschnittskurs bzw. Emissionskurs),4.091254,4.0913,2246.27,9.2,3000.0,1016.23,1016.23,1016.23,1016.23,calc,sunak,Jeremy Hunt,gb_auctions,195
2023-12-12,2023-12-13,4½% Treasury Gilt 2028,Gilt,PAOF,0.045,2028-06-07,4687.5,937.5,4774.93,101.865,101.865,veröffentlicht (Durchschnittskurs bzw. Emissionskurs),4.04087,4.0409,4778.38,3.46,4687.5,858.34,858.34,858.34,858.34,calc,sunak,Jeremy Hunt,gb_auctions,194
2023-12-13,2023-12-14,3¾% Treasury Gilt 2053,Gilt,PAOF,0.0375,2053-10-22,2500.0,500.0,2219.93,88.79700000000001,88.797,veröffentlicht (Durchschnittskurs bzw. Emissionskurs),4.429886,4.4299,2233.5,13.58,2500.0,3079.0,3079.0,3079.0,3079.0,calc,sunak,Jeremy Hunt,gb_auctions,193
2023-12-19,2023-12-20,4 5/8% Treasury Gilt 2034,Gilt,AUK,0.04625,2034-01-31,3000.0,,3222.16,107.405,107.405,veröffentlicht (Durchschnittskurs bzw. Emissionskurs),3.738984,3.739,3248.17,26.02,3000.0,1181.19,1181.19,1181.19,1181.19,calc,sunak,Jeremy Hunt,gb_auctions,192
2024-01-04,2024-01-05,3¾% Treasury Gilt 2038,Gilt,PAOF,0.0375,2038-01-29,3423.75,423.75,3308.36,96.63,96.63,veröffentlicht (Durchschnittskurs bzw. Emissionskurs),4.066782,4.0668,3364.19,55.82,3423.75,1921.22,1921.22,1921.22,1921.22,calc,sunak,Jeremy Hunt,gb_auctions,191
2024-01-09,2024-01-10,4¾% Treasury Gilt 2043,Gilt,PAOF,0.0475,2043-10-23,2812.5,562.5,2945.1,104.715,104.715,veröffentlicht (Durchschnittskurs bzw. Emissionskurs),4.390702,4.3904,2973.94,28.84,2812.5,2510.43,2510.43,2510.43,2510.43,calc,sunak,Jeremy Hunt,gb_auctions,190
2024-01-10,2024-01-11,3¾% Treasury Gilt 2027,Gilt,PAOF,0.0375,2027-03-07,5000.0,1000.0,4979.54,99.59100000000001,99.591,veröffentlicht (Durchschnittskurs bzw. Emissionskurs),3.886628,3.8866,4979.55,0.0,5000.0,611.8,611.8,611.8,611.8,calc,sunak,Jeremy Hunt,gb_auctions,189
2024-01-16,2024-01-17,0¾% Index-linked Treasury Gilt 2033,IL Gilt,PAOF,0.0075,2033-11-22,1518.78,18.77,1588.99,103.154,103.154218,aus veröffentlichtem Cash-Erlös (geteilt durch Index-Verhältniszahl),0.42261400000000005,0.4226,1590.77,1.78,1977.95,521.42,256.16,819.82,-20.02,proj,sunak,Jeremy Hunt,gb_auctions,188
2024-01-17,2024-01-18,4 5/8% Treasury Gilt 2034,Gilt,AUK,0.04625,2034-01-31,3750.0,,3950.58,105.34899999999999,105.349,veröffentlicht (Durchschnittskurs bzw. Emissionskurs),3.9734339999999997,3.9734,3996.77,46.19,3750.0,1539.91,1539.91,1539.91,1539.91,calc,sunak,Jeremy Hunt,gb_auctions,187
2024-01-24,2024-01-25,4½% Treasury Gilt 2028,Gilt,PAOF,0.045,2028-06-07,4026.0,26.0,4114.49,102.198,102.198,veröffentlicht (Durchschnittskurs bzw. Emissionskurs),3.945947,3.9459,4138.75,24.26,4026.0,702.52,702.52,702.52,702.52,calc,sunak,Jeremy Hunt,gb_auctions,186
2024-01-30,2024-01-31,0 1/8% Index-linked Treasury Gilt 2051,IL Gilt,PAOF,0.00125,2051-03-22,961.7,61.7,895.23,72.56,72.560824,aus veröffentlichtem Cash-Erlös (geteilt durch Index-Verhältniszahl),1.3333179999999998,1.3333,895.79,0.56,2234.04,1397.62,529.61,2767.68,342.86,proj,sunak,Jeremy Hunt,gb_auctions,185
2024-02-06,2024-02-07,1½% Green Gilt 2053,Green Gilt,AUK,0.015,2053-07-31,2500.0,,1265.13,50.605,50.605,veröffentlicht (Durchschnittskurs bzw. Emissionskurs),4.5648930000000005,4.5649,1265.85,0.72,2500.0,2340.4,2340.4,2340.4,2340.4,calc,sunak,Jeremy Hunt,gb_auctions,184
2024-02-07,2024-02-08,3¾% Treasury Gilt 2027,Gilt,AUK,0.0375,2027-03-07,4000.0,,3955.99,98.9,98.9,veröffentlicht (Durchschnittskurs bzw. Emissionskurs),4.130859,4.1309,3967.54,11.54,4000.0,505.54,505.54,505.54,505.54,calc,sunak,Jeremy Hunt,gb_auctions,183
2024-02-13,2024-02-14,0¾% Index-linked Treasury Gilt 2033,IL Gilt,PAOF,0.0075,2033-11-22,1814.45,314.45,1863.04,101.09700000000001,101.096793,aus veröffentlichtem Cash-Erlös (geteilt durch Index-Verhältniszahl),0.634002,0.634,1866.23,3.19,2363.01,657.16,340.26,1013.65,12.85,proj,sunak,Jeremy Hunt,gb_auctions,182
2024-02-14,2024-02-15,4 5/8% Treasury Gilt 2034,Gilt,AUK,0.04625,2034-01-31,3750.0,,3899.65,103.991,103.991,veröffentlicht (Durchschnittskurs bzw. Emissionskurs),4.13187,4.1319,3906.81,7.15,3750.0,1577.57,1577.57,1577.57,1577.57,calc,sunak,Jeremy Hunt,gb_auctions,181
2024-02-20,2024-02-21,4% Treasury Gilt 2063,Gilt,PAOF,0.04,2063-10-22,2138.5,388.5,1934.71,90.471,90.471,veröffentlicht (Durchschnittskurs bzw. Emissionskurs),4.518435,4.5184,1963.23,28.51,2138.5,3596.86,3596.86,3596.86,3596.86,calc,sunak,Jeremy Hunt,gb_auctions,180
2024-02-21,2024-02-22,4½% Treasury Gilt 2028,Gilt,PAOF,0.045,2028-06-07,5000.0,1000.0,5078.59,101.572,101.572,veröffentlicht (Durchschnittskurs bzw. Emissionskurs),4.095248000000001,4.0952,5125.93,47.34,5000.0,886.56,886.56,886.56,886.56,calc,sunak,Jeremy Hunt,gb_auctions,179
2024-02-27,2024-02-28,0 1/8% Index-linked Treasury Gilt 2039,IL Gilt,AUK,0.00125,2039-03-22,900.0,,997.56,86.805,86.805338,aus veröffentlichtem Cash-Erlös (geteilt durch Index-Verhältniszahl),1.0762479999999999,1.0762,998.19,0.63,1633.99,663.07,304.83,1110.65,155.53,proj,sunak,Jeremy Hunt,gb_auctions,178
2024-02-28,2024-02-29,4% Treasury Gilt 2031,Gilt,AUK,0.04,2031-10-22,4000.0,,3977.63,99.441,99.441,veröffentlicht (Durchschnittskurs bzw. Emissionskurs),4.084734,4.0847,3977.64,0.0,4000.0,1245.53,1245.53,1245.53,1245.53,calc,sunak,Jeremy Hunt,gb_auctions,177
2024-03-05,2024-03-06,3¾% Treasury Gilt 2027,Gilt,PAOF,0.0375,2027-03-07,4687.49,937.5,4613.15,98.414,98.414,veröffentlicht (Durchschnittskurs bzw. Emissionskurs),4.314451,4.3145,4639.71,26.56,4687.49,602.17,602.17,602.17,602.17,calc,sunak,Jeremy Hunt,gb_auctions,176
2024-03-12,2024-03-13,4 5/8% Treasury Gilt 2034,Gilt,PAOF,0.04625,2034-01-31,4687.5,937.5,4953.19,105.66799999999999,105.668,veröffentlicht (Durchschnittskurs bzw. Emissionskurs),3.927076,3.9271,4978.2,25.02,4687.5,1877.27,1877.27,1877.27,1877.27,calc,sunak,Jeremy Hunt,gb_auctions,175
2024-03-19,2024-03-20,4¾% Treasury Gilt 2043,Gilt,PAOF,0.0475,2043-10-23,2500.0,500.0,2591.8,103.67200000000001,103.672,veröffentlicht (Durchschnittskurs bzw. Emissionskurs),4.466584,4.4665,2640.14,48.34,2500.0,2234.86,2234.86,2234.86,2234.86,calc,sunak,Jeremy Hunt,gb_auctions,174
2024-03-26,2024-03-27,4½% Treasury Gilt 2028,Gilt,AUK,0.045,2028-06-07,3000.0,,3065.62,102.18700000000001,102.187,veröffentlicht (Durchschnittskurs bzw. Emissionskurs),3.9282909999999998,3.9283,3106.55,40.94,3000.0,500.95,500.95,500.95,500.95,calc,sunak,Jeremy Hunt,gb_auctions,173
2024-04-04,2024-04-05,4 5/8% Treasury Gilt 2034,Gilt,AUK,0.04625,2034-01-31,3750.0,,3933.98,104.906,104.906,veröffentlicht (Durchschnittskurs bzw. Emissionskurs),4.014949,4.0149,3964.95,30.97,3750.0,1519.43,1519.43,1519.43,1519.43,calc,sunak,Jeremy Hunt,gb_auctions,172
2024-04-09,2024-04-10,4¾% Treasury Gilt 2043,Gilt,PAOF,0.0475,2043-10-23,2783.62,533.62,2875.34,103.295,103.295,veröffentlicht (Durchschnittskurs bzw. Emissionskurs),4.4946980000000005,4.4947,2936.76,61.41,2783.62,2491.31,2491.31,2491.31,2491.31,calc,sunak,Jeremy Hunt,gb_auctions,171
2024-04-10,2024-04-11,3¾% Treasury Gilt 2027,Gilt,PAOF,0.0375,2027-03-07,5000.0,1000.0,4937.85,98.757,98.757,veröffentlicht (Durchschnittskurs bzw. Emissionskurs),4.204371,4.2044,4984.53,46.68,5000.0,606.82,606.82,606.82,606.82,calc,sunak,Jeremy Hunt,gb_auctions,170
2024-04-16,2024-04-17,0¾% Index-linked Treasury Gilt 2033,IL Gilt,PAOF,0.0075,2033-11-22,1622.08,122.08,1702.28,102.91,102.910061,aus veröffentlichtem Cash-Erlös (geteilt durch Index-Verhältniszahl),0.439967,0.44,1707.29,5.01,2112.48,548.56,265.26,867.25,-20.74,proj,sunak,Jeremy Hunt,gb_auctions,169
2024-04-17,2024-04-18,4% Treasury Gilt 2031,Gilt,AUK,0.04,2031-10-22,3750.0,,3697.47,98.59899999999999,98.599,veröffentlicht (Durchschnittskurs bzw. Emissionskurs),4.217732,4.2177,3717.54,20.08,3750.0,1179.18,1179.18,1179.18,1179.18,calc,sunak,Jeremy Hunt,gb_auctions,168
2024-04-30,2024-05-01,4 1/8% Treasury Gilt 2029,Gilt,AUK,0.04125,2029-07-22,4000.0,,3976.85,99.421,99.421,veröffentlicht (Durchschnittskurs bzw. Emissionskurs),4.250883,4.2509,3976.84,0.0,4000.0,885.33,885.33,885.33,885.33,calc,sunak,Jeremy Hunt,gb_auctions,167
2024-05-01,2024-05-02,4 5/8% Treasury Gilt 2034,Gilt,AUK,0.04625,2034-01-31,3750.0,,3824.7,101.992,101.992,veröffentlicht (Durchschnittskurs bzw. Emissionskurs),4.3710309999999994,4.371,3868.54,43.84,3750.0,1615.84,1615.84,1615.84,1615.84,calc,sunak,Jeremy Hunt,gb_auctions,166
2024-05-08,2024-05-09,1½% Green Gilt 2053,Green Gilt,AUK,0.015,2053-07-31,2500.0,,1275.44,51.018,51.018,veröffentlicht (Durchschnittskurs bzw. Emissionskurs),4.544647,4.5446,1285.65,10.2,2500.0,2320.6,2320.6,2320.6,2320.6,calc,sunak,Jeremy Hunt,gb_auctions,165
2024-05-14,2024-05-15,0 1/8% Index-linked Treasury Gilt 2073,IL Gilt,PAOF,0.00125,2073-03-22,622.85,22.85,512.43,66.42,66.420014,aus veröffentlichtem Cash-Erlös (geteilt durch Index-Verhältniszahl),0.994478,0.9945,512.57,0.14,2133.85,1705.28,390.99,4884.39,261.47,proj,sunak,Jeremy Hunt,gb_auctions,164
2024-05-15,2024-05-16,0 7/8% Green Gilt 2033,Green Gilt,AUK,0.00875,2033-07-31,3000.0,,2269.58,75.653,75.653,veröffentlicht (Durchschnittskurs bzw. Emissionskurs),4.071853,4.0719,2277.23,7.64,3000.0,972.14,972.14,972.14,972.14,calc,sunak,Jeremy Hunt,gb_auctions,163
2024-05-21,2024-05-22,4¾% Treasury Gilt 2043,Gilt,PAOF,0.0475,2043-10-23,2812.5,562.5,2873.42,102.166,102.166,veröffentlicht (Durchschnittskurs bzw. Emissionskurs),4.580114,4.5801,2884.0,10.59,2812.5,2533.57,2533.57,2533.57,2533.57,calc,sunak,Jeremy Hunt,gb_auctions,162
2024-05-22,2024-05-23,4 1/8% Treasury Gilt 2029,Gilt,PAOF,0.04125,2029-07-22,4567.75,567.75,4552.39,99.664,99.664,veröffentlicht (Durchschnittskurs bzw. Emissionskurs),4.1986930000000005,4.1987,4563.79,11.39,4567.75,988.5,988.5,988.5,988.5,calc,sunak,Jeremy Hunt,gb_auctions,161
2024-05-29,2024-05-30,0 1/8% Index-linked Treasury Gilt 2039,IL Gilt,AUK,0.00125,2039-03-22,1000.0,,1126.84,87.33,87.330275,aus veröffentlichtem Cash-Erlös (geteilt durch Index-Verhältniszahl),1.050897,1.0509,1127.14,0.3,1815.55,717.9,319.86,1215.22,167.41,proj,sunak,Jeremy Hunt,gb_auctions,160
2024-06-04,2024-06-05,4% Treasury Gilt 2063,Gilt,AUK,0.04,2063-10-22,2000.0,,1797.06,89.853,89.853,veröffentlicht (Durchschnittskurs bzw. Emissionskurs),4.55657,4.5566,1806.68,9.62,2000.0,3353.32,3353.32,3353.32,3353.32,calc,sunak,Jeremy Hunt,gb_auctions,159
2024-06-05,2024-06-06,3¾% Treasury Gilt 2027,Gilt,PAOF,0.0375,2027-03-07,5000.0,1000.0,4902.64,98.053,98.053,veröffentlicht (Durchschnittskurs bzw. Emissionskurs),4.505436,4.5054,4977.86,75.21,5000.0,613.48,613.48,613.48,613.48,calc,sunak,Jeremy Hunt,gb_auctions,158
2024-06-12,2024-06-13,0 5/8% Index-linked Treasury Gilt 2045,IL Gilt,PAOF,0.00625,2045-03-22,1071.0,171.0,990.23,87.67399999999999,87.674076,aus veröffentlichtem Cash-Erlös (geteilt durch Index-Verhältniszahl),1.3042369999999999,1.3042,991.82,1.59,1785.4,985.77,410.53,1790.2,156.11,proj,sunak,Jeremy Hunt,gb_auctions,157
2024-06-18,2024-06-19,4 1/8% Treasury Gilt 2029,Gilt,PAOF,0.04125,2029-07-22,5000.0,1000.0,5009.71,100.194,100.194,veröffentlicht (Durchschnittskurs bzw. Emissionskurs),4.082637,4.0826,5037.46,27.76,5000.0,1040.25,1040.25,1040.25,1040.25,calc,sunak,Jeremy Hunt,gb_auctions,156
2024-06-25,2024-06-26,0¾% Index-linked Treasury Gilt 2033,IL Gilt,PAOF,0.0075,2033-11-22,1802.7,302.7,1902.42,102.12299999999999,102.122899,aus veröffentlichtem Cash-Erlös (geteilt durch Index-Verhältniszahl),0.518418,0.5184,1903.75,1.33,2347.71,596.36,281.51,950.53,-11.8,proj,sunak,Jeremy Hunt,gb_auctions,155
2024-06-26,2024-06-27,3¾% Treasury Gilt 2038,Gilt,AUK,0.0375,2038-01-29,3000.0,,2827.45,94.24799999999999,94.248,veröffentlicht (Durchschnittskurs bzw. Emissionskurs),4.313562999999999,4.3136,2873.8,46.36,3000.0,1701.2,1701.2,1701.2,1701.2,calc,sunak,Jeremy Hunt,gb_auctions,154
2024-07-02,2024-07-03,3¾% Treasury Gilt 2027,Gilt,PAOF,0.0375,2027-03-07,4110.0,110.0,4038.65,98.264,98.264,veröffentlicht (Durchschnittskurs bzw. Emissionskurs),4.4406799999999995,4.4407,4111.78,73.13,4110.0,484.3,484.3,484.3,484.3,calc,sunak,Jeremy Hunt,gb_auctions,153
2024-07-11,2024-07-12,4% Treasury Gilt 2031,Gilt,AUK,0.04,2031-10-22,3750.0,,3732.25,99.527,99.527,veröffentlicht (Durchschnittskurs bzw. Emissionskurs),4.073916,4.0739,3787.18,54.92,3750.0,1109.54,1109.54,1109.54,1109.54,calc,starmer,Rachel Reeves,gb_auctions,152
2024-07-16,2024-07-17,4¾% Treasury Gilt 2043,Gilt,PAOF,0.0475,2043-10-23,2812.5,562.5,2895.43,102.949,102.949,veröffentlicht (Durchschnittskurs bzw. Emissionskurs),4.518615,4.5186,2926.47,31.03,2812.5,2491.11,2491.11,2491.11,2491.11,calc,starmer,Rachel Reeves,gb_auctions,151
2024-07-17,2024-07-18,4 1/8% Treasury Gilt 2029,Gilt,AUK,0.04125,2029-07-22,4000.0,,4018.35,100.459,100.459,veröffentlicht (Durchschnittskurs bzw. Emissionskurs),4.023045,4.023,4016.55,-1.81,4000.0,808.45,808.45,808.45,808.45,calc,starmer,Rachel Reeves,gb_auctions,150
2024-07-23,2024-07-24,0 1/8% Index-linked Treasury Gilt 2039,IL Gilt,PAOF,0.00125,2039-03-22,1239.33,239.32,1409.6,87.425,87.425218,aus veröffentlichtem Cash-Erlös (geteilt durch Index-Verhältniszahl),1.0527389999999999,1.0527,1410.28,0.68,2250.06,876.33,383.03,1492.67,207.32,proj,starmer,Rachel Reeves,gb_auctions,149
2024-07-24,2024-07-25,4 3/8% Treasury Gilt 2054,Gilt,PAOF,0.04375,2054-07-31,2575.25,325.25,2466.99,95.796,95.796,veröffentlicht (Durchschnittskurs bzw. Emissionskurs),4.635839000000001,4.6358,2465.13,-1.86,2575.25,3490.13,3490.13,3490.13,3490.13,calc,starmer,Rachel Reeves,gb_auctions,148
2024-07-30,2024-07-31,4¼% Treasury Gilt 2034,Gilt,PAOF,0.0425,2034-07-31,4254.89,504.88,4312.53,101.355,101.355,veröffentlicht (Durchschnittskurs bzw. Emissionskurs),4.082202,4.0822,4336.88,24.34,4254.89,1750.67,1750.67,1750.67,1750.67,calc,starmer,Rachel Reeves,gb_auctions,147
2024-08-06,2024-08-07,4¾% Treasury Gilt 2043,Gilt,PAOF,0.0475,2043-10-23,2500.0,500.0,2621.77,104.87100000000001,104.871,veröffentlicht (Durchschnittskurs bzw. Emissionskurs),4.372099,4.3721,2656.17,34.39,2500.0,2159.46,2159.46,2159.46,2159.46,calc,starmer,Rachel Reeves,gb_auctions,146
2024-08-07,2024-08-08,4 1/8% Treasury Gilt 2029,Gilt,PAOF,0.04125,2029-07-22,4020.25,20.25,4068.8,101.208,101.208,veröffentlicht (Durchschnittskurs bzw. Emissionskurs),3.854422,3.8544,4076.48,7.66,4020.25,772.95,772.95,772.95,772.95,calc,starmer,Rachel Reeves,gb_auctions,145
2024-08-13,2024-08-14,3¾% Treasury Gilt 2038,Gilt,PAOF,0.0375,2038-01-29,3750.0,750.0,3603.49,96.09299999999999,96.093,veröffentlicht (Durchschnittskurs bzw. Emissionskurs),4.131251,4.1313,3609.6,6.11,3750.0,2038.83,2038.83,2038.83,2038.83,calc,starmer,Rachel Reeves,gb_auctions,144
2024-08-21,2024-08-22,3¾% Treasury Gilt 2027,Gilt,PAOF,0.0375,2027-03-07,4000.98,250.98,3970.41,99.236,99.236,veröffentlicht (Durchschnittskurs bzw. Emissionskurs),4.068177,4.0682,4061.99,91.58,4000.98,412.18,412.18,412.18,412.18,calc,starmer,Rachel Reeves,gb_auctions,143
2024-08-28,2024-08-29,0¾% Index-linked Treasury Gilt 2033,IL Gilt,PAOF,0.0075,2033-11-22,1547.38,47.38,1651.48,102.601,102.601224,aus veröffentlichtem Cash-Erlös (geteilt durch Index-Verhältniszahl),0.461845,0.4618,1654.73,3.25,2015.19,491.28,221.02,795.29,-20.16,proj,starmer,Rachel Reeves,gb_auctions,142
2024-09-05,2024-09-06,4 1/8% Treasury Gilt 2029,Gilt,AUK,0.04125,2029-07-22,4000.0,,4055.19,101.38,101.38,veröffentlicht (Durchschnittskurs bzw. Emissionskurs),3.8113040000000002,3.8113,4075.82,20.62,4000.0,749.18,749.18,749.18,749.18,calc,starmer,Rachel Reeves,gb_auctions,141
2024-09-10,2024-09-11,0 5/8% Index-linked Treasury Gilt 2045,IL Gilt,PAOF,0.00625,2045-03-22,998.27,98.28,951.62,89.561,89.561373,aus veröffentlichtem Cash-Erlös (geteilt durch Index-Verhältniszahl),1.200207,1.2002,954.74,3.12,1664.16,888.57,352.39,1638.37,125.02,proj,starmer,Rachel Reeves,gb_auctions,140
2024-09-11,2024-09-12,4¼% Treasury Gilt 2034,Gilt,AUK,0.0425,2034-07-31,3750.0,,3900.91,104.024,104.024,veröffentlicht (Durchschnittskurs bzw. Emissionskurs),3.7573849999999998,3.7574,3940.98,40.08,3750.0,1424.23,1424.23,1424.23,1424.23,calc,starmer,Rachel Reeves,gb_auctions,139
2024-09-12,2024-09-13,0 1/8% Treasury Gilt 2026,Gilt,TEN,0.00125,2026-01-30,2000.0,,1908.45,95.42200000000001,95.422,veröffentlicht (Durchschnittskurs bzw. Emissionskurs),3.5591399999999997,3.5594,1908.75,0.31,2000.0,95.0,95.0,95.0,95.0,calc,starmer,Rachel Reeves,gb_tenders,43
2024-09-17,2024-09-18,4 3/8% Treasury Gilt 2054,Gilt,PAOF,0.04375,2054-07-31,2747.75,497.75,2768.84,100.76799999999999,100.768,veröffentlicht (Durchschnittskurs bzw. Emissionskurs),4.328662,4.3287,2784.86,16.01,2747.75,3569.31,3569.31,3569.31,3569.31,calc,starmer,Rachel Reeves,gb_auctions,138
2024-09-18,2024-09-19,0 7/8% Green Gilt 2033,Green Gilt,AUK,0.00875,2033-07-31,2750.0,,2161.79,78.61,78.61,veröffentlicht (Durchschnittskurs bzw. Emissionskurs),3.731242,3.7312,2165.04,3.27,2750.0,801.52,801.52,801.52,801.52,calc,starmer,Rachel Reeves,gb_auctions,137
2024-09-24,2024-09-25,0¾% Index-linked Treasury Gilt 2033,IL Gilt,PAOF,0.0075,2033-11-22,1706.52,206.52,1818.24,102.361,102.360871,aus veröffentlichtem Cash-Erlös (geteilt durch Index-Verhältniszahl),0.48607700000000004,0.4861,1822.8,4.56,2222.46,543.92,245.87,879.2,-18.98,proj,starmer,Rachel Reeves,gb_auctions,136
2024-09-25,2024-09-26,4% Treasury Gilt 2031,Gilt,AUK,0.04,2031-10-22,3750.0,,3792.82,101.14200000000001,101.142,veröffentlicht (Durchschnittskurs bzw. Emissionskurs),3.813589,3.8136,3878.89,86.07,3750.0,1017.83,1017.83,1017.83,1017.83,calc,starmer,Rachel Reeves,gb_auctions,135
2024-10-01,2024-10-02,4¾% Treasury Gilt 2043,Gilt,PAOF,0.0475,2043-10-23,2812.5,562.5,2930.64,104.20100000000001,104.201,veröffentlicht (Durchschnittskurs bzw. Emissionskurs),4.421283,4.4213,2989.78,59.13,2812.5,2427.79,2427.79,2427.79,2427.79,calc,starmer,Rachel Reeves,gb_auctions,134
2024-10-02,2024-10-03,4 1/8% Treasury Gilt 2029,Gilt,PAOF,0.04125,2029-07-22,4020.0,20.0,4062.65,101.061,101.061,veröffentlicht (Durchschnittskurs bzw. Emissionskurs),3.879592,3.8796,4095.55,32.89,4020.0,753.58,753.58,753.58,753.58,calc,starmer,Rachel Reeves,gb_auctions,133
2024-10-08,2024-10-09,0 1/8% Index-linked Treasury Gilt 2039,IL Gilt,PAOF,0.00125,2039-03-22,1151.62,151.62,1321.05,87.7,87.699803,aus veröffentlichtem Cash-Erlös (geteilt durch Index-Verhältniszahl),1.044071,1.0441,1321.14,0.09,2090.83,802.71,344.32,1375.43,189.13,proj,starmer,Rachel Reeves,gb_auctions,132
2024-10-09,2024-10-10,4¼% Treasury Gilt 2034,Gilt,PAOF,0.0425,2034-07-31,3768.75,18.75,3792.22,100.62299999999999,100.623,veröffentlicht (Durchschnittskurs bzw. Emissionskurs),4.170396,4.1704,3844.69,52.46,3768.75,1547.34,1547.34,1547.34,1547.34,calc,starmer,Rachel Reeves,gb_auctions,131
2024-10-15,2024-10-16,4 3/8% Treasury Gilt 2054,Gilt,PAOF,0.04375,2054-07-31,2812.5,562.5,2651.53,94.277,94.277,veröffentlicht (Durchschnittskurs bzw. Emissionskurs),4.734979,4.735,2677.29,25.75,2812.5,3826.62,3826.62,3826.62,3826.62,calc,starmer,Rachel Reeves,gb_auctions,130
2024-10-16,2024-10-17,4% Treasury Gilt 2031,Gilt,PAOF,0.04,2031-10-22,4375.0,875.0,4378.14,100.072,100.072,veröffentlicht (Durchschnittskurs bzw. Emissionskurs),3.988221,3.9882,4375.76,-2.39,4375.0,1224.24,1224.24,1224.24,1224.24,calc,starmer,Rachel Reeves,gb_auctions,129
2024-10-22,2024-10-23,0 5/8% Index-linked Treasury Gilt 2045,IL Gilt,PAOF,0.00625,2045-03-22,1084.85,184.85,1014.74,87.46600000000001,87.465581,aus veröffentlichtem Cash-Erlös (geteilt durch Index-Verhältniszahl),1.3279750000000001,1.328,1015.36,0.62,1808.49,984.2,401.52,1799.02,159.92,proj,starmer,Rachel Reeves,gb_auctions,128
2024-10-23,2024-10-24,3¾% Treasury Gilt 2027,Gilt,PAOF,0.0375,2027-03-07,4787.27,787.27,4751.5,99.25299999999999,99.253,veröffentlicht (Durchschnittskurs bzw. Emissionskurs),4.082239,4.0822,4774.82,23.31,4787.27,461.26,461.26,461.26,461.26,calc,starmer,Rachel Reeves,gb_auctions,127
2024-10-29,2024-10-30,4 1/8% Treasury Gilt 2029,Gilt,AUK,0.04125,2029-07-22,4000.0,,3995.79,99.895,99.895,veröffentlicht (Durchschnittskurs bzw. Emissionskurs),4.14845,4.1484,4040.64,44.84,4000.0,784.36,784.36,784.36,784.36,calc,starmer,Rachel Reeves,gb_auctions,126
2024-10-31,2024-11-01,1½% Green Gilt 2053,Green Gilt,AUK,0.015,2053-07-31,2250.0,,1091.97,48.532,48.532,veröffentlicht (Durchschnittskurs bzw. Emissionskurs),4.830614,4.8306,1100.5,8.53,2250.0,2128.25,2128.25,2128.25,2128.25,calc,starmer,Rachel Reeves,gb_auctions,125
2024-11-05,2024-11-06,4¼% Treasury Gilt 2034,Gilt,AUK,0.0425,2034-07-31,3750.0,,3683.43,98.225,98.225,veröffentlicht (Durchschnittskurs bzw. Emissionskurs),4.47545,4.4755,3747.33,63.9,3750.0,1617.87,1617.87,1617.87,1617.87,calc,starmer,Rachel Reeves,gb_auctions,124
2024-11-12,2024-11-13,4¾% Treasury Gilt 2043,Gilt,PAOF,0.0475,2043-10-23,2261.87,11.87,2237.87,98.939,98.939,veröffentlicht (Durchschnittskurs bzw. Emissionskurs),4.835923,4.8359,2244.07,6.2,2261.87,2059.14,2059.14,2059.14,2059.14,calc,starmer,Rachel Reeves,gb_auctions,123
2024-11-13,2024-11-14,4 3/8% Treasury Gilt 2028,Gilt,PAOF,0.04375,2028-03-07,4068.75,68.75,4053.65,99.62899999999999,99.629,veröffentlicht (Durchschnittskurs bzw. Emissionskurs),4.498666,4.4987,4053.65,0.0,4068.75,604.68,604.68,604.68,604.68,calc,starmer,Rachel Reeves,gb_auctions,122
2024-11-19,2024-11-20,3¾% Treasury Gilt 2038,Gilt,AUK,0.0375,2038-01-29,3250.0,,2991.52,92.04700000000001,92.047,veröffentlicht (Durchschnittskurs bzw. Emissionskurs),4.558406,4.5584,3029.28,37.75,3250.0,1866.03,1866.03,1866.03,1866.03,calc,starmer,Rachel Reeves,gb_auctions,121
2024-11-21,2024-11-22,0 1/8% Treasury Gilt 2026,Gilt,TEN,0.00125,2026-01-30,2000.0,,1911.07,95.554,95.554,veröffentlicht (Durchschnittskurs bzw. Emissionskurs),3.9960199999999997,3.9957,1911.86,0.78,2000.0,91.89,91.89,91.89,91.89,calc,starmer,Rachel Reeves,gb_tenders,42
2024-12-03,2024-12-04,4 3/8% Treasury Gilt 2054,Gilt,PAOF,0.04375,2054-07-31,2812.5,562.5,2646.77,94.10700000000001,94.107,veröffentlicht (Durchschnittskurs bzw. Emissionskurs),4.747005,4.747,2688.89,42.13,2812.5,3815.02,3815.02,3815.02,3815.02,calc,starmer,Rachel Reeves,gb_auctions,120
2024-12-04,2024-12-05,4% Treasury Gilt 2031,Gilt,AUK,0.04,2031-10-22,4000.0,,3963.12,99.07799999999999,99.078,veröffentlicht (Durchschnittskurs bzw. Emissionskurs),4.154837,4.1548,3982.46,19.34,4000.0,1137.54,1137.54,1137.54,1137.54,calc,starmer,Rachel Reeves,gb_auctions,119
2024-12-05,2024-12-06,0 1/8% Index-linked Treasury Gilt 2073,IL Gilt,TEN,0.00125,2073-03-22,350.0,,270.5,61.265,61.265905,aus veröffentlichtem Cash-Erlös (geteilt durch Index-Verhältniszahl),1.179364,1.1794,270.61,0.11,1199.08,975.39,236.85,2761.84,172.06,proj,starmer,Rachel Reeves,gb_tenders,41
2024-12-10,2024-12-11,0¾% Index-linked Treasury Gilt 2033,IL Gilt,AUK,0.0075,2033-11-22,1500.0,,1569.28,100.04,100.039843,aus veröffentlichtem Cash-Erlös (geteilt durch Index-Verhältniszahl),0.745363,0.7454,1569.9,0.62,1953.49,504.53,242.55,799.23,17.07,proj,starmer,Rachel Reeves,gb_auctions,118
2024-12-11,2024-12-12,4¼% Treasury Gilt 2034,Gilt,AUK,0.0425,2034-07-31,4000.0,,3974.11,99.353,99.353,veröffentlicht (Durchschnittskurs bzw. Emissionskurs),4.331842,4.3318,4058.91,84.79,4000.0,1663.98,1663.98,1663.98,1663.98,calc,starmer,Rachel Reeves,gb_auctions,117
2024-12-17,2024-12-18,4 1/8% Treasury Gilt 2029,Gilt,AUK,0.04125,2029-07-22,3750.0,,3715.3,99.075,99.075,veröffentlicht (Durchschnittskurs bzw. Emissionskurs),4.348425,4.3484,3777.94,62.63,3750.0,745.49,745.49,745.49,745.49,calc,starmer,Rachel Reeves,gb_auctions,116
2025-01-07,2025-01-08,4 3/8% Treasury Gilt 2054,Gilt,PAOF,0.04375,2054-07-31,2266.88,16.88,1986.69,87.64,87.64,veröffentlicht (Durchschnittskurs bzw. Emissionskurs),5.197786,5.1978,2030.08,43.39,2266.88,3212.07,3212.07,3212.07,3212.07,calc,starmer,Rachel Reeves,gb_auctions,115
2025-01-08,2025-01-09,4 3/8% Treasury Gilt 2030,Gilt,AUK,0.04375,2030-03-07,4250.0,,4227.23,99.464,99.464,veröffentlicht (Durchschnittskurs bzw. Emissionskurs),4.490427,4.4904,4227.22,0.0,4250.0,981.74,981.74,981.74,981.74,calc,starmer,Rachel Reeves,gb_auctions,114
2025-01-14,2025-01-15,1¼% Index-linked Treasury Gilt 2054,IL Gilt,PAOF,0.0125,2054-11-22,1183.08,183.07,985.7,80.714,80.713762,aus veröffentlichtem Cash-Erlös (geteilt durch Index-Verhältniszahl),2.125902,2.1259,987.98,2.28,2296.11,1959.98,822.22,3852.66,256.92,proj,starmer,Rachel Reeves,gb_auctions,113
2025-01-15,2025-01-16,4¼% Treasury Gilt 2034,Gilt,PAOF,0.0425,2034-07-31,5000.0,1000.0,4788.5,95.77,95.77,veröffentlicht (Durchschnittskurs bzw. Emissionskurs),4.807608,4.8076,4914.69,126.19,5000.0,2238.91,2238.91,2238.91,2238.91,calc,starmer,Rachel Reeves,gb_auctions,112
2025-01-23,2025-01-24,4 3/8% Treasury Gilt 2028,Gilt,PAOF,0.04375,2028-03-07,5312.5,1062.5,5311.1,99.97399999999999,99.974,veröffentlicht (Durchschnittskurs bzw. Emissionskurs),4.38398,4.384,5356.7,45.59,5312.5,725.61,725.61,725.61,725.61,calc,starmer,Rachel Reeves,gb_auctions,111
2025-01-28,2025-01-29,1 1/8% Index-linked Treasury Gilt 2035,IL Gilt,AUK,0.01125,2035-09-22,1500.0,,1499.56,99.971,99.970667,aus veröffentlichtem Cash-Erlös (geteilt durch Index-Verhältniszahl),1.1278409999999999,1.1278,1499.56,0.0,1929.03,638.34,310.88,1019.66,29.53,proj,starmer,Rachel Reeves,gb_auctions,110
2025-01-29,2025-01-30,0 7/8% Green Gilt 2033,Green Gilt,AUK,0.00875,2033-07-31,3000.0,,2243.5,74.783,74.783,veröffentlicht (Durchschnittskurs bzw. Emissionskurs),4.473064,4.4731,2243.42,-0.07,3000.0,979.71,979.71,979.71,979.71,calc,starmer,Rachel Reeves,gb_auctions,109
2025-01-30,2025-01-31,0 1/8% Treasury Gilt 2026,Gilt,TEN,0.00125,2026-01-30,1500.0,,1445.31,96.354,96.354,veröffentlicht (Durchschnittskurs bzw. Emissionskurs),3.8880239999999997,3.8878,1445.32,0.01,1500.0,56.56,56.56,56.56,56.56,calc,starmer,Rachel Reeves,gb_tenders,40
2025-02-04,2025-02-05,4 3/8% Treasury Gilt 2030,Gilt,PAOF,0.04375,2030-03-07,5312.5,1062.5,5335.55,100.434,100.434,veröffentlicht (Durchschnittskurs bzw. Emissionskurs),4.276368,4.2764,5352.89,17.34,5312.5,1158.31,1158.31,1158.31,1158.31,calc,starmer,Rachel Reeves,gb_auctions,108
2025-02-05,2025-02-06,1½% Green Gilt 2053,Green Gilt,AUK,0.015,2053-07-31,2000.0,,947.37,47.369,47.369,veröffentlicht (Durchschnittskurs bzw. Emissionskurs),4.976178,4.9762,947.88,0.5,2000.0,1907.12,1907.12,1907.12,1907.12,calc,starmer,Rachel Reeves,gb_auctions,107
2025-02-12,2025-02-13,0 5/8% Index-linked Treasury Gilt 2045,IL Gilt,AUK,0.00625,2045-03-22,1000.0,,874.09,81.274,81.273652,aus veröffentlichtem Cash-Erlös (geteilt durch Index-Verhältniszahl),1.732081,1.7321,876.76,2.67,1667.04,966.4,429.3,1717.5,212.66,proj,starmer,Rachel Reeves,gb_auctions,106
2025-02-18,2025-02-19,4% Treasury Gilt 2063,Gilt,PAOF,0.04,2063-10-22,2109.75,359.75,1726.72,81.845,81.845,veröffentlicht (Durchschnittskurs bzw. Emissionskurs),5.076182,5.0762,1754.54,27.82,2109.75,3646.41,3646.41,3646.41,3646.41,calc,starmer,Rachel Reeves,gb_auctions,105
2025-02-19,2025-02-20,4 3/8% Treasury Gilt 2028,Gilt,AUK,0.04375,2028-03-07,4250.0,,4259.7,100.228,100.228,veröffentlicht (Durchschnittskurs bzw. Emissionskurs),4.294118,4.2941,4310.03,50.34,4250.0,555.83,555.83,555.83,555.83,calc,starmer,Rachel Reeves,gb_auctions,104
2025-02-25,2025-02-26,1 1/8% Index-linked Treasury Gilt 2035,IL Gilt,PAOF,0.01125,2035-09-22,1907.67,307.68,1914.91,100.1,100.099979,aus veröffentlichtem Cash-Erlös (geteilt durch Index-Verhältniszahl),1.114863,1.1149,1916.57,1.66,2453.31,802.38,385.91,1287.33,33.42,proj,starmer,Rachel Reeves,gb_auctions,103
2025-02-27,2025-02-28,4 3/8% Treasury Gilt 2040,Gilt,AUK,0.04375,2040-01-31,3250.0,,3092.07,95.141,95.141,veröffentlicht (Durchschnittskurs bzw. Emissionskurs),4.835533,4.8355,3103.08,11.0,3250.0,2279.73,2279.73,2279.73,2279.73,calc,starmer,Rachel Reeves,gb_auctions,102
2025-03-04,2025-03-05,4 3/8% Treasury Gilt 2054,Gilt,PAOF,0.04375,2054-07-31,2812.5,562.5,2501.74,88.95100000000001,88.951,veröffentlicht (Durchschnittskurs bzw. Emissionskurs),5.104445,5.1044,2512.96,11.22,2812.5,3929.42,3929.42,3929.42,3929.42,calc,starmer,Rachel Reeves,gb_auctions,101
2025-03-05,2025-03-06,4 3/8% Treasury Gilt 2030,Gilt,AUK,0.04375,2030-03-07,4250.0,,4261.44,100.26899999999999,100.269,veröffentlicht (Durchschnittskurs bzw. Emissionskurs),4.311397,4.3114,4290.2,28.76,4250.0,918.77,918.77,918.77,918.77,calc,starmer,Rachel Reeves,gb_auctions,100
2025-03-12,2025-03-13,4½% Treasury Gilt 2035,Gilt,AUK,0.045,2035-03-20,4000.0,,3943.2,98.58,98.58,veröffentlicht (Durchschnittskurs bzw. Emissionskurs),4.678752,4.679,3943.2,0.0,4000.0,1860.28,1860.28,1860.28,1860.28,calc,starmer,Rachel Reeves,gb_auctions,99
2025-03-18,2025-03-19,4 3/8% Treasury Gilt 2028,Gilt,PAOF,0.04375,2028-03-07,5312.5,1062.5,5328.84,100.30799999999999,100.308,veröffentlicht (Durchschnittskurs bzw. Emissionskurs),4.262893,4.2629,5336.44,7.58,5312.5,673.32,673.32,673.32,673.32,calc,starmer,Rachel Reeves,gb_auctions,98
2025-03-25,2025-03-26,4¾% Treasury Gilt 2043,Gilt,AUK,0.0475,2043-10-23,2000.0,,1886.37,94.318,94.318,veröffentlicht (Durchschnittskurs bzw. Emissionskurs),5.231598,5.2315,1926.55,40.19,2000.0,1878.45,1878.45,1878.45,1878.45,calc,starmer,Rachel Reeves,gb_auctions,97
2025-03-27,2025-03-28,4% Treasury Gilt 2031,Gilt,PAOF,0.04,2031-10-22,3750.0,750.0,3640.67,97.085,97.085,veröffentlicht (Durchschnittskurs bzw. Emissionskurs),4.51735,4.5173,3705.38,64.7,3750.0,1094.61,1094.61,1094.61,1094.61,calc,starmer,Rachel Reeves,gb_auctions,96
2025-04-02,2025-04-03,1 1/8% Index-linked Treasury Gilt 2035,IL Gilt,PAOF,0.01125,2035-09-22,1944.6,344.6,1922.15,98.6,98.600007,aus veröffentlichtem Cash-Erlös (geteilt durch Index-Verhältniszahl),1.268136,1.2681,1926.02,3.87,2500.79,845.56,421.04,1339.9,61.14,proj,starmer,Rachel Reeves,gb_auctions,95
2025-04-03,2025-04-04,4 3/8% Treasury Gilt 2040,Gilt,PAOF,0.04375,2040-01-31,4062.5,812.5,3832.52,94.339,94.339,veröffentlicht (Durchschnittskurs bzw. Emissionskurs),4.916653999999999,4.9167,3863.45,30.93,4062.5,2865.06,2865.06,2865.06,2865.06,calc,starmer,Rachel Reeves,gb_auctions,94
2025-04-08,2025-04-09,4 3/8% Treasury Gilt 2054,Gilt,PAOF,0.04375,2054-07-31,2812.5,562.5,2406.2,85.554,85.554,veröffentlicht (Durchschnittskurs bzw. Emissionskurs),5.357032,5.357,2429.32,23.11,2812.5,4013.06,4013.06,4013.06,4013.06,calc,starmer,Rachel Reeves,gb_auctions,93
2025-04-09,2025-04-10,4 3/8% Treasury Gilt 2030,Gilt,PAOF,0.04375,2030-03-07,4522.75,22.75,4568.37,101.009,101.009,veröffentlicht (Durchschnittskurs bzw. Emissionskurs),4.142320000000001,4.1423,4617.82,49.44,4522.75,925.44,925.44,925.44,925.44,calc,starmer,Rachel Reeves,gb_auctions,92
2025-04-15,2025-04-16,4½% Treasury Gilt 2035,Gilt,AUK,0.045,2035-03-20,4000.0,,3956.18,98.905,98.905,veröffentlicht (Durchschnittskurs bzw. Emissionskurs),4.638085,4.6383,3972.89,16.69,4000.0,1830.59,1830.59,1830.59,1830.59,calc,starmer,Rachel Reeves,gb_auctions,91
2025-04-16,2025-04-17,0 1/8% Treasury Gilt 2028,Gilt,TEN,0.00125,2028-01-31,1500.0,,1361.64,90.77600000000001,90.776,veröffentlicht (Durchschnittskurs bzw. Emissionskurs),3.631169,3.6312,1362.03,0.39,1500.0,143.59,143.59,143.59,143.59,calc,starmer,Rachel Reeves,gb_tenders,39
2025-04-24,2025-04-25,4¾% Treasury Gilt 2043,Gilt,PAOF,0.0475,2043-10-23,2187.5,437.5,2082.72,95.21,95.21,veröffentlicht (Durchschnittskurs bzw. Emissionskurs),5.1548609999999995,5.1548,2083.29,0.57,2187.5,2026.48,2026.48,2026.48,2026.48,calc,starmer,Rachel Reeves,gb_auctions,90
2025-04-29,2025-04-30,1¼% Index-linked Treasury Gilt 2054,IL Gilt,PAOF,0.0125,2054-11-22,1117.0,217.0,928.74,79.907,79.908052,aus veröffentlichtem Cash-Erlös (geteilt durch Index-Verhältniszahl),2.175039,2.175,935.12,6.38,2167.87,1848.19,773.98,3635.17,249.49,proj,starmer,Rachel Reeves,gb_auctions,89
2025-04-30,2025-05-01,4 3/8% Treasury Gilt 2028,Gilt,PAOF,0.04375,2028-03-07,5625.0,1125.0,5706.15,101.443,101.443,veröffentlicht (Durchschnittskurs bzw. Emissionskurs),3.8341570000000003,3.8342,5742.95,36.78,5625.0,620.33,620.33,620.33,620.33,calc,starmer,Rachel Reeves,gb_auctions,88
2025-05-07,2025-05-08,4 3/8% Treasury Gilt 2030,Gilt,PAOF,0.04375,2030-03-07,5625.0,1125.0,5721.81,101.721,101.721,veröffentlicht (Durchschnittskurs bzw. Emissionskurs),3.9768090000000003,3.9768,5802.02,80.21,5625.0,1092.2,1092.2,1092.2,1092.2,calc,starmer,Rachel Reeves,gb_auctions,87
2025-05-13,2025-05-14,0 5/8% Index-linked Treasury Gilt 2045,IL Gilt,PAOF,0.00625,2045-03-22,1244.05,244.05,1002.06,74.3,74.299612,aus veröffentlichtem Cash-Erlös (geteilt durch Index-Verhältniszahl),2.2347300000000003,2.2347,1003.27,1.21,2073.88,1285.53,617.35,2219.93,358.55,proj,starmer,Rachel Reeves,gb_auctions,86
2025-05-14,2025-05-15,4½% Treasury Gilt 2035,Gilt,PAOF,0.045,2035-03-20,4893.41,643.41,4826.76,98.63799999999999,98.638,veröffentlicht (Durchschnittskurs bzw. Emissionskurs),4.673334,4.6733,4864.53,37.77,4893.41,2235.17,2235.17,2235.17,2235.17,calc,starmer,Rachel Reeves,gb_auctions,85
2025-05-15,2025-05-16,0 1/8% Treasury Gilt 2028,Gilt,TEN,0.00125,2028-01-31,2000.0,,1813.96,90.698,90.698,veröffentlicht (Durchschnittskurs bzw. Emissionskurs),3.767972,3.7679,1814.69,0.73,2000.0,192.81,192.81,192.81,192.81,calc,starmer,Rachel Reeves,gb_tenders,38
2025-05-20,2025-05-21,5⅜% Treasury Gilt 2056,Gilt,SYN,0.05375,2056-02-10,4000.0,,3975.0,99.566,99.375,aus veröffentlichtem Cash-Erlös (nach Abzug der Differenz zum Emissionskurs),5.405,5.4047,3975.0,0.0,4000.0,6630.61,6630.61,6630.61,6630.61,calc,starmer,Rachel Reeves,gb_syndications,2
2025-05-21,2025-05-22,4% Treasury Gilt 2031,Gilt,PAOF,0.04,2031-10-22,4771.38,521.38,4665.35,97.77799999999999,97.778,veröffentlicht (Durchschnittskurs bzw. Emissionskurs),4.400634,4.4006,4681.0,15.64,4771.38,1330.93,1330.93,1330.93,1330.93,calc,starmer,Rachel Reeves,gb_auctions,84
2025-05-28,2025-05-29,0 7/8% Green Gilt 2033,Green Gilt,AUK,0.00875,2033-07-31,2750.0,,2072.7,75.37100000000001,75.371,veröffentlicht (Durchschnittskurs bzw. Emissionskurs),4.510953,4.511,2080.55,7.84,2750.0,873.99,873.99,873.99,873.99,calc,starmer,Rachel Reeves,gb_auctions,83
2025-05-29,2025-05-30,0 1/8% Index-linked Treasury Gilt 2031,IL Gilt,TEN,0.00125,2031-08-10,1250.0,,1611.35,95.765,95.764771,aus veröffentlichtem Cash-Erlös (geteilt durch Index-Verhältniszahl),0.82726,0.8273,1611.98,0.63,1972.56,375.64,197.09,567.9,73.89,proj,starmer,Rachel Reeves,gb_tenders,37
2025-06-03,2025-06-04,4% Treasury Gilt 2063,Gilt,PAOF,0.04,2063-10-22,1419.25,169.25,1121.39,79.013,79.013,veröffentlicht (Durchschnittskurs bzw. Emissionskurs),5.281449,5.2814,1128.06,6.67,1419.25,2476.83,2476.83,2476.83,2476.83,calc,starmer,Rachel Reeves,gb_auctions,82
2025-06-04,2025-06-05,4 3/8% Treasury Gilt 2028,Gilt,PAOF,0.04375,2028-03-07,5925.62,1175.62,5973.22,100.803,100.803,veröffentlicht (Durchschnittskurs bzw. Emissionskurs),4.061889,4.0619,6036.61,63.4,5925.62,666.75,666.75,666.75,666.75,calc,starmer,Rachel Reeves,gb_auctions,81
2025-06-10,2025-06-11,1¾% Index-linked Treasury Gilt 2038,IL Gilt,SYN,0.0175,2038-09-15,5500.0,,5494.0,100.061,99.890909,aus veröffentlichtem Cash-Erlös (geteilt durch Index-Verhältniszahl),1.745,1.7449,5494.0,0.0,7376.55,3393.6,1686.85,5492.14,131.48,proj,starmer,Rachel Reeves,gb_syndications,3
2025-06-11,2025-06-12,4½% Treasury Gilt 2035,Gilt,AUK,0.045,2035-03-20,4250.0,,4220.62,99.309,99.309,veröffentlicht (Durchschnittskurs bzw. Emissionskurs),4.587585000000001,4.5876,4267.99,47.35,4250.0,1898.21,1898.21,1898.21,1898.21,calc,starmer,Rachel Reeves,gb_auctions,80
2025-06-17,2025-06-18,4 3/8% Treasury Gilt 2030,Gilt,PAOF,0.04375,2030-03-07,5625.0,1125.0,5699.82,101.33,101.33,veröffentlicht (Durchschnittskurs bzw. Emissionskurs),4.059827,4.0598,5807.44,107.63,5625.0,1086.78,1086.78,1086.78,1086.78,calc,starmer,Rachel Reeves,gb_auctions,79
2025-06-24,2025-06-25,1 1/8% Index-linked Treasury Gilt 2035,IL Gilt,PAOF,0.01125,2035-09-22,1740.78,40.77,1740.63,97.512,97.511942,aus veröffentlichtem Cash-Erlös (geteilt durch Index-Verhältniszahl),1.386311,1.3863,1748.7,8.07,2238.67,732.37,352.35,1174.9,70.1,proj,starmer,Rachel Reeves,gb_auctions,78
2025-06-25,2025-06-26,4 3/8% Treasury Gilt 2040,Gilt,AUK,0.04375,2040-01-31,3250.0,,3089.61,95.065,95.065,veröffentlicht (Durchschnittskurs bzw. Emissionskurs),4.850301,4.8503,3146.96,57.35,3250.0,2235.85,2235.85,2235.85,2235.85,calc,starmer,Rachel Reeves,gb_auctions,77
2025-06-26,2025-06-27,4¼% Treasury Gilt 2046,Gilt,TEN,0.0425,2046-12-07,1000.0,,882.52,88.25200000000001,88.252,veröffentlicht (Durchschnittskurs bzw. Emissionskurs),5.162054,5.162,884.84,2.32,1000.0,1028.91,1028.91,1028.91,1028.91,calc,starmer,Rachel Reeves,gb_tenders,36
2025-07-01,2025-07-02,1½% Green Gilt 2053,Green Gilt,AUK,0.015,2053-07-31,2000.0,,919.06,45.953,45.953,veröffentlicht (Durchschnittskurs bzw. Emissionskurs),5.168996,5.169,931.66,12.6,2000.0,1923.34,1923.34,1923.34,1923.34,calc,starmer,Rachel Reeves,gb_auctions,76
2025-07-02,2025-07-03,4 3/8% Treasury Gilt 2028,Gilt,PAOF,0.04375,2028-03-07,5050.0,50.0,5117.03,101.32700000000001,101.327,veröffentlicht (Durchschnittskurs bzw. Emissionskurs),3.84712,3.8471,5187.86,70.84,5050.0,524.95,524.95,524.95,524.95,calc,starmer,Rachel Reeves,gb_auctions,75
2025-07-08,2025-07-09,1 7/8% Index-linked Treasury Gilt 2049,IL Gilt,AUK,0.01875,2049-09-22,900.0,,841.61,91.09,91.090136,aus veröffentlichtem Cash-Erlös (geteilt durch Index-Verhältniszahl),2.360255,2.3603,846.74,5.13,1523.04,1232.97,565.04,2236.9,103.69,proj,starmer,Rachel Reeves,gb_auctions,74
2025-07-09,2025-07-10,4½% Treasury Gilt 2035,Gilt,PAOF,0.045,2035-03-20,4761.75,261.75,4711.69,98.949,98.949,veröffentlicht (Durchschnittskurs bzw. Emissionskurs),4.635201,4.6349,4781.06,69.36,4761.75,2127.62,2127.62,2127.62,2127.62,calc,starmer,Rachel Reeves,gb_auctions,73
2025-07-15,2025-07-16,4¼% Treasury Stock 2032,Gilt,TEN,0.0425,2032-06-07,1000.0,,1005.26,100.527,100.527,veröffentlicht (Durchschnittskurs bzw. Emissionskurs),4.160713,4.1607,1009.8,4.53,1000.0,287.7,287.7,287.7,287.7,calc,starmer,Rachel Reeves,gb_tenders,35
2025-07-16,2025-07-17,4½% Treasury Gilt 2034,Gilt,TEN,0.045,2034-09-07,1500.0,,1494.0,99.6,99.6,veröffentlicht (Durchschnittskurs bzw. Emissionskurs),4.553329,4.5533,1518.21,24.21,1500.0,623.04,623.04,623.04,623.04,calc,starmer,Rachel Reeves,gb_tenders,34
2025-07-17,2025-07-18,4 3/8% Treasury Gilt 2030,Gilt,PAOF,0.04375,2030-03-07,5891.1,1141.1,5963.87,101.235,101.235,veröffentlicht (Durchschnittskurs bzw. Emissionskurs),4.078106,4.0781,6097.58,133.73,5891.1,1122.77,1122.77,1122.77,1122.77,calc,starmer,Rachel Reeves,gb_auctions,72
2025-07-22,2025-07-23,1 1/8% Index-linked Treasury Gilt 2035,IL Gilt,PAOF,0.01125,2035-09-22,2007.85,307.85,1978.94,95.66799999999999,95.668105,aus veröffentlichtem Cash-Erlös (geteilt durch Index-Verhältniszahl),1.5880459999999998,1.588,1990.06,11.12,2582.14,871.67,433.33,1382.08,117.43,proj,starmer,Rachel Reeves,gb_auctions,71
2025-07-23,2025-07-24,4 3/8% Treasury Gilt 2040,Gilt,PAOF,0.04375,2040-01-31,3750.0,750.0,3485.96,92.959,92.959,veröffentlicht (Durchschnittskurs bzw. Emissionskurs),5.065912,5.0659,3482.79,-3.17,3750.0,2646.11,2646.11,2646.11,2646.11,calc,starmer,Rachel Reeves,gb_auctions,70
2025-07-29,2025-07-30,4 3/8% Treasury Gilt 2028,Gilt,PAOF,0.04375,2028-03-07,6250.0,1250.0,6316.39,101.06200000000001,101.062,veröffentlicht (Durchschnittskurs bzw. Emissionskurs),3.940738,3.9407,6424.11,107.74,6250.0,646.2,646.2,646.2,646.2,calc,starmer,Rachel Reeves,gb_auctions,69
2025-07-30,2025-07-31,3¾% Treasury Gilt 2052,Gilt,TEN,0.0375,2052-07-22,300.0,,230.72,76.907,76.907,veröffentlicht (Durchschnittskurs bzw. Emissionskurs),5.38255,5.3825,231.0,0.28,300.0,372.75,372.75,372.75,372.75,calc,starmer,Rachel Reeves,gb_tenders,33
2025-08-05,2025-08-06,4½% Treasury Gilt 2035,Gilt,PAOF,0.045,2035-03-20,5625.0,1125.0,5615.37,99.829,99.829,veröffentlicht (Durchschnittskurs bzw. Emissionskurs),4.521565,4.5215,5715.88,100.5,5625.0,2445.26,2445.26,2445.26,2445.26,calc,starmer,Rachel Reeves,gb_auctions,68
2025-08-12,2025-08-13,4 3/8% Treasury Gilt 2030,Gilt,AUK,0.04375,2030-03-07,4750.0,,4819.17,101.456,101.456,veröffentlicht (Durchschnittskurs bzw. Emissionskurs),4.021826,4.0218,4941.67,122.51,4750.0,880.11,880.11,880.11,880.11,calc,starmer,Rachel Reeves,gb_auctions,67
2025-08-19,2025-08-20,1 1/8% Index-linked Treasury Gilt 2035,IL Gilt,PAOF,0.01125,2035-09-22,1956.67,356.68,1909.34,94.44,94.439778,aus veröffentlichtem Cash-Erlös (geteilt durch Index-Verhältniszahl),1.727791,1.7278,1921.94,12.6,2516.32,866.85,439.69,1364.26,137.76,proj,starmer,Rachel Reeves,gb_auctions,66
2025-08-27,2025-08-28,4 3/8% Treasury Gilt 2028,Gilt,PAOF,0.04375,2028-03-07,5156.82,156.82,5203.89,100.913,100.913,veröffentlicht (Durchschnittskurs bzw. Emissionskurs),3.991143,3.9911,5310.58,106.67,5156.82,523.08,523.08,523.08,523.08,calc,starmer,Rachel Reeves,gb_auctions,65
2025-09-02,2025-09-03,4¾% Treasury Gilt 2035,Gilt,SYN,0.0475,2035-10-20,14000.0,,13835.0,98.972,98.821429,aus veröffentlichtem Cash-Erlös (nach Abzug der Differenz zum Emissionskurs),4.879,4.8787,13835.0,0.0,14000.0,6900.4,6900.4,6900.4,6900.4,calc,starmer,Rachel Reeves,gb_syndications,4
2025-09-04,2025-09-05,0 5/8% Index-linked Treasury Gilt 2045,IL Gilt,PAOF,0.00625,2045-03-22,938.47,138.47,754.32,72.277,72.277189,aus veröffentlichtem Cash-Erlös (geteilt durch Index-Verhältniszahl),2.412258,2.4123,757.28,2.96,1564.47,969.33,465.27,1674.21,296.29,proj,starmer,Rachel Reeves,gb_auctions,64
2025-09-09,2025-09-10,4¾% Treasury Gilt 2043,Gilt,PAOF,0.0475,2043-10-23,1810.0,60.0,1696.6,93.735,93.735,veröffentlicht (Durchschnittskurs bzw. Emissionskurs),5.2914390000000004,5.2914,1729.49,32.89,1810.0,1671.05,1671.05,1671.05,1671.05,calc,starmer,Rachel Reeves,gb_auctions,63
2025-09-10,2025-09-11,4% Treasury Gilt 2031,Gilt,AUK,0.04,2031-10-22,4000.0,,3955.53,98.88799999999999,98.888,veröffentlicht (Durchschnittskurs bzw. Emissionskurs),4.20755,4.2075,4017.6,62.08,4000.0,1022.4,1022.4,1022.4,1022.4,calc,starmer,Rachel Reeves,gb_auctions,62
2025-09-11,2025-09-12,0½% Treasury Gilt 2029,Gilt,TEN,0.005,2029-01-31,1250.0,,1118.67,89.494,89.494,veröffentlicht (Durchschnittskurs bzw. Emissionskurs),3.841041,3.8411,1119.41,0.73,1250.0,152.47,152.47,152.47,152.47,calc,starmer,Rachel Reeves,gb_tenders,32
2025-09-11,2025-09-12,4¼% Treasury Stock 2032,Gilt,TEN,0.0425,2032-06-07,1000.0,,1002.5,100.25,100.25,veröffentlicht (Durchschnittskurs bzw. Emissionskurs),4.2059820000000006,4.206,1013.76,11.26,1000.0,283.74,283.74,283.74,283.74,calc,starmer,Rachel Reeves,gb_tenders,31
2025-09-16,2025-09-17,4 3/8% Treasury Gilt 2040,Gilt,AUK,0.04375,2040-01-31,3000.0,,2795.29,93.176,93.176,veröffentlicht (Durchschnittskurs bzw. Emissionskurs),5.04797,5.048,2812.4,17.12,3000.0,2090.73,2090.73,2090.73,2090.73,calc,starmer,Rachel Reeves,gb_auctions,61
2025-09-23,2025-09-24,5 3/8% Treasury Gilt 2056,Gilt,PAOF,0.05375,2056-02-10,1604.25,104.25,1580.28,98.506,98.506,veröffentlicht (Durchschnittskurs bzw. Emissionskurs),5.475993,5.476,1590.83,10.54,1604.25,2643.39,2643.39,2643.39,2643.39,calc,starmer,Rachel Reeves,gb_auctions,60
2025-09-24,2025-09-25,4 3/8% Treasury Gilt 2030,Gilt,AUK,0.04375,2030-03-07,4750.0,,4803.45,101.125,101.125,veröffentlicht (Durchschnittskurs bzw. Emissionskurs),4.095407,4.0954,4813.77,10.33,4750.0,871.39,871.39,871.39,871.39,calc,starmer,Rachel Reeves,gb_auctions,59
2025-09-25,2025-09-26,4½% Treasury Gilt 2034,Gilt,TEN,0.045,2034-09-07,1250.0,,1242.32,99.385,99.385,veröffentlicht (Durchschnittskurs bzw. Emissionskurs),4.58418,4.5842,1245.26,2.95,1250.0,510.99,510.99,510.99,510.99,calc,starmer,Rachel Reeves,gb_tenders,30
2025-09-25,2025-09-26,4¾% Treasury Stock 2038,Gilt,TEN,0.0475,2038-12-07,750.0,,733.53,97.805,97.805,veröffentlicht (Durchschnittskurs bzw. Emissionskurs),4.978206,4.9782,744.34,10.8,750.0,486.6,486.6,486.6,486.6,calc,starmer,Rachel Reeves,gb_tenders,29
2025-10-01,2025-10-02,1 1/8% Index-linked Treasury Gilt 2035,IL Gilt,PAOF,0.01125,2035-09-22,1718.53,118.53,1696.49,94.98299999999999,94.983062,aus veröffentlichtem Cash-Erlös (geteilt durch Index-Verhältniszahl),1.673315,1.6733,1697.05,0.56,2210.06,739.4,364.23,1176.27,109.46,proj,starmer,Rachel Reeves,gb_auctions,58
2025-10-02,2025-10-03,4¾% Treasury Gilt 2035,Gilt,AUK,0.0475,2035-10-20,4500.0,,4492.55,99.834,99.834,veröffentlicht (Durchschnittskurs bzw. Emissionskurs),4.7693200000000004,4.7694,4510.05,17.52,4500.0,2154.9,2154.9,2154.9,2154.9,calc,starmer,Rachel Reeves,gb_auctions,57
2025-10-07,2025-10-08,0 1/8% Treasury Gilt 2028,Gilt,TEN,0.00125,2028-01-31,1250.0,,1149.66,91.973,91.973,veröffentlicht (Durchschnittskurs bzw. Emissionskurs),3.782707,3.7828,1149.96,0.29,1250.0,103.95,103.95,103.95,103.95,calc,starmer,Rachel Reeves,gb_tenders,28
2025-10-08,2025-10-09,4% Treasury Gilt 2029,Gilt,PAOF,0.04,2029-05-22,5371.42,371.42,5354.1,99.678,99.678,veröffentlicht (Durchschnittskurs bzw. Emissionskurs),4.094856,4.0949,5354.12,0.0,5371.42,794.98,794.98,794.98,794.98,calc,starmer,Rachel Reeves,gb_auctions,56
2025-10-14,2025-10-15,5¼% Treasury Gilt 2041,Gilt,SYN,0.0525,2041-02-03,9000.0,,9130.0,101.621,101.444444,aus veröffentlichtem Cash-Erlös (nach Abzug der Differenz zum Emissionskurs),5.097,5.0969,9130.0,0.0,9000.0,7100.02,7100.02,7100.02,7100.02,calc,starmer,Rachel Reeves,gb_syndications,5
2025-10-15,2025-10-16,0 1/8% Index-linked Treasury Gilt 2031,IL Gilt,AUK,0.00125,2031-08-10,1500.0,,1989.14,95.68,95.679801,aus veröffentlichtem Cash-Erlös (geteilt durch Index-Verhältniszahl),0.888531,0.8885,1989.61,0.47,2367.07,394.24,179.99,624.95,91.97,proj,starmer,Rachel Reeves,gb_auctions,55
2025-10-21,2025-10-22,1½% Green Gilt 2053,Green Gilt,AUK,0.015,2053-07-31,1500.0,,676.84,45.122,45.122,veröffentlicht (Durchschnittskurs bzw. Emissionskurs),5.293903,5.2939,681.9,5.07,1500.0,1448.1,1448.1,1448.1,1448.1,calc,starmer,Rachel Reeves,gb_auctions,54
2025-10-23,2025-10-24,4 1/8% Treasury Gilt 2031,Gilt,PAOF,0.04125,2031-03-07,5463.75,713.75,5495.55,100.58200000000001,100.582,veröffentlicht (Durchschnittskurs bzw. Emissionskurs),4.0042860000000005,4.0043,5495.55,0.0,5463.75,1178.53,1178.53,1178.53,1178.53,calc,starmer,Rachel Reeves,gb_auctions,53
2025-10-28,2025-10-29,1 1/8% Index-linked Treasury Gilt 2035,IL Gilt,PAOF,0.01125,2035-09-22,1875.0,375.0,1875.32,95.925,95.92491,aus veröffentlichtem Cash-Erlös (geteilt durch Index-Verhältniszahl),1.571122,1.5711,1877.57,2.25,2411.29,780.72,371.39,1257.36,99.69,proj,starmer,Rachel Reeves,gb_auctions,52
2025-10-29,2025-10-30,4 1/8% Treasury Gilt 2033,Gilt,PAOF,0.04125,2033-03-07,4687.5,937.5,4668.18,99.588,99.588,veröffentlicht (Durchschnittskurs bzw. Emissionskurs),4.191382,4.1914,4668.19,0.0,4687.5,1441.2,1441.2,1441.2,1441.2,calc,starmer,Rachel Reeves,gb_auctions,51
2025-10-30,2025-10-31,0 3/8% Treasury Gilt 2030,Gilt,TEN,0.00375,2030-10-22,1500.0,,1269.34,84.62299999999999,84.623,veröffentlicht (Durchschnittskurs bzw. Emissionskurs),3.795865,3.7958,1269.48,0.14,1500.0,258.64,258.64,258.64,258.64,calc,starmer,Rachel Reeves,gb_tenders,27
2025-11-04,2025-11-05,4% Treasury Gilt 2029,Gilt,PAOF,0.04,2029-05-22,5050.0,50.0,5075.3,100.501,100.501,veröffentlicht (Durchschnittskurs bzw. Emissionskurs),3.8451049999999998,3.8451,5090.12,14.82,5050.0,691.03,691.03,691.03,691.03,calc,starmer,Rachel Reeves,gb_auctions,50
2025-11-12,2025-11-13,1¾% Index-linked Treasury Gilt 2038,IL Gilt,SYN,0.0175,2038-09-15,4250.0,,4304.0,99.065,98.917345,aus veröffentlichtem Cash-Erlös (geteilt durch Index-Verhältniszahl),1.832,1.832,4316.41,12.41,5700.06,2531.5,1212.65,4153.1,111.88,proj,starmer,Rachel Reeves,gb_syndications,6
2025-11-18,2025-11-19,4¾% Treasury Gilt 2030,Gilt,TEN,0.0475,2030-12-07,1250.0,,1298.5,103.88,103.88,veröffentlicht (Durchschnittskurs bzw. Emissionskurs),3.895649,3.8956,1325.27,26.77,1250.0,251.3,251.3,251.3,251.3,calc,starmer,Rachel Reeves,gb_tenders,26
2025-11-19,2025-11-20,4¾% Treasury Gilt 2035,Gilt,AUK,0.0475,2035-10-20,4500.0,,4549.84,101.10799999999999,101.108,veröffentlicht (Durchschnittskurs bzw. Emissionskurs),4.6076,4.6076,4595.51,45.65,4500.0,2069.44,2069.44,2069.44,2069.44,calc,starmer,Rachel Reeves,gb_auctions,49
2025-11-20,2025-11-21,0¼% Index-linked Treasury Gilt 2052,IL Gilt,TEN,0.0025,2052-03-22,300.0,,295.6,58.652,58.659872,aus veröffentlichtem Cash-Erlös (geteilt durch Index-Verhältniszahl),2.369623,2.3696,295.81,0.21,863.66,612.57,261.14,1177.07,209.39,proj,starmer,Rachel Reeves,gb_tenders,25
2025-11-25,2025-11-26,4 1/8% Treasury Gilt 2031,Gilt,PAOF,0.04125,2031-03-07,5625.0,1125.0,5634.73,100.17299999999999,100.173,veröffentlicht (Durchschnittskurs bzw. Emissionskurs),4.088417,4.0884,5655.88,21.15,5625.0,1215.16,1215.16,1215.16,1215.16,calc,starmer,Rachel Reeves,gb_auctions,48
2025-12-02,2025-12-03,0 1/8% Index-linked Treasury Gilt 2031,IL Gilt,AUK,0.00125,2031-08-10,1000.0,,1320.49,95.45,95.449748,aus veröffentlichtem Cash-Erlös (geteilt durch Index-Verhältniszahl),0.948665,0.9487,1321.03,0.54,1578.05,268.21,125.37,422.01,64.16,proj,starmer,Rachel Reeves,gb_auctions,47
2025-12-03,2025-12-04,4% Treasury Gilt 2029,Gilt,PAOF,0.04,2029-05-22,5937.5,1187.5,5964.67,100.458,100.458,veröffentlicht (Durchschnittskurs bzw. Emissionskurs),3.8546080000000003,3.8546,6000.96,36.27,5937.5,796.18,796.18,796.18,796.18,calc,starmer,Rachel Reeves,gb_auctions,46
2025-12-04,2025-12-05,4¼% Treasury Gilt 2039,Gilt,TEN,0.0425,2039-09-07,1000.0,,943.78,94.37799999999999,94.378,veröffentlicht (Durchschnittskurs bzw. Emissionskurs),4.812981,4.813,954.23,10.45,1000.0,640.77,640.77,640.77,640.77,calc,starmer,Rachel Reeves,gb_tenders,24
2025-12-09,2025-12-10,4¼% Treasury Stock 2032,Gilt,TEN,0.0425,2032-06-07,750.0,,755.98,100.79799999999999,100.798,veröffentlicht (Durchschnittskurs bzw. Emissionskurs),4.10868,4.1086,756.25,0.26,750.0,200.94,200.94,200.94,200.94,calc,starmer,Rachel Reeves,gb_tenders,23
2025-12-10,2025-12-11,4¾% Treasury Gilt 2035,Gilt,PAOF,0.0475,2035-10-20,5625.0,1125.0,5684.46,101.057,101.057,veröffentlicht (Durchschnittskurs bzw. Emissionskurs),4.613379,4.6134,5756.94,72.48,5625.0,2574.25,2574.25,2574.25,2574.25,calc,starmer,Rachel Reeves,gb_auctions,45
2025-12-16,2025-12-17,4 1/8% Treasury Gilt 2031,Gilt,PAOF,0.04125,2031-03-07,4806.0,556.0,4813.06,100.147,100.147,veröffentlicht (Durchschnittskurs bzw. Emissionskurs),4.093361,4.0934,4842.64,29.57,4806.0,1027.98,1027.98,1027.98,1027.98,calc,starmer,Rachel Reeves,gb_auctions,44
2026-01-07,2026-01-08,4 1/8% Treasury Gilt 2031,Gilt,PAOF,0.04125,2031-03-07,5196.87,946.87,5231.74,100.671,100.671,veröffentlicht (Durchschnittskurs bzw. Emissionskurs),3.979644,3.9796,5276.75,45.01,5196.87,1071.33,1071.33,1071.33,1071.33,calc,starmer,Rachel Reeves,gb_auctions,43
2026-01-13,2026-01-14,1 1/8% Index-linked Treasury Gilt 2035,IL Gilt,AUK,0.01125,2035-09-22,900.0,,910.36,97.23,97.229832,aus veröffentlichtem Cash-Erlös (geteilt durch Index-Verhältniszahl),1.4322720000000002,1.4323,913.68,3.32,1157.42,362.3,165.82,591.09,33.31,proj,starmer,Rachel Reeves,gb_auctions,42
2026-01-14,2026-01-15,4¾% Treasury Gilt 2035,Gilt,PAOF,0.0475,2035-10-20,5625.0,1125.0,5754.1,102.295,102.295,veröffentlicht (Durchschnittskurs bzw. Emissionskurs),4.4558420000000005,4.4558,5852.26,98.17,5625.0,2478.92,2478.92,2478.92,2478.92,calc,starmer,Rachel Reeves,gb_auctions,41
2026-01-20,2026-01-21,5¼% Treasury Gilt 2041,Gilt,SYN,0.0525,2041-02-03,7250.0,,7462.0,103.079,102.924138,aus veröffentlichtem Cash-Erlös (nach Abzug der Differenz zum Emissionskurs),4.957,4.9571,7563.36,101.36,7250.0,5510.82,5510.82,5510.82,5510.82,calc,starmer,Rachel Reeves,gb_syndications,7
2026-01-21,2026-01-22,4% Treasury Gilt 2029,Gilt,PAOF,0.04,2029-05-22,5937.5,1187.5,5969.92,100.546,100.546,veröffentlicht (Durchschnittskurs bzw. Emissionskurs),3.820614,3.8206,6038.34,68.42,5937.5,758.81,758.81,758.81,758.81,calc,starmer,Rachel Reeves,gb_auctions,40
2026-01-27,2026-01-28,4 1/8% Treasury Gilt 2033,Gilt,PAOF,0.04125,2033-03-07,4021.25,771.25,3979.52,98.962,98.962,veröffentlicht (Durchschnittskurs bzw. Emissionskurs),4.295917,4.2959,4020.75,41.24,4021.25,1220.29,1220.29,1220.29,1220.29,calc,starmer,Rachel Reeves,gb_auctions,39
2026-01-29,2026-01-30,0 1/8% Treasury Gilt 2028,Gilt,TEN,0.00125,2028-01-31,1250.0,,1170.4,93.632,93.632,veröffentlicht (Durchschnittskurs bzw. Emissionskurs),3.442935,3.4428,1170.4,-0.0,1250.0,82.73,82.73,82.73,82.73,calc,starmer,Rachel Reeves,gb_tenders,22
2026-02-03,2026-02-04,4¾% Treasury Gilt 2035,Gilt,PAOF,0.0475,2035-10-20,5312.5,1062.5,5379.87,101.26799999999999,101.268,veröffentlicht (Durchschnittskurs bzw. Emissionskurs),4.585119000000001,4.5851,5486.44,106.58,5312.5,2381.9,2381.9,2381.9,2381.9,calc,starmer,Rachel Reeves,gb_auctions,38
2026-02-10,2026-02-11,4 1/8% Treasury Gilt 2031,Gilt,AUK,0.04125,2031-03-07,3750.0,,3771.08,100.56200000000001,100.562,veröffentlicht (Durchschnittskurs bzw. Emissionskurs),4.001137,4.0011,3818.08,47.0,3750.0,762.62,762.62,762.62,762.62,calc,starmer,Rachel Reeves,gb_auctions,37
2026-02-11,2026-02-12,4¼% Treasury Gilt 2049,Gilt,TEN,0.0425,2049-12-07,300.0,,259.25,86.417,86.417,veröffentlicht (Durchschnittskurs bzw. Emissionskurs),5.255996,5.256,261.6,2.35,300.0,344.4,344.4,344.4,344.4,calc,starmer,Rachel Reeves,gb_tenders,21
2026-02-17,2026-02-18,0 1/8% Treasury Gilt 2028,Gilt,TEN,0.00125,2028-01-31,500.0,,469.93,93.986,93.986,veröffentlicht (Durchschnittskurs bzw. Emissionskurs),3.33584,3.3357,469.96,0.03,500.0,31.29,31.29,31.29,31.29,calc,starmer,Rachel Reeves,gb_tenders,19
2026-02-17,2026-02-18,4¼% Treasury Stock 2032,Gilt,TEN,0.0425,2032-06-07,750.0,,762.3,101.64,101.64,veröffentlicht (Durchschnittskurs bzw. Emissionskurs),3.95239,3.9525,768.69,6.39,750.0,188.49,188.49,188.49,188.49,calc,starmer,Rachel Reeves,gb_tenders,20
2026-02-24,2026-02-25,4 1/8% Treasury Gilt 2033,Gilt,PAOF,0.04125,2033-03-07,3601.18,601.18,3612.13,100.304,100.304,veröffentlicht (Durchschnittskurs bzw. Emissionskurs),4.0747480000000005,4.0747,3660.55,48.42,3601.18,1033.0,1033.0,1033.0,1033.0,calc,starmer,Rachel Reeves,gb_auctions,36
2026-03-05,2026-03-06,4% Treasury Gilt 2029,Gilt,AUK,0.04,2029-05-22,3500.0,,3519.63,100.561,100.561,veröffentlicht (Durchschnittskurs bzw. Emissionskurs),3.810004,3.81,3576.6,56.96,3500.0,430.14,430.14,430.14,430.14,calc,starmer,Rachel Reeves,gb_auctions,35
2026-03-10,2026-03-11,4⅝% Green Gilt 2037,Green Gilt,SYN,0.04625,2037-03-06,6250.0,,6192.0,99.221,99.072,aus veröffentlichtem Cash-Erlös (nach Abzug der Differenz zum Emissionskurs),4.717,4.7168,6192.0,0.0,6250.0,3233.76,3233.76,3233.76,3233.76,calc,starmer,Rachel Reeves,gb_syndications,8
2026-03-12,2026-03-13,1 7/8% Index-linked Treasury Gilt 2049,IL Gilt,AUK,0.01875,2049-09-22,500.0,,506.13,97.32,97.320527,aus veröffentlichtem Cash-Erlös (geteilt durch Index-Verhältniszahl),2.018682,2.0187,505.89,-0.24,846.13,639.79,268.71,1197.53,19.18,proj,starmer,Rachel Reeves,gb_auctions,34
2026-03-17,2026-03-18,4 1/8% Treasury Gilt 2031,Gilt,PAOF,0.04125,2031-03-07,4255.0,255.0,4235.42,99.54,99.54,veröffentlicht (Durchschnittskurs bzw. Emissionskurs),4.228318,4.2283,4240.67,5.25,4255.0,891.92,891.92,891.92,891.92,calc,starmer,Rachel Reeves,gb_auctions,33
2026-03-24,2026-03-25,4¾% Treasury Gilt 2035,Gilt,AUK,0.0475,2035-10-20,2250.0,,2222.39,98.773,98.773,veröffentlicht (Durchschnittskurs bzw. Emissionskurs),4.911333,4.9115,2281.92,59.53,2250.0,1050.55,1050.55,1050.55,1050.55,calc,starmer,Rachel Reeves,gb_auctions,32
2026-03-26,2026-03-27,5 3/8% Treasury Gilt 2056,Gilt,TEN,0.05375,2056-02-10,300.0,,293.79,97.93,97.93,veröffentlicht (Durchschnittskurs bzw. Emissionskurs),5.516717,5.5167,295.79,2.0,300.0,487.96,487.96,487.96,487.96,calc,starmer,Rachel Reeves,gb_tenders,18
2026-04-09,2026-04-10,4 1/8% Treasury Gilt 2033,Gilt,PAOF,0.04125,2033-03-07,4527.67,527.67,4425.88,97.75200000000001,97.752,veröffentlicht (Durchschnittskurs bzw. Emissionskurs),4.506755,4.5068,4443.14,17.26,4527.67,1391.89,1391.89,1391.89,1391.89,calc,starmer,Rachel Reeves,gb_auctions,31
2026-04-16,2026-04-17,1 7/8% Index-linked Treasury Gilt 2049,IL Gilt,PAOF,0.01875,2049-09-22,1125.0,225.0,1107.23,94.7,94.698866,aus veröffentlichtem Cash-Erlös (geteilt durch Index-Verhältniszahl),2.164563,2.1646,1108.78,1.55,1903.8,1468.99,634.07,2723.9,71.69,proj,starmer,Rachel Reeves,gb_auctions,30
2026-04-21,2026-04-22,4% Treasury Gilt 2029,Gilt,AUK,0.04,2029-05-22,5000.0,,4965.77,99.315,99.315,veröffentlicht (Durchschnittskurs bzw. Emissionskurs),4.237773000000001,4.2378,5073.09,107.34,5000.0,650.82,650.82,650.82,650.82,calc,starmer,Rachel Reeves,gb_auctions,29
2026-04-28,2026-04-29,0 1/8% Treasury Gilt 2028,Gilt,TEN,0.00125,2028-01-31,1000.0,,931.36,93.13600000000001,93.136,veröffentlicht (Durchschnittskurs bzw. Emissionskurs),4.21912,4.2194,931.66,0.3,1000.0,70.84,70.84,70.84,70.84,calc,starmer,Rachel Reeves,gb_tenders,17
2026-04-28,2026-04-29,4¼% Treasury Stock 2032,Gilt,TEN,0.0425,2032-06-07,1250.0,,1228.54,98.28299999999999,98.283,veröffentlicht (Durchschnittskurs bzw. Emissionskurs),4.574609,4.5747,1249.41,20.87,1250.0,345.9,345.9,345.9,345.9,calc,starmer,Rachel Reeves,gb_tenders,16
2026-05-06,2026-05-07,1 1/8% Index-linked Treasury Gilt 2035,IL Gilt,PAOF,0.01125,2035-09-22,1728.25,128.25,1754.23,97.05,97.049646,aus veröffentlichtem Cash-Erlös (geteilt durch Index-Verhältniszahl),1.46284,1.4628,1756.77,2.54,2222.56,683.34,306.04,1122.68,61.19,proj,starmer,Rachel Reeves,gb_auctions,28
2026-05-12,2026-05-13,4 1/8% Treasury Gilt 2031,Gilt,PAOF,0.04125,2031-03-07,4827.97,827.97,4719.19,97.74700000000001,97.747,veröffentlicht (Durchschnittskurs bzw. Emissionskurs),4.651088,4.6511,4755.45,36.26,4827.97,1068.28,1068.28,1068.28,1068.28,calc,starmer,Rachel Reeves,gb_auctions,27
2026-05-19,2026-05-20,0 1/8% Index-linked Treasury Gilt 2031,IL Gilt,AUK,0.00125,2031-08-10,1250.0,,1699.14,97.303,97.302916,aus veröffentlichtem Cash-Erlös (geteilt durch Index-Verhältniszahl),0.6506799999999999,0.6507,1699.74,0.6,1972.56,285.73,107.19,477.99,47.61,proj,starmer,Rachel Reeves,gb_auctions,26
2026-05-21,2026-05-22,4 7/8% Treasury Gilt 2036,Gilt,AUK,0.04875,2036-07-31,4000.0,,3952.49,98.81200000000001,98.812,veröffentlicht (Durchschnittskurs bzw. Emissionskurs),5.025659999999999,5.0257,3972.41,19.93,4000.0,2035.23,2035.23,2035.23,2035.23,calc,starmer,Rachel Reeves,gb_auctions,25
2026-05-27,2026-05-28,4 1/8% Treasury Gilt 2033,Gilt,AUK,0.04125,2033-03-07,4000.0,,3901.48,97.537,97.537,veröffentlicht (Durchschnittskurs bzw. Emissionskurs),4.550435,4.5504,3938.25,36.77,4000.0,1216.75,1216.75,1216.75,1216.75,calc,starmer,Rachel Reeves,gb_auctions,24
2026-05-28,2026-05-29,0 3/8% Treasury Gilt 2030,Gilt,TEN,0.00375,2030-10-22,1000.0,,845.02,84.50200000000001,84.502,veröffentlicht (Durchschnittskurs bzw. Emissionskurs),4.277401,4.2773,845.4,0.38,1000.0,171.48,171.48,171.48,171.48,calc,starmer,Rachel Reeves,gb_tenders,15
2026-05-28,2026-05-29,1 1/8% Treasury Gilt 2039,Gilt,TEN,0.01125,2039-01-31,1000.0,,633.34,63.333999999999996,63.334,veröffentlicht (Durchschnittskurs bzw. Emissionskurs),5.08493,5.0849,637.01,3.67,1000.0,509.24,509.24,509.24,509.24,calc,starmer,Rachel Reeves,gb_tenders,14
2026-06-02,2026-06-03,4 5/8% Green Gilt 2037,Green Gilt,AUK,0.04625,2037-03-06,3250.0,,3155.91,97.105,97.105,veröffentlicht (Durchschnittskurs bzw. Emissionskurs),4.9749110000000005,4.975,3190.22,34.31,3250.0,1711.17,1711.17,1711.17,1711.17,calc,starmer,Rachel Reeves,gb_auctions,23
2026-06-03,2026-06-04,1 1/8% Index-linked Treasury Gilt 2035,IL Gilt,PAOF,0.01125,2035-09-22,1727.83,127.83,1758.52,96.63,96.629997,aus veröffentlichtem Cash-Erlös (geteilt durch Index-Verhältniszahl),1.5148419999999998,1.5148,1762.64,4.12,2222.02,676.87,299.67,1116.1,67.61,proj,starmer,Rachel Reeves,gb_auctions,22
2026-06-11,2026-06-12,4% Treasury Gilt 2029,Gilt,PAOF,0.04,2029-05-22,6250.0,1250.0,6178.24,98.852,98.852,veröffentlicht (Durchschnittskurs bzw. Emissionskurs),4.419486,4.4195,6192.52,14.27,6250.0,807.48,807.48,807.48,807.48,calc,starmer,Rachel Reeves,gb_auctions,21
2026-06-16,2026-06-17,4 7/8% Treasury Gilt 2036,Gilt,PAOF,0.04875,2036-07-31,5312.5,1062.5,5319.51,100.132,100.132,veröffentlicht (Durchschnittskurs bzw. Emissionskurs),4.8583870000000005,4.8584,5364.58,45.07,5312.5,2614.31,2614.31,2614.31,2614.31,calc,starmer,Rachel Reeves,gb_auctions,20
2026-06-24,2026-06-25,4 1/8% Treasury Gilt 2031,Gilt,PAOF,0.04125,2031-03-07,5251.88,1001.88,5216.33,99.323,99.323,veröffentlicht (Durchschnittskurs bzw. Emissionskurs),4.284282999999999,4.2843,5281.08,64.76,5251.88,1054.0,1054.0,1054.0,1054.0,calc,starmer,Rachel Reeves,gb_auctions,19
2026-06-25,2026-06-26,0½% Treasury Gilt 2029,Gilt,TEN,0.005,2029-01-31,1500.0,,1369.56,91.304,91.304,veröffentlicht (Durchschnittskurs bzw. Emissionskurs),4.062271,4.0623,1372.58,3.02,1500.0,149.92,149.92,149.92,149.92,calc,starmer,Rachel Reeves,gb_tenders,13
2026-07-01,2026-07-02,0 1/8% Index-linked Treasury Gilt 2031,IL Gilt,AUK,0.00125,2031-08-10,1250.0,,1693.48,95.98,95.979823,aus veröffentlichtem Cash-Erlös (geteilt durch Index-Verhältniszahl),0.9327679999999999,0.9328,1694.35,0.87,1972.56,291.12,112.58,483.38,71.17,proj,starmer,Rachel Reeves,gb_auctions,18
2026-07-02,2026-07-03,4 5/8% Green Gilt 2037,Green Gilt,AUK,0.04625,2037-03-06,3250.0,,3167.29,97.455,97.455,veröffentlicht (Durchschnittskurs bzw. Emissionskurs),4.933705,4.9338,3213.85,46.56,3250.0,1687.54,1687.54,1687.54,1687.54,calc,starmer,Rachel Reeves,gb_auctions,17
2026-07-07,2026-07-08,4 1/8% Treasury Gilt 2033,Gilt,PAOF,0.04125,2033-03-07,4848.0,848.0,4738.99,97.751,97.751,veröffentlicht (Durchschnittskurs bzw. Emissionskurs),4.518627,4.5186,4805.81,66.84,4848.0,1442.05,1442.05,1442.05,1442.05,calc,starmer,Rachel Reeves,gb_auctions,16
2026-07-08,2026-07-09,0 1/8% Treasury Gilt 2028,Gilt,TEN,0.00125,2028-01-31,750.0,,706.57,94.209,94.209,veröffentlicht (Durchschnittskurs bzw. Emissionskurs),3.988603,3.9889,706.98,0.41,750.0,44.9,44.9,44.9,44.9,calc,starmer,Rachel Reeves,gb_tenders,11
2026-07-08,2026-07-09,4¾% Treasury Gilt 2030,Gilt,TEN,0.0475,2030-12-07,750.0,,761.66,101.555,101.555,veröffentlicht (Durchschnittskurs bzw. Emissionskurs),4.357853,4.3579,764.78,3.11,750.0,145.54,145.54,145.54,145.54,calc,starmer,Rachel Reeves,gb_tenders,12
2026-07-16,2026-07-17,4 7/8% Treasury Gilt 2036,Gilt,PAOF,0.04875,2036-07-31,4520.5,270.5,4462.37,98.714,98.714,veröffentlicht (Durchschnittskurs bzw. Emissionskurs),5.039772,5.0398,4518.98,56.62,4520.5,2270.4,2270.4,2270.4,2270.4,calc,starmer,Rachel Reeves,gb_auctions,15
2026-07-21,2026-07-22,4% Treasury Gilt 2029,Gilt,AUK,0.04,2029-05-22,5000.0,,4938.76,98.775,98.775,veröffentlicht (Durchschnittskurs bzw. Emissionskurs),4.463072,4.4631,4971.9,33.15,5000.0,628.1,628.1,628.1,628.1,calc,starmer,Rachel Reeves,gb_auctions,14
2026-07-23,2026-07-24,4% Treasury Gilt 2063,Gilt,TEN,0.04,2063-10-22,500.0,,367.92,73.584,73.584,veröffentlicht (Durchschnittskurs bzw. Emissionskurs),5.721633000000001,5.7216,373.0,5.08,500.0,877.0,877.0,877.0,877.0,calc,starmer,Rachel Reeves,gb_tenders,10
2026-07-28,2026-07-29,0 1/8% Treasury Gilt 2028,Gilt,TEN,0.00125,2028-01-31,750.0,,707.01,94.26799999999999,94.268,veröffentlicht (Durchschnittskurs bzw. Emissionskurs),4.089608999999999,4.0895,707.0,-0.01,750.0,44.4,44.4,44.4,44.4,calc,starmer,Rachel Reeves,gb_tenders,8
2026-07-28,2026-07-29,4¼% Treasury Gilt 2040,Gilt,TEN,0.0425,2040-12-07,750.0,,669.24,89.23299999999999,89.233,veröffentlicht (Durchschnittskurs bzw. Emissionskurs),5.332198,5.3321,673.78,4.53,750.0,538.41,538.41,538.41,538.41,calc,starmer,Rachel Reeves,gb_tenders,9
2026-08-04,2026-08-05,4 5/8% Treasury Gilt 2032,Gilt,PAOF,0.04625,2032-03-07,5312.5,1062.5,5315.41,100.055,100.055,veröffentlicht (Durchschnittskurs bzw. Emissionskurs),4.612607,4.6126,5315.42,0.0,5312.5,1370.48,1370.48,1370.48,1370.48,calc,starmer,Rachel Reeves,gb_auctions,13
2026-08-12,2026-08-13,1 1/8% Index-linked Treasury Gilt 2035,IL Gilt,PAOF,0.01125,2035-09-22,1830.78,330.77,1849.25,94.964,94.963744,aus veröffentlichtem Cash-Erlös (geteilt durch Index-Verhältniszahl),1.724771,1.7248,1857.82,8.57,2354.41,727.04,327.36,1192.44,100.52,proj,starmer,Rachel Reeves,gb_auctions,12
2026-08-18,2026-08-19,4 7/8% Treasury Gilt 2036,Gilt,PAOF,0.04875,2036-07-31,4073.78,73.78,3985.67,97.837,97.837,veröffentlicht (Durchschnittskurs bzw. Emissionskurs),5.155281,5.1553,3995.91,10.25,4073.78,2063.83,2063.83,2063.83,2063.83,calc,starmer,Rachel Reeves,gb_auctions,11
2026-08-25,2026-08-26,4 1/8% Treasury Gilt 2033,Gilt,PAOF,0.04125,2033-03-07,5000.0,1000.0,4823.21,96.464,96.464,veröffentlicht (Durchschnittskurs bzw. Emissionskurs),4.7609129999999995,4.7609,4919.6,96.4,5000.0,1524.15,1524.15,1524.15,1524.15,calc,starmer,Rachel Reeves,gb_auctions,10
2026-09-03,2026-09-04,1 7/8% Index-linked Treasury Gilt 2049,IL Gilt,AUK,0.01875,2049-09-22,900.0,,853.22,89.16,89.160167,aus veröffentlichtem Cash-Erlös (geteilt durch Index-Verhältniszahl),2.49633,2.4963,861.31,8.09,1523.04,1200.91,532.97,2204.83,104.64,proj,starmer,Rachel Reeves,gb_auctions,9
2026-09-10,2026-09-11,4 5/8% Treasury Gilt 2030,Gilt,AUK,0.04625,2030-04-22,5000.0,,4973.3,99.46600000000001,99.466,veröffentlicht (Durchschnittskurs bzw. Emissionskurs),4.786292,4.7863,5063.02,89.72,5000.0,861.98,861.98,861.98,861.98,calc,starmer,Rachel Reeves,gb_auctions,8
2026-09-15,2026-09-16,0½% Treasury Gilt 2029,Gilt,TEN,0.005,2029-01-31,1250.0,,1130.34,90.427,90.427,veröffentlicht (Durchschnittskurs bzw. Emissionskurs),4.818542,4.8185,1131.14,0.8,1250.0,134.49,134.49,134.49,134.49,calc,starmer,Rachel Reeves,gb_tenders,6
2026-09-15,2026-09-16,4¼% Treasury Gilt 2040,Gilt,TEN,0.0425,2040-12-07,750.0,,648.87,86.516,86.516,veröffentlicht (Durchschnittskurs bzw. Emissionskurs),5.640459,5.6404,657.67,8.8,750.0,554.52,554.52,554.52,554.52,calc,starmer,Rachel Reeves,gb_tenders,7
2026-09-22,2026-09-23,4 5/8% Treasury Gilt 2032,Gilt,PAOF,0.04625,2032-03-07,5527.75,777.75,5469.86,98.95299999999999,98.953,veröffentlicht (Durchschnittskurs bzw. Emissionskurs),4.843323,4.8433,5504.1,34.23,5527.75,1452.7,1452.7,1452.7,1452.7,calc,starmer,Rachel Reeves,gb_auctions,7
2026-09-29,2026-09-30,4 7/8% Treasury Gilt 2036,Gilt,PAOF,0.04875,2036-07-31,5312.5,1062.5,5108.18,96.154,96.154,veröffentlicht (Durchschnittskurs bzw. Emissionskurs),5.382858,5.3829,5151.11,42.93,5312.5,2751.23,2751.23,2751.23,2751.23,calc,starmer,Rachel Reeves,gb_auctions,6
